transaction_id,day_of_week,is_weekend,is_month_start,is_month_end,location_type,account_type,account_balance,monthly_income,age,num_prev_withdrawals,hour_of_day,nearby_shops,withdrawal_amount
TXN000001,6,1,1,1,0,0,62731.48,111961.9,40,9,21,20,3195.79
TXN000002,3,0,0,1,2,2,4435.3,145081.24,67,12,8,16,4693.89
TXN000003,4,0,0,1,2,1,18154.96,75832.92,28,4,0,15,3197.41
TXN000004,6,1,1,1,1,0,29688.05,57567.61,53,5,17,4,4052.19
TXN000005,2,0,1,0,0,2,68492.9,82696.32,29,9,5,43,4250.88
TXN000006,4,0,0,0,1,0,87648.56,111981.21,26,14,11,45,3687.87
TXN000007,4,0,0,0,2,0,79949.93,10096.67,41,12,22,9,2570.31
TXN000008,6,1,0,0,1,1,18617.05,134209.64,35,14,2,12,2960.21
TXN000009,1,0,0,1,1,0,56757.87,134090.8,44,12,0,46,2794.19
TXN000010,2,0,0,1,2,2,3487.25,85781.71,26,1,6,5,5308.27
TXN000011,6,1,1,1,0,2,31398.41,27133.03,50,0,17,36,4241.96
TXN000012,2,0,0,0,1,0,80695.39,104052.81,23,6,11,15,4017.03
TXN000013,2,0,0,0,2,0,45938.24,29298.39,68,0,21,5,2758.97
TXN000014,4,0,1,0,1,1,15419.16,81056.6,50,13,19,28,1940.98
TXN000015,3,0,0,1,2,1,44136.06,23108.2,57,6,15,24,3647.59
TXN000016,2,0,0,1,2,1,20204.28,92469.15,23,12,19,22,3938.06
TXN000017,5,1,1,0,2,2,39622.55,54529.71,21,0,6,10,5506.96
TXN000018,4,0,0,0,0,1,49039.43,126338.8,20,8,16,28,4152.7
TXN000019,1,0,1,1,0,2,35281.03,121992.46,30,12,3,20,4638.5
TXN000020,3,0,0,1,2,1,93728.41,149786.34,43,4,9,25,5836.9
TXN000021,5,1,0,1,0,2,56471.76,46050.44,51,5,5,40,4815.53
TXN000022,5,1,0,0,1,0,84367.82,18652.15,30,13,1,36,3178.05
TXN000023,1,0,1,0,0,2,76192.49,72020.46,64,6,3,10,3823.36
TXN000024,3,0,1,0,0,0,66286.05,21676.47,25,0,17,37,2876.02
TXN000025,4,0,1,0,1,2,49940.43,34989.96,29,7,0,23,3557.91
TXN000026,0,0,1,1,1,2,716.29,93622.02,25,5,0,16,2848.62
TXN000027,3,0,0,1,1,0,61540.03,92898.32,36,11,15,8,3427.72
TXN000028,1,0,1,1,2,2,35917.77,16065.85,58,1,12,7,5073.66
TXN000029,5,1,1,0,1,2,12217.34,72006.67,27,0,13,29,4535.31
TXN000030,4,0,1,1,1,1,44740.31,84230.62,49,14,10,6,2007.5
TXN000031,3,0,0,1,1,0,73687.56,47523.39,38,0,19,36,3957.28
TXN000032,0,0,0,1,2,0,96186.94,132086.05,40,3,7,48,6234.53
TXN000033,0,0,1,1,0,1,37723.44,32553.81,44,2,9,22,3126.68
TXN000034,2,0,1,1,2,1,54500.97,45546.25,42,14,15,8,3026.53
TXN000035,2,0,0,0,0,0,85198.82,31979.22,24,13,6,18,1955.16
TXN000036,6,1,1,1,1,0,33732.94,26316.53,59,10,4,43,2225.59
TXN000037,1,0,1,1,2,0,14654.6,133057.09,52,5,9,7,3043.46
TXN000038,3,0,1,0,2,1,28547.24,48900.28,19,9,17,47,3043.35
TXN000039,3,0,1,0,0,1,89962.72,111153.36,45,12,6,45,3712.98
TXN000040,6,1,0,1,2,2,16359.61,69917.53,24,7,3,13,4296.16
TXN000041,5,1,0,1,2,1,33257.5,99022.29,59,0,9,27,6436.67
TXN000042,5,1,0,1,0,2,46731.71,139944.67,57,11,17,34,5357.68
TXN000043,6,1,1,1,2,2,84787.77,128245.1,29,6,17,6,6700.54
TXN000044,5,1,1,0,2,1,93802.47,19658.09,69,7,2,5,3683.22
TXN000045,2,0,0,1,1,1,42868.13,128328.35,34,4,12,29,4816.75
TXN000046,3,0,0,0,1,1,93229.43,73255.29,39,7,13,36,4704.64
TXN000047,6,1,0,1,1,1,16565.18,59020.4,26,12,21,15,3607.04
TXN000048,3,0,1,1,1,0,16106.8,104134.31,69,10,13,42,2510.94
TXN000049,0,0,0,1,1,1,94950.46,143029.1,20,0,0,0,5407.13
TXN000050,2,0,1,0,2,2,51213.17,23178.97,39,1,4,41,4471.67
TXN000051,4,0,1,1,2,2,18997.83,117530.78,53,3,9,16,4270.67
TXN000052,2,0,0,1,1,0,49055.04,38491.12,56,0,13,6,2974.87
TXN000053,6,1,0,0,0,0,78429.51,63219.06,35,12,18,34,3080.3
TXN000054,4,0,1,1,1,1,82778.58,132335.22,34,4,22,4,4322.03
TXN000055,0,0,0,0,2,0,86464.94,86411.89,44,9,6,26,3925.93
TXN000056,6,1,0,1,0,1,57172.3,19443.93,52,2,14,29,3992.66
TXN000057,1,0,1,0,1,1,86761.13,81126.8,49,1,20,43,5171.7
TXN000058,3,0,1,0,0,0,51248.01,120549.87,20,6,8,41,2497.41
TXN000059,0,0,1,0,1,0,60902.46,84043.28,30,1,9,34,4277.98
TXN000060,3,0,1,1,2,2,75992.62,33364.49,34,8,7,15,4296.41
TXN000061,5,1,1,0,1,0,42830.81,72305.75,35,5,8,5,4101.72
TXN000062,1,0,0,0,0,0,7821.36,139408.35,68,7,10,15,2174.11
TXN000063,1,0,1,1,2,0,35341.55,102148.56,34,2,21,7,4009.95
TXN000064,0,0,1,0,1,2,62582.45,112184.11,65,4,7,19,4022.36
TXN000065,1,0,1,1,1,1,19637.07,120031.11,33,2,17,30,4148.98
TXN000066,4,0,0,1,1,2,15264.34,22697.08,39,8,4,19,3269.28
TXN000067,1,0,1,0,1,0,29661.51,91415.12,42,0,7,8,2702.07
TXN000068,3,0,1,0,2,0,3695.09,62628.13,18,7,1,29,2354.22
TXN000069,3,0,1,1,2,0,74470.58,29482.28,44,5,17,12,4015.76
TXN000070,6,1,0,0,1,1,26242.2,38379.34,31,6,18,25,3622.35
TXN000071,3,0,1,0,2,2,12861.72,119362.47,45,1,17,1,4805.5
TXN000072,6,1,1,0,0,2,70063.38,32608.47,64,6,19,40,4635.61
TXN000073,3,0,1,0,2,1,84371.34,53738.61,53,13,15,44,3722.63
TXN000074,4,0,0,1,0,2,2477.62,49882.27,69,0,3,45,3164.48
TXN000075,6,1,0,1,0,1,23743.18,16808.25,60,6,16,23,4177.62
TXN000076,2,0,0,0,2,1,94550.62,74702.18,67,10,5,12,4147.1
TXN000077,5,1,0,1,1,2,38832.79,117230.18,49,7,11,15,5586.77
TXN000078,0,0,1,0,2,2,93889.91,13101.37,46,1,6,17,4997.01
TXN000079,3,0,1,0,0,1,27784.15,25757.2,34,14,22,15,1333.04
TXN000080,1,0,0,0,0,2,22197.73,110826.14,45,9,13,1,3574.57
TXN000081,3,0,0,0,2,1,21803.79,93101.34,58,1,11,0,3851.86
TXN000082,1,0,1,1,0,2,8980.25,110134.67,38,2,20,9,3955.59
TXN000083,5,1,1,0,2,2,89695.01,42214.55,41,9,19,24,5581.16
TXN000084,5,1,0,1,2,2,97993.58,122527.63,63,3,1,13,7083.26
TXN000085,5,1,0,0,1,2,95473.63,77181.95,52,7,20,16,5521.28
TXN000086,1,0,0,1,0,2,85276.8,95442.28,37,11,3,17,4734.18
TXN000087,3,0,0,1,2,0,84765.35,22901.48,69,2,7,6,3942.86
TXN000088,5,1,1,1,0,0,66278,38704.42,39,12,9,20,3145.86
TXN000089,4,0,0,1,2,2,82708.26,118270.1,21,5,16,28,6907.05
TXN000090,6,1,0,0,2,2,21230.07,41347.18,33,12,6,26,3747.83
TXN000091,1,0,1,1,1,2,39097.31,22954.18,38,9,20,48,3559.77
TXN000092,1,0,1,0,2,1,64263.21,93608.46,61,10,9,3,3592.99
TXN000093,3,0,1,1,1,0,87539.75,86711.11,38,7,20,11,4511.79
TXN000094,1,0,1,1,0,1,66216.71,95105.15,57,9,16,21,3551.38
TXN000095,1,0,1,1,1,0,83982.68,96562.77,58,1,15,39,4739.58
TXN000096,5,1,0,0,1,0,47657.98,80027.63,28,3,12,33,5223.96
TXN000097,3,0,0,1,0,2,71871.72,79128.35,54,14,22,25,3187.03
TXN000098,5,1,0,0,1,2,98008.09,139383.18,61,0,17,27,6475.23
TXN000099,6,1,1,0,1,1,15772.11,84743.44,39,10,4,18,2721.55
TXN000100,6,1,0,0,2,1,92728.61,96422.03,37,7,7,30,5930.56
TXN000101,5,1,1,1,1,2,52475.21,47375.71,19,0,6,13,5690.42
TXN000102,6,1,0,1,2,2,64500.19,131953.05,60,11,17,22,6320.18
TXN000103,3,0,0,1,1,0,87847.97,13411.53,28,8,22,16,2737.61
TXN000104,0,0,1,1,0,0,41260.59,88011.75,38,5,5,22,3089.92
TXN000105,5,1,1,1,0,2,42159.91,63739.04,50,11,12,16,4078.98
TXN000106,4,0,0,1,1,0,52954.59,94546.59,66,13,23,7,2843.29
TXN000107,4,0,0,1,2,1,2400.66,60424.09,34,12,8,37,3035.44
TXN000108,1,0,0,0,1,0,49918.29,110476.31,53,11,22,9,3067
TXN000109,6,1,0,1,2,2,29463.18,12846.4,31,2,7,29,5046.42
TXN000110,4,0,0,0,1,0,92831.44,66824.52,54,12,11,6,3074.08
TXN000111,1,0,1,0,0,2,9229.66,126376.9,48,7,9,1,2574.01
TXN000112,0,0,1,1,0,0,46202.39,45028.1,21,1,6,46,3178.55
TXN000113,3,0,1,1,2,1,94773.08,17385.12,23,10,6,21,4177.51
TXN000114,3,0,1,0,1,1,90153.01,79513.37,67,2,16,4,3270.05
TXN000115,3,0,0,0,2,2,70284.17,146714.68,38,13,4,2,4740.55
TXN000116,4,0,0,1,0,2,59141.42,18982.2,30,6,9,8,4766.09
TXN000117,0,0,1,0,2,2,28432.73,19807.91,55,10,20,4,2336.72
TXN000118,4,0,0,0,1,0,37012.23,93316.32,32,0,19,19,3501.79
TXN000119,6,1,1,0,2,0,9468.42,45009.48,22,8,14,28,3041.74
TXN000120,4,0,0,0,1,0,78717.78,67432.37,55,9,12,5,2846.81
TXN000121,0,0,0,1,1,1,32725.04,126271,41,8,13,3,5009.55
TXN000122,0,0,0,1,0,2,66944.3,37838.82,35,2,16,35,4851.46
TXN000123,6,1,1,0,1,0,36080.68,110701.99,46,13,6,20,2916.41
TXN000124,0,0,1,0,1,1,46700.88,80627.97,49,3,23,16,2999.56
TXN000125,0,0,1,0,1,2,55722.75,136694.08,24,1,20,14,5711.4
TXN000126,3,0,1,1,2,1,80284.31,146214.68,47,9,3,26,4633.4
TXN000127,6,1,0,1,0,2,21510.06,77894.51,55,10,8,38,5356.81
TXN000128,2,0,0,0,2,0,40177.16,91850.59,43,12,18,18,3439.83
TXN000129,2,0,0,0,2,1,13443.12,114417.96,25,14,13,42,3817.11
TXN000130,0,0,0,0,0,1,8038.17,54614.38,42,14,2,2,1134.17
TXN000131,2,0,1,1,2,1,60665.1,41743.65,47,0,3,27,4434.51
TXN000132,2,0,0,0,2,2,19314.56,145055.92,41,12,22,46,4386.88
TXN000133,0,0,0,0,1,2,6450.03,70566.15,47,10,1,21,2737.66
TXN000134,2,0,0,0,2,1,89761.24,10222.72,22,12,7,48,3909.01
TXN000135,4,0,1,0,0,2,53664.28,127280.56,21,7,1,5,4228.85
TXN000136,1,0,1,0,2,1,13895.51,93952.98,68,10,3,30,2622.09
TXN000137,6,1,1,1,1,0,5815.9,33598.2,59,8,1,4,1813.94
TXN000138,1,0,0,1,2,1,12426.08,14219.56,26,14,3,12,2179.04
TXN000139,0,0,1,1,0,1,47398.06,50807.54,50,8,20,48,3443.93
TXN000140,3,0,0,0,1,2,67012.29,139904.19,68,9,8,33,4970.91
TXN000141,6,1,0,1,2,2,64307.37,140688.76,46,12,1,49,6247.97
TXN000142,0,0,0,0,0,2,14870.1,53540.49,48,14,19,9,1543.4
TXN000143,3,0,1,1,0,0,63532.15,127030.34,61,4,21,39,3331.33
TXN000144,1,0,1,1,2,0,40784.13,71858.35,36,4,16,39,3496.38
TXN000145,0,0,0,0,2,0,46742.01,101608.26,62,14,0,49,2619.26
TXN000146,6,1,0,0,1,2,80242.33,56822.14,64,4,22,43,5652.82
TXN000147,6,1,1,0,2,1,33583.69,82236.16,19,5,5,27,4471.82
TXN000148,5,1,1,1,1,1,15126.41,51129.12,37,3,15,20,4253.26
TXN000149,4,0,1,0,2,1,87408.59,18556.01,29,1,3,36,4906.78
TXN000150,2,0,0,1,0,2,21606.99,29512.95,67,1,4,35,3438.13
TXN000151,3,0,0,1,0,2,29755.97,50694.43,38,11,4,27,3249.9
TXN000152,5,1,0,1,0,0,70805.71,146675.53,48,5,8,12,4945.07
TXN000153,2,0,1,0,0,2,68513.26,145194.1,53,4,4,35,4425.97
TXN000154,2,0,1,0,1,1,80139.8,125872.87,37,3,1,0,3905.86
TXN000155,0,0,1,0,0,0,18794.73,42550.85,61,5,6,42,923.9
TXN000156,2,0,0,1,1,0,35551.85,71824.3,37,12,14,8,2931.07
TXN000157,4,0,0,1,1,2,13025.38,71569.6,62,3,22,48,4067.58
TXN000158,6,1,1,0,1,0,54333.4,64176.25,53,9,7,19,3282.96
TXN000159,5,1,0,1,2,0,29610.77,16283.24,63,3,2,42,4113.75
TXN000160,2,0,1,1,1,2,69049.1,84833.83,35,5,10,41,5149.05
TXN000161,0,0,0,1,2,0,534.26,20193.68,23,10,22,16,1607.92
TXN000162,4,0,1,0,1,1,6438.46,122268.62,50,12,9,2,2543.21
TXN000163,1,0,0,1,2,2,43539.75,106783,27,3,3,31,5731.88
TXN000164,6,1,0,1,2,1,95839.32,59383.18,35,12,11,34,6167.9
TXN000165,6,1,1,0,0,1,89139.71,100599.09,68,8,12,5,4252.21
TXN000166,5,1,1,0,1,1,99403.9,42625.18,51,14,6,5,3475.12
TXN000167,6,1,1,0,2,1,41974.61,47135.01,32,12,18,24,3993.26
TXN000168,2,0,1,0,0,0,5133.56,53978.69,20,6,15,27,1487.03
TXN000169,0,0,1,0,1,0,30942.64,121581.62,25,11,9,38,2336.28
TXN000170,6,1,0,0,0,2,67739.2,39496.79,68,12,6,0,3563.68
TXN000171,6,1,1,1,2,2,13948.8,88789.37,28,5,2,39,5333.26
TXN000172,1,0,1,1,0,1,30347.23,38065.4,63,14,1,15,1581.62
TXN000173,1,0,1,1,0,1,6088.53,49905.24,49,2,0,19,2410.07
TXN000174,3,0,0,1,1,2,47759.22,42967.38,65,10,21,23,3756.51
TXN000175,4,0,1,0,2,2,21287.61,100300.65,59,11,15,14,2981.48
TXN000176,2,0,1,1,1,2,9579.18,83742.05,34,3,12,9,4529.45
TXN000177,6,1,1,0,1,2,41415.97,110981.88,64,12,2,11,4727.37
TXN000178,6,1,0,0,0,1,35446.93,40792.08,47,1,13,36,4209.02
TXN000179,0,0,0,1,2,2,53983.01,11280.8,60,2,17,34,5038.34
TXN000180,3,0,1,1,1,0,75029.35,105271.34,25,10,10,26,4203.72
TXN000181,4,0,0,0,2,1,11700.59,26079.55,57,0,18,12,3384.91
TXN000182,3,0,1,0,1,0,79217,44482.73,24,8,23,29,2579.37
TXN000183,5,1,0,0,0,2,3115.85,52796.06,37,9,2,2,3246.25
TXN000184,4,0,1,0,1,0,44588.64,114552.29,29,2,19,34,2929.36
TXN000185,6,1,0,1,1,2,58949.31,97624.85,38,7,1,47,5718.62
TXN000186,6,1,1,0,1,0,95721.37,35797.16,45,3,23,11,3771.05
TXN000187,4,0,1,1,2,1,57605.34,93704.29,45,10,5,49,4863.48
TXN000188,6,1,0,0,0,0,16295.54,109140.72,33,7,23,28,2283.46
TXN000189,2,0,1,0,2,1,51995.41,64445.61,65,6,3,29,3158.29
TXN000190,4,0,1,0,1,0,39880.5,44433.41,27,3,12,21,2375.31
TXN000191,3,0,1,1,0,0,48195.88,105057.59,39,14,7,16,2041.65
TXN000192,4,0,1,0,2,1,20111.15,95524.77,24,6,14,26,3985.07
TXN000193,6,1,0,1,1,1,50332.29,20907.7,21,11,0,21,3700.72
TXN000194,2,0,1,1,0,2,15428.96,103335.15,41,7,15,48,4525.84
TXN000195,2,0,0,1,0,1,74532.29,78392.51,51,9,20,48,3567.12
TXN000196,5,1,0,0,1,1,59593.67,115471.65,58,2,19,6,4858.71
TXN000197,3,0,0,1,0,2,8313.51,36700.46,64,4,4,45,3497.61
TXN000198,1,0,0,1,0,1,89016.64,46150.3,31,14,12,10,3849.54
TXN000199,1,0,1,0,2,1,61829.77,86063.78,61,10,16,15,3217.95
TXN000200,4,0,1,0,0,0,31952.65,77442.69,66,14,1,35,1039.34
TXN000201,5,1,0,1,2,2,5041.42,64091.15,34,2,12,21,5790.09
TXN000202,0,0,1,1,2,2,63406.56,114444.66,62,6,1,39,6064.4
TXN000203,4,0,0,0,2,0,37657.31,89065.22,25,5,10,36,3780.96
TXN000204,5,1,1,1,2,2,90808,109438.06,59,0,14,2,7783.74
TXN000205,3,0,1,1,0,0,3970.34,31455.69,30,9,8,34,1290.62
TXN000206,3,0,1,1,0,1,4390.69,112058.36,24,4,21,48,3128.96
TXN000207,3,0,0,0,2,2,94955.28,74613.94,20,12,18,37,5772.86
TXN000208,3,0,0,1,0,1,96504.96,14727.51,41,12,3,41,2831.49
TXN000209,3,0,1,0,2,2,3260.35,42828.82,64,3,16,40,2725.87
TXN000210,5,1,0,0,2,1,71745.31,13605.89,41,14,14,37,4120.16
TXN000211,5,1,0,0,2,2,22538.74,73962.43,24,1,6,23,5100.58
TXN000212,2,0,1,1,1,2,70288.58,55623.17,47,0,22,33,4119.76
TXN000213,1,0,0,0,0,1,86938.91,148242.94,22,11,12,34,4958.22
TXN000214,6,1,1,1,0,0,10532.73,131590.58,57,12,7,10,2255.12
TXN000215,3,0,1,0,2,2,24257.26,125593.92,38,11,0,14,3363.61
TXN000216,0,0,1,1,0,0,2895.73,80156.32,66,11,8,13,1225.15
TXN000217,6,1,0,1,2,0,4861.07,122992.25,25,6,17,44,5013.95
TXN000218,5,1,1,1,0,0,3446.98,47361.75,24,6,16,16,2615.72
TXN000219,0,0,1,0,2,0,80167.89,88490.93,56,5,16,20,3929.1
TXN000220,0,0,0,1,2,0,30180.12,65008.53,19,12,7,27,3536.48
TXN000221,0,0,0,1,1,0,49574.54,33987.87,60,4,2,42,2731.48
TXN000222,2,0,0,0,2,2,78890.5,20165.88,29,8,21,37,4429.39
TXN000223,5,1,0,0,1,0,49746.89,88150.57,45,1,21,21,3024.64
TXN000224,0,0,1,1,0,2,43205.01,23669.48,61,10,10,33,3456.12
TXN000225,3,0,0,0,0,2,1651.53,110520.43,36,10,1,0,1999.01
TXN000226,4,0,0,0,1,2,57019.93,139005.59,45,13,1,22,4848.86
TXN000227,0,0,0,0,0,1,12911.94,32694.86,52,2,15,31,2665.33
TXN000228,2,0,0,1,1,0,76582.5,75931.4,29,8,16,3,4291
TXN000229,6,1,1,0,0,1,26144.9,113428.44,45,11,8,40,3629.48
TXN000230,5,1,0,1,1,0,67581.65,50157.55,43,12,0,42,3775.48
TXN000231,2,0,1,0,1,1,64799.24,138907.03,55,1,21,5,4290.45
TXN000232,0,0,0,0,2,2,61859.22,134385.18,23,2,11,15,6463.67
TXN000233,5,1,1,1,0,1,27061.72,24525.61,36,5,5,9,3241.48
TXN000234,4,0,1,0,2,2,27075.43,13835.97,44,9,10,34,3193.29
TXN000235,0,0,0,0,1,1,86373.28,146704.19,26,6,5,23,4668.03
TXN000236,2,0,1,0,2,0,1774.33,143906.5,58,1,19,9,3028.69
TXN000237,1,0,0,0,1,0,18561.5,69119.98,67,12,4,11,1739.04
TXN000238,3,0,1,1,0,1,61212.01,17078.87,27,13,12,32,2854.87
TXN000239,6,1,1,1,0,1,81796.1,96642.58,27,7,0,26,4672.91
TXN000240,2,0,1,1,0,0,36155.38,51077.42,50,8,15,24,1561.86
TXN000241,5,1,0,1,1,1,65517.62,141141.22,35,12,18,9,5240.17
TXN000242,0,0,1,1,2,1,55937.06,121252.67,27,13,10,24,4249.73
TXN000243,3,0,0,1,0,0,6921.74,100943.13,24,0,21,31,2449.11
TXN000244,0,0,1,1,1,2,62364.14,49830.54,57,5,1,41,4320.08
TXN000245,5,1,1,0,2,0,81483.4,108177.6,49,3,0,25,4488.41
TXN000246,0,0,1,1,1,0,99248.61,50483.56,60,9,12,3,3814.87
TXN000247,1,0,1,1,1,1,3449.19,15268.34,23,10,16,8,2498.15
TXN000248,3,0,1,1,0,0,66175.79,81180.84,36,9,13,26,2760.74
TXN000249,3,0,1,0,1,0,41747.68,78415.84,58,4,16,8,1644.88
TXN000250,5,1,0,1,1,1,1473.89,116820.84,60,5,9,43,4303.3
TXN000251,6,1,0,1,2,1,61628.91,131194.34,51,5,16,25,6120.29
TXN000252,1,0,0,1,0,2,12681.52,59625.59,60,14,12,10,2950.7
TXN000253,2,0,1,0,1,0,38167.4,72926.22,22,6,5,37,2862.58
TXN000254,0,0,0,1,1,2,26506.03,75856.06,36,8,3,31,4175.05
TXN000255,4,0,1,0,2,2,36435.76,55391.37,66,11,3,29,3523.69
TXN000256,0,0,0,0,1,2,49523.21,114074.17,67,3,13,38,6021.11
TXN000257,0,0,0,0,1,2,36241.35,83094.17,31,8,3,8,3633.38
TXN000258,2,0,1,0,1,0,55496.82,137953.81,27,0,23,10,3321.22
TXN000259,0,0,1,1,1,0,24245.64,101043.51,66,8,22,22,1879.09
TXN000260,1,0,0,0,1,0,63718.5,39665.52,28,11,4,16,2478.54
TXN000261,1,0,0,0,2,2,85449.42,33073.21,48,7,13,31,5659.68
TXN000262,3,0,0,1,1,1,22794.67,62133.81,19,14,14,10,2947.77
TXN000263,5,1,0,0,1,0,51033.78,58569.72,27,1,22,21,3609.92
TXN000264,6,1,1,0,1,2,65044.63,66998.46,38,14,7,49,4527.25
TXN000265,4,0,0,0,1,2,56680.3,35702.75,18,6,23,31,3475.32
TXN000266,0,0,1,0,0,2,36882.12,146951.17,63,6,10,8,3810.84
TXN000267,0,0,1,0,0,2,64398.87,30399.37,48,1,6,16,3679.95
TXN000268,2,0,0,0,0,2,3310.5,101370.83,28,7,22,24,2863.38
TXN000269,5,1,1,1,0,2,37305.67,11829.69,60,5,12,15,4750.03
TXN000270,1,0,0,1,2,0,53494.92,66974.55,27,14,13,45,4054.71
TXN000271,4,0,1,1,0,1,2551.01,53285.68,37,5,8,32,2107.32
TXN000272,3,0,1,1,2,0,51011.06,63483.45,38,11,14,1,3437.98
TXN000273,1,0,0,0,0,0,65598.32,79730.83,54,10,20,42,2233.49
TXN000274,5,1,1,0,2,2,76041.17,94052.5,54,14,7,38,5324.79
TXN000275,6,1,1,0,0,0,11780.72,91691.59,31,4,1,41,2258.14
TXN000276,3,0,0,1,1,1,99061.21,98299.91,22,11,11,11,5155.11
TXN000277,6,1,1,1,0,1,60813.69,128236.68,23,10,15,42,5251.61
TXN000278,2,0,1,0,0,2,36637.78,134140.4,41,14,7,33,4195.32
TXN000279,2,0,0,0,0,1,25284.74,113215.04,33,7,0,24,2320.5
TXN000280,0,0,0,1,1,2,57503.24,21051.91,40,14,16,13,3926.2
TXN000281,6,1,1,1,2,1,88230.31,144580.93,64,12,23,8,5479.14
TXN000282,5,1,1,1,2,1,52296.26,142635.73,55,9,18,29,5407.22
TXN000283,4,0,1,1,1,0,66316.47,109638.53,69,8,19,11,3097.14
TXN000284,3,0,0,0,0,1,36090.8,82441.47,33,13,12,9,2863.63
TXN000285,1,0,1,1,0,2,39121.15,45086.57,68,4,22,23,2959.17
TXN000286,5,1,1,1,0,1,28974.42,115889.16,69,13,14,33,3263.16
TXN000287,5,1,1,0,2,1,70710.91,132900.43,30,0,12,11,6966.39
TXN000288,2,0,1,0,2,0,36239.16,103126.26,68,10,2,25,1743.95
TXN000289,6,1,1,0,1,2,19476.28,98070.17,62,5,15,31,4868.58
TXN000290,0,0,1,1,1,2,37255.36,37020.66,25,11,8,34,3864.75
TXN000291,0,0,0,1,2,2,85455.81,60091.51,55,11,18,12,4833.93
TXN000292,3,0,0,1,0,0,73956.08,111239.07,49,0,7,18,4105.8
TXN000293,2,0,1,1,0,1,33796.76,12365.82,39,12,7,12,1854.34
TXN000294,5,1,1,0,0,2,90727.49,99777,34,4,13,21,5105.27
TXN000295,4,0,0,0,0,1,7945.85,117333.84,22,5,18,47,3373.4
TXN000296,2,0,0,1,1,1,5450.5,56858.63,25,2,12,22,3918.46
TXN000297,3,0,0,1,1,1,13183.3,20663.49,67,11,2,0,1580.97
TXN000298,3,0,1,1,2,0,12087.25,124676.71,47,0,4,7,3757.88
TXN000299,2,0,1,0,1,1,9239.51,29857.16,36,1,7,44,2840
TXN000300,3,0,1,1,0,0,66303.59,61912.15,29,13,5,38,3067.66
TXN000301,2,0,1,0,2,0,60283.82,109015.57,42,11,4,33,2774.65
TXN000302,1,0,0,1,1,0,64936.75,124378.04,61,11,20,12,3335.47
TXN000303,2,0,0,0,1,2,68992.42,130733.47,30,10,11,43,5812.63
TXN000304,6,1,0,0,1,0,75809.54,84258.41,21,11,5,48,4520.31
TXN000305,2,0,0,1,1,2,21114.1,76622.04,27,2,7,40,4112.87
TXN000306,3,0,1,0,1,0,62419.2,128764.42,65,2,21,9,2443.34
TXN000307,6,1,1,0,0,0,58214.84,88830.79,45,1,22,2,3042.91
TXN000308,3,0,0,1,0,0,94394.17,91011.1,22,5,6,27,5023.92
TXN000309,0,0,0,0,0,0,23620.59,70756.27,45,6,13,26,1832.28
TXN000310,0,0,0,1,1,1,6342.93,62193.96,61,4,8,20,3498.37
TXN000311,6,1,0,0,2,1,65522.76,77275.72,48,6,16,10,5176.25
TXN000312,1,0,0,0,0,0,74147.2,61078.65,33,11,18,23,2665.29
TXN000313,0,0,1,0,0,1,28678,58096.5,40,2,5,11,2787.82
TXN000314,2,0,1,0,1,2,57299.42,149113.01,46,14,18,6,4414.8
TXN000315,3,0,0,1,2,1,6423.84,57069.89,64,10,17,41,3707.78
TXN000316,0,0,0,1,0,1,96024.46,45893.72,38,4,20,31,4223.45
TXN000317,0,0,0,1,0,1,11437.53,59549.37,19,12,0,9,1783.75
TXN000318,1,0,1,0,2,0,7223.27,92709.39,40,2,4,27,2868.96
TXN000319,6,1,1,0,1,2,4888.96,137538.67,33,3,12,25,5246.14
TXN000320,6,1,1,1,2,0,43013.55,120301,28,5,10,28,5481.17
TXN000321,5,1,0,1,1,2,10167.39,127913.76,26,11,23,26,4089.99
TXN000322,1,0,1,1,0,0,74592.5,130261.21,19,13,8,9,3853.29
TXN000323,2,0,0,1,2,1,89937.98,138873.98,35,3,9,3,5701.18
TXN000324,6,1,1,0,2,2,26391.78,42909.97,30,12,21,41,3801.58
TXN000325,3,0,1,1,0,1,63062.93,74171.24,62,3,19,21,3686.1
TXN000326,1,0,1,0,0,2,4712.68,63927.67,25,6,18,9,2501.77
TXN000327,0,0,0,1,1,2,38963.16,63462.78,27,5,23,3,4736.38
TXN000328,3,0,0,0,0,0,29647.74,101319.71,44,11,1,6,772.84
TXN000329,3,0,1,1,0,0,23247.6,66252.43,34,11,7,49,1926.84
TXN000330,0,0,0,1,2,1,64649.99,96286.24,41,12,22,22,3618.15
TXN000331,1,0,0,0,1,1,13457.68,63519.11,38,0,17,2,3171.98
TXN000332,0,0,0,0,0,2,86140.7,53557.95,18,7,17,23,4440.16
TXN000333,5,1,0,1,2,2,66651.17,59430.8,33,0,1,46,6256.33
TXN000334,3,0,0,0,0,0,71218.15,122525.99,60,11,14,36,3533.3
TXN000335,4,0,0,1,0,0,93566.76,94147.15,50,8,16,29,4414.8
TXN000336,4,0,0,0,0,0,94266.1,146359.68,23,3,22,40,4307.75
TXN000337,2,0,1,1,0,0,55389.41,126571.87,29,6,23,11,3363.9
TXN000338,6,1,0,1,1,0,49790.29,78009.29,49,4,22,20,4028.93
TXN000339,0,0,0,1,2,2,33870.47,43932.69,65,11,14,47,4822.24
TXN000340,0,0,1,1,2,2,71699.38,104347.28,28,9,19,42,6197.7
TXN000341,2,0,1,1,0,1,54051.78,111730.44,35,2,14,16,3900.9
TXN000342,2,0,1,1,2,2,93321.07,74984.64,19,12,12,2,5859.25
TXN000343,2,0,1,1,0,0,24243.28,42189.1,49,7,17,14,1739.11
TXN000344,3,0,0,1,2,2,31370.14,88013.36,66,13,20,35,3927.9
TXN000345,5,1,1,0,1,2,31951,45536.1,66,9,14,31,3393.4
TXN000346,0,0,1,0,1,2,80696.85,141599.76,37,1,17,8,5834.09
TXN000347,3,0,0,0,2,1,10354.51,98043.79,38,14,18,39,2984.76
TXN000348,2,0,0,1,0,1,45837.09,50870.33,53,10,17,49,2674.49
TXN000349,0,0,0,1,0,2,43044.28,40202.3,55,9,23,21,3329.7
TXN000350,3,0,1,1,0,2,7777.39,110341.26,44,2,14,35,4562.89
TXN000351,5,1,0,0,0,0,41374.3,109091.06,64,11,9,31,2494.97
TXN000352,3,0,1,0,1,1,51581.11,93598.51,28,4,21,4,3401.99
TXN000353,5,1,0,0,0,0,6977.92,96002.14,35,4,20,40,3416.95
TXN000354,2,0,0,0,0,0,51231.28,94541.66,34,4,20,47,2595.48
TXN000355,5,1,1,0,0,2,95944.17,60414.48,51,6,15,3,5600.9
TXN000356,0,0,0,1,0,2,97901.98,141238.02,62,7,8,47,5950.89
TXN000357,2,0,0,0,1,2,53402.14,77098.98,43,7,1,4,3655.96
TXN000358,0,0,0,1,2,0,51752.14,12845.91,23,10,12,6,2735.64
TXN000359,4,0,0,1,2,0,28908.06,58770.59,60,2,0,10,2342.6
TXN000360,1,0,0,1,0,0,99712.99,28239.56,47,7,21,38,3059.27
TXN000361,5,1,1,0,0,2,27785.8,60873.73,69,9,23,5,2953.72
TXN000362,1,0,1,0,2,2,45563.68,95156.75,56,12,7,28,5034.08
TXN000363,1,0,0,1,1,2,791.94,13173.03,67,1,5,16,4354.94
TXN000364,5,1,1,0,1,0,35248.61,131828.07,49,3,18,27,3833.95
TXN000365,2,0,1,0,1,0,7608.31,95443.28,34,1,18,37,2434.03
TXN000366,4,0,1,1,1,1,74510.56,51352.06,30,4,1,18,3565.03
TXN000367,0,0,0,1,1,2,56320.94,53568.72,63,2,17,48,5672.98
TXN000368,3,0,0,1,1,0,57431.1,75193.54,58,9,17,43,3215.14
TXN000369,0,0,0,1,1,1,29007.87,44732.85,30,9,22,11,2822.61
TXN000370,3,0,1,1,1,0,81582.18,10607.87,23,10,14,44,3626.51
TXN000371,0,0,1,0,1,0,825.46,13718.04,39,2,15,37,1809.22
TXN000372,5,1,0,1,0,2,33693.32,60083.69,50,4,12,18,4690.5
TXN000373,4,0,0,0,1,1,66120,27391.03,50,3,22,32,3338.26
TXN000374,3,0,1,0,0,0,90838.29,13130.91,21,5,23,44,2139.54
TXN000375,6,1,1,1,2,1,23844.29,130297.7,31,4,4,4,4836.87
TXN000376,2,0,0,1,0,1,54339.46,48379.22,67,9,17,0,2445.5
TXN000377,0,0,1,0,2,2,54030.15,80437.16,65,12,23,34,3021.34
TXN000378,0,0,1,1,0,1,87480.35,35117.27,52,4,4,34,3925.55
TXN000379,3,0,1,0,2,2,5526.43,16541.5,44,2,15,46,3594.68
TXN000380,2,0,1,1,0,2,42735.32,114281.28,23,3,5,46,4488.31
TXN000381,2,0,1,1,0,2,18655.33,27493.96,18,13,6,30,2256.89
TXN000382,5,1,1,0,2,1,2642.49,13600.37,60,11,0,35,1541.44
TXN000383,6,1,1,0,1,0,15129.58,92212.25,45,12,7,39,2334.85
TXN000384,5,1,0,1,1,2,97658.83,11885.46,46,2,6,34,6862.3
TXN000385,5,1,0,1,1,0,21877.43,71080.03,49,2,22,39,3515.84
TXN000386,5,1,1,1,1,1,93535.56,50437.05,45,14,6,11,4758.14
TXN000387,5,1,1,0,1,0,20922.81,54718.52,44,9,6,17,2919.86
TXN000388,5,1,1,1,0,0,93163.88,10545.87,27,8,0,27,3276.13
TXN000389,4,0,0,1,1,2,65634.78,145008.45,35,9,11,12,5501.84
TXN000390,2,0,0,1,0,2,11765.25,82374.83,21,5,22,29,3703.26
TXN000391,5,1,1,1,2,2,58400.56,90151.7,55,14,22,39,5272.19
TXN000392,2,0,0,0,1,1,32192.15,103257.15,68,9,10,16,3807.47
TXN000393,2,0,1,0,1,0,38623.74,121653.05,58,1,15,8,2371.05
TXN000394,1,0,1,0,1,1,44297.01,95107.28,59,0,0,38,3753.26
TXN000395,4,0,1,1,1,1,42559.35,116707.73,69,2,5,21,3436.05
TXN000396,5,1,1,1,0,1,66578.83,72822.94,49,2,23,14,4569.47
TXN000397,0,0,1,1,0,1,76952.62,61978.52,22,3,4,28,3995.11
TXN000398,3,0,1,0,0,2,33253.18,125238.75,39,3,11,15,4762.8
TXN000399,6,1,1,0,2,0,92474.21,131143.47,65,12,16,19,4930.4
TXN000400,0,0,0,0,0,2,93877.4,29292.93,39,13,12,24,4109.87
TXN000401,4,0,1,0,1,2,4548.7,85972.43,19,4,4,39,3233.98
TXN000402,3,0,0,1,2,1,1983.42,105709.94,58,12,14,23,4288.88
TXN000403,4,0,1,0,2,2,42794.1,21703.82,60,3,1,15,4503.95
TXN000404,2,0,1,0,1,0,59269.2,140143.55,51,11,1,15,3246.4
TXN000405,3,0,0,1,1,1,28151.52,82815.37,67,1,19,24,3534.94
TXN000406,2,0,0,0,1,2,26311.67,100364.04,19,10,15,45,4268.92
TXN000407,0,0,1,1,1,1,67994.22,34953.98,63,11,11,47,3189
TXN000408,0,0,0,1,0,0,60369.58,47020.86,53,0,3,0,2598.79
TXN000409,3,0,1,1,2,1,17131.11,26940.17,57,9,22,49,2925.43
TXN000410,3,0,1,1,1,2,88507.85,46959.82,25,6,8,49,5911.61
TXN000411,5,1,0,1,0,2,68157.62,78935.55,50,8,11,32,5840.74
TXN000412,4,0,0,0,1,0,36576.34,126708.14,50,8,1,48,2045.29
TXN000413,5,1,0,0,0,0,68520.66,84721.28,21,10,7,6,3428.08
TXN000414,4,0,0,1,1,1,11708.98,44224.9,35,0,13,37,4198.46
TXN000415,5,1,1,0,1,2,47091.48,16246.95,36,8,23,44,4218.76
TXN000416,2,0,0,1,1,0,17313.95,97075.78,27,13,10,27,3028.3
TXN000417,3,0,0,0,0,0,4622.41,68822.39,67,0,7,38,2061.14
TXN000418,0,0,0,0,1,2,34163.46,147809.54,59,0,8,27,5066.11
TXN000419,4,0,0,0,0,0,15498.18,119166.38,58,1,6,31,2580.37
TXN000420,4,0,0,0,0,0,63535.04,123170.79,47,9,20,23,3756.25
TXN000421,0,0,1,0,2,2,67569.76,11712.9,39,10,22,7,3931.3
TXN000422,5,1,1,0,0,0,15294.88,118891.35,56,14,13,43,2385.71
TXN000423,4,0,0,0,0,2,2948.99,37245.86,55,10,6,31,2402.93
TXN000424,6,1,0,1,0,2,79384.65,92011.42,18,5,9,27,6483.15
TXN000425,2,0,1,1,0,1,704.67,72639.02,47,8,6,47,2448.88
TXN000426,3,0,0,1,0,2,34719.35,90024.54,22,4,23,2,4349.81
TXN000427,0,0,1,0,2,0,49711.04,28682.09,68,8,14,6,1961.46
TXN000428,3,0,1,0,1,1,81954.9,73964.84,64,8,17,5,3371.96
TXN000429,6,1,0,1,2,1,83936.58,15172.26,43,13,12,28,4692.41
TXN000430,4,0,1,1,2,0,72631.47,15739.91,63,7,3,44,3565.53
TXN000431,4,0,0,0,1,1,25096.16,102083.34,48,10,11,13,3495.6
TXN000432,6,1,0,1,0,0,72158.6,143237.77,56,11,19,44,4771.78
TXN000433,0,0,1,1,1,1,25030.65,118835.01,58,6,17,39,3800.25
TXN000434,2,0,1,1,0,0,21853.52,75681.81,29,2,6,18,2526.22
TXN000435,1,0,0,1,1,2,54939.23,17821.9,34,9,21,45,4320.77
TXN000436,0,0,1,0,2,2,68046.02,16302.82,35,2,3,24,4886.91
TXN000437,1,0,0,1,0,1,5778.65,32104.92,19,13,23,36,2176.2
TXN000438,6,1,1,1,2,1,6472.25,146613.47,66,3,21,17,4186.69
TXN000439,5,1,1,1,0,2,78524.98,65812.55,41,8,7,3,4732.33
TXN000440,1,0,0,1,1,0,86019.98,128077.02,45,11,19,0,4199.95
TXN000441,2,0,0,0,1,1,60641.87,108719.94,69,13,17,32,2929.64
TXN000442,5,1,0,1,1,2,43168.39,94760.01,56,13,5,27,5403.42
TXN000443,1,0,1,1,1,1,84608.99,142695.66,27,2,8,40,5898.99
TXN000444,6,1,0,1,1,2,73017.29,42257.62,64,12,11,18,5540.8
TXN000445,5,1,0,1,2,2,58169.62,73684.55,50,7,8,32,6393.92
TXN000446,6,1,1,1,2,2,32315.83,131061.22,41,7,14,14,6067.43
TXN000447,1,0,1,0,0,0,20200.51,87246.58,28,5,12,44,1801.65
TXN000448,6,1,0,1,2,1,42157.97,44502.32,25,1,2,22,5059.2
TXN000449,2,0,0,1,0,0,29038.85,39248.3,44,5,2,28,1967.14
TXN000450,1,0,0,0,0,0,34256.23,115403.34,43,3,18,38,2809.77
TXN000451,1,0,0,1,2,2,51805.29,11790.45,29,13,20,13,4423.71
TXN000452,1,0,1,0,2,0,17324.85,137986.89,52,14,20,29,1999.27
TXN000453,0,0,1,1,0,1,80714.58,12578.52,32,6,12,1,3438.23
TXN000454,0,0,0,0,2,1,14980.18,98338.47,38,10,20,12,3704.78
TXN000455,0,0,0,0,2,2,48358.87,94664.71,54,0,23,39,5387.45
TXN000456,2,0,0,1,2,2,74724.15,90977.56,47,2,11,27,6581.2
TXN000457,5,1,1,0,1,1,48759.56,76408.03,22,13,23,30,2791.05
TXN000458,6,1,0,1,1,1,36421.7,129340.25,34,13,23,11,3697.36
TXN000459,4,0,0,0,0,2,47751.68,102306.6,43,7,5,12,4018.05
TXN000460,1,0,1,0,2,0,84942.73,119460.72,51,0,17,2,4774.38
TXN000461,6,1,1,1,0,1,99047.95,26173.05,50,12,8,28,3504.67
TXN000462,1,0,0,0,2,2,63298.76,16985.81,35,9,21,29,4430.75
TXN000463,2,0,0,1,1,2,79447.68,13993.99,42,11,16,11,4234.05
TXN000464,1,0,1,0,2,1,1941.62,30608.84,58,2,11,20,2537.77
TXN000465,0,0,0,0,2,2,88096.26,103381.1,47,2,20,1,6111.3
TXN000466,4,0,0,1,2,1,95427.95,79163.05,54,11,22,49,5363.13
TXN000467,3,0,1,1,1,2,57729.35,115315.32,37,7,16,15,5108.25
TXN000468,1,0,1,0,1,2,75503.58,36842.25,62,13,14,31,3883.78
TXN000469,6,1,1,1,1,0,51518.1,61374.83,19,0,22,27,4178.7
TXN000470,0,0,0,1,0,2,28977.27,134389.66,30,9,20,8,3847.51
TXN000471,3,0,1,0,2,1,85298.67,141000.04,57,4,20,16,5469.95
TXN000472,4,0,1,0,1,1,59885.25,139042.08,59,6,1,49,4333.43
TXN000473,3,0,0,1,0,0,58148.62,124562.71,37,3,3,18,3416.18
TXN000474,0,0,0,0,1,1,66083.65,106353.02,23,14,8,6,3501.7
TXN000475,5,1,1,1,2,2,85672.31,137914.91,28,9,11,35,7794.12
TXN000476,5,1,1,1,0,0,73324.66,109985.42,63,2,1,39,3883.96
TXN000477,3,0,0,1,1,1,21506.86,143551.07,42,9,23,0,3740.97
TXN000478,2,0,0,1,1,2,46948.94,13470.37,59,5,3,41,3678.9
TXN000479,6,1,1,1,0,0,98039.68,139029.89,27,4,11,35,5591.44
TXN000480,6,1,1,1,0,2,55678.79,87803.68,48,1,1,48,5698.05
TXN000481,3,0,0,0,0,1,93855.41,25651.69,60,5,5,38,3081
TXN000482,1,0,1,1,0,1,81430.26,40087.58,21,10,6,0,3104.31
TXN000483,1,0,0,0,0,1,66769.33,129302.3,42,12,17,47,3943.91
TXN000484,6,1,1,1,1,1,35261.84,80856.37,45,12,23,23,2809.52
TXN000485,6,1,0,0,0,0,30779.78,147594.48,41,12,4,9,2820.68
TXN000486,5,1,0,0,0,1,64520.4,26454.36,52,2,21,10,4034.45
TXN000487,2,0,1,0,2,0,43539.84,67750.48,58,8,21,37,2839.22
TXN000488,0,0,1,1,1,0,79975.99,56462.42,22,2,9,21,4229.29
TXN000489,1,0,0,0,2,2,76165.45,82258.96,50,8,17,30,5289.15
TXN000490,6,1,1,0,1,1,31556.98,98681.29,28,5,10,0,4714.68
TXN000491,5,1,1,1,1,2,70421.51,102628.13,25,7,16,40,6992.94
TXN000492,4,0,1,0,1,2,49707.74,10181.42,38,8,10,10,3218.13
TXN000493,5,1,0,0,0,2,32667.56,22454.46,49,14,4,5,2446.04
TXN000494,1,0,1,1,2,2,41590.18,14908.94,22,7,5,44,4938.81
TXN000495,1,0,1,0,1,2,89587.51,131043.88,51,10,13,16,5499.41
TXN000496,5,1,0,0,1,1,36272.01,53860.92,26,13,15,13,4100.54
TXN000497,0,0,1,1,1,2,29096.23,61388.88,55,1,13,31,4804.26
TXN000498,3,0,1,0,2,0,35504.82,73051.97,60,2,0,19,2208.17
TXN000499,1,0,0,0,1,0,21854.53,128902.62,49,7,23,3,1433.15
TXN000500,5,1,0,0,2,1,54691.18,11983.28,27,4,4,38,5458.96
TXN000501,6,1,1,0,2,0,15169.93,26606.56,29,9,4,46,3340.6
TXN000502,5,1,1,1,0,2,81835.66,105922.84,52,3,7,21,5714.15
TXN000503,2,0,0,1,1,0,22945.23,144944.95,56,5,13,28,3899.63
TXN000504,3,0,0,1,1,2,60006.48,99990.1,35,11,7,41,5166.72
TXN000505,4,0,1,1,2,1,12940.04,46557.29,40,11,8,36,3250.86
TXN000506,0,0,1,0,2,0,97856.09,82781.02,29,12,19,12,3449.78
TXN000507,4,0,1,1,0,0,45730.26,146497.27,48,14,2,14,2496.19
TXN000508,3,0,0,1,1,0,82306.05,83930.72,28,5,9,34,4246.8
TXN000509,3,0,1,0,2,1,76980.46,62291.07,51,13,15,24,3549.98
TXN000510,3,0,0,0,1,1,71512.46,63679.58,44,6,10,2,4196.45
TXN000511,4,0,0,0,1,0,82822.8,145384.69,38,4,1,11,3125.89
TXN000512,6,1,0,1,1,1,10496.13,110648.31,27,0,0,13,4679.82
TXN000513,3,0,1,0,2,2,68010.47,106204.2,30,13,9,39,4808.14
TXN000514,5,1,1,0,1,1,26949.81,42487.61,62,14,20,31,3060.01
TXN000515,4,0,1,0,2,0,78694.23,88327.85,64,12,5,49,3433.8
TXN000516,3,0,0,1,0,2,95708.44,59944.33,42,14,7,3,4063.8
TXN000517,5,1,1,1,0,0,90198.21,43628.21,30,7,5,28,4596.06
TXN000518,6,1,0,1,2,0,11937.75,135377.32,58,13,1,30,3576.24
TXN000519,2,0,0,1,1,0,37270.47,63641.81,23,0,7,31,3989.33
TXN000520,6,1,0,1,0,1,36750.11,49590.2,52,3,20,23,4335.82
TXN000521,3,0,0,1,0,0,12668.48,140440.86,45,2,2,10,2505.47
TXN000522,4,0,0,1,2,2,10263.54,37628.5,37,2,21,29,5015.47
TXN000523,1,0,0,0,2,2,38796.57,114370.67,37,5,11,48,5755.46
TXN000524,3,0,1,0,2,2,99211.12,101384.6,58,7,5,18,5136.56
TXN000525,1,0,0,0,2,0,57109.79,138867.82,21,4,18,35,4497.9
TXN000526,5,1,1,1,2,2,62367.27,126486.6,37,5,6,5,6109.66
TXN000527,2,0,0,1,2,2,47366.38,108741.33,22,11,22,1,5067.83
TXN000528,0,0,1,0,2,2,66401.89,54040.03,39,5,22,38,4487.33
TXN000529,6,1,1,0,1,2,95687.88,79379.66,41,11,23,18,5017.64
TXN000530,2,0,1,1,1,1,59075.45,142229.41,61,0,22,45,4263.12
TXN000531,3,0,1,1,1,0,6971.33,13248.37,34,14,12,47,1372.35
TXN000532,1,0,0,1,1,0,49542.61,121206.46,22,14,3,39,3055.07
TXN000533,6,1,0,1,0,2,99278.75,45253.45,43,6,20,17,5875.3
TXN000534,1,0,0,1,1,0,39046.57,35902.37,53,0,13,40,3364.23
TXN000535,4,0,0,1,0,2,59591.18,42511.45,25,11,3,35,4120.07
TXN000536,1,0,1,1,0,2,11110.36,18365.14,26,13,17,45,2417.63
TXN000537,4,0,1,1,0,2,14547.46,148877.18,34,14,6,49,4480.16
TXN000538,5,1,1,0,2,0,87530.8,131781.68,25,6,12,19,5549.07
TXN000539,6,1,0,1,0,1,30384.29,82947.84,22,12,2,36,4083.5
TXN000540,6,1,1,1,0,0,30892.4,110114.44,27,12,16,0,2963.65
TXN000541,0,0,0,1,0,0,39027.69,87923.35,67,7,0,22,2398.93
TXN000542,3,0,1,0,2,1,96664.63,123621.05,31,3,10,37,5560.3
TXN000543,4,0,1,0,1,0,8896.85,128267.13,44,7,18,19,2153.82
TXN000544,0,0,1,1,1,1,81967.03,42590.66,44,5,6,3,3889.23
TXN000545,1,0,1,0,0,2,34485.01,74364.69,22,5,13,48,4635.8
TXN000546,1,0,1,0,0,1,85022.07,98878.68,32,10,6,37,3183.78
TXN000547,0,0,0,0,1,2,99179.69,146981.72,45,10,23,4,5866.51
TXN000548,6,1,1,1,1,1,35192.41,105576.51,22,8,21,5,3794.9
TXN000549,1,0,0,1,1,2,13370.96,135668.9,39,5,10,25,5358.51
TXN000550,5,1,0,1,1,0,14865.36,128455.69,29,11,18,0,3383.13
TXN000551,5,1,0,1,0,1,75994.72,91488.83,59,10,15,49,5191.73
TXN000552,0,0,0,1,0,0,14919.69,135111.75,25,4,16,14,3171.17
TXN000553,4,0,0,1,0,2,26411.95,62839.04,18,9,13,15,3569.44
TXN000554,4,0,0,1,1,1,20837.64,63099.69,52,9,23,22,2755.17
TXN000555,0,0,0,0,2,1,35890.02,119335.19,33,5,21,40,4209.31
TXN000556,4,0,0,1,1,1,7899.47,28836.11,47,11,14,21,2814.9
TXN000557,6,1,1,1,1,0,85745.88,52815.53,60,7,17,4,3695.88
TXN000558,6,1,1,1,2,2,86084.56,95200.14,58,8,11,42,7057.68
TXN000559,4,0,0,1,2,0,41586.82,68809.18,27,9,12,4,4015.47
TXN000560,5,1,0,1,1,1,61402.71,141701.32,51,12,23,5,4676.77
TXN000561,4,0,0,1,2,2,64374.18,144190.85,69,12,3,1,4655.27
TXN000562,6,1,1,1,2,2,75051.18,80361.38,28,12,9,9,6802.56
TXN000563,2,0,1,1,2,0,52308.66,85468.66,37,9,8,35,4067.66
TXN000564,3,0,0,0,1,0,51278.44,111447.79,60,10,11,45,2896.62
TXN000565,1,0,0,0,1,1,63314.73,74017.09,24,7,3,34,4039.01
TXN000566,2,0,1,1,2,1,70453.32,36613.79,38,7,5,44,3859.94
TXN000567,4,0,1,1,0,1,34995.69,114575.68,28,6,13,22,4271.22
TXN000568,5,1,0,0,2,1,33371.86,113290.02,54,12,3,46,5205.13
TXN000569,0,0,0,1,2,2,27336.98,44297.35,40,0,9,15,5524.35
TXN000570,4,0,0,1,1,1,55110.23,126608.31,61,3,4,36,4457.06
TXN000571,5,1,0,0,0,1,36335.49,95910.89,48,3,6,41,3400.19
TXN000572,3,0,1,1,2,1,54261.17,43082.23,35,11,6,34,4491.65
TXN000573,4,0,1,1,0,0,40895.48,101285.48,41,2,9,47,3426.78
TXN000574,6,1,0,1,1,0,83755.05,42705.33,39,3,21,39,4700.58
TXN000575,0,0,0,0,0,0,7776.46,47132.61,54,11,19,15,1077.85
TXN000576,5,1,0,0,1,1,57434.95,128721.3,64,1,12,4,5019.76
TXN000577,5,1,1,1,2,2,57774.56,140128.82,61,2,14,10,7171.71
TXN000578,5,1,0,0,1,1,38679.87,45963.57,18,2,20,28,4362.72
TXN000579,3,0,0,0,0,0,42391.58,139927.15,67,9,4,47,2605.89
TXN000580,4,0,0,0,0,0,80113.07,43431.84,23,0,15,45,4363.29
TXN000581,3,0,1,1,0,1,28427.03,26417.43,55,6,5,10,1962.15
TXN000582,1,0,0,0,2,2,87204.68,18151.34,46,3,3,45,4938.48
TXN000583,1,0,1,0,0,2,89686.16,43895.85,60,7,5,15,3496.79
TXN000584,4,0,0,0,0,2,65236.62,63934.52,28,8,22,24,3182.92
TXN000585,6,1,0,1,0,0,77399.34,139856.77,33,1,22,49,5801.12
TXN000586,3,0,0,0,1,0,61488.28,43902.12,23,1,15,2,3655.2
TXN000587,0,0,1,0,0,2,52763.28,61165.15,18,1,18,2,3843.17
TXN000588,5,1,0,1,1,1,96684.44,112781.82,65,7,5,0,5336.86
TXN000589,5,1,0,0,0,2,28624.17,52290.37,52,1,10,11,3187.31
TXN000590,4,0,1,0,1,1,15838.02,105811.54,41,5,13,6,2686.4
TXN000591,6,1,1,0,1,0,29104.79,70490.89,55,4,22,42,2744.55
TXN000592,1,0,1,1,2,0,61655.25,37502.29,20,9,14,44,3148.47
TXN000593,1,0,0,1,2,0,18925.75,112768.25,68,8,0,45,4014
TXN000594,5,1,1,0,1,2,90927,13785.44,57,1,3,31,5277.6
TXN000595,4,0,0,0,1,2,41396.93,50926.88,19,0,6,21,4794.98
TXN000596,3,0,1,0,2,0,85071.31,59865.42,68,1,9,11,3745.08
TXN000597,1,0,1,0,1,0,25299.04,74150.56,32,9,0,5,1532.5
TXN000598,3,0,1,0,2,0,31660.25,105181.69,39,4,13,37,3419.67
TXN000599,6,1,0,0,2,2,6392.73,74316.7,63,14,23,38,3531.23
TXN000600,1,0,0,1,0,2,26147.89,93205.38,63,7,5,37,4452.01
TXN000601,1,0,0,0,0,0,49286.22,93409.07,21,7,13,40,3484.01
TXN000602,2,0,0,0,2,2,94640.62,62258.03,41,1,21,20,5716.01
TXN000603,1,0,0,0,2,2,39195.85,140755.98,36,11,18,27,5750.47
TXN000604,0,0,0,1,1,2,64154.52,143819.54,47,12,5,31,5323.48
TXN000605,4,0,0,0,2,2,43057.16,91459.12,39,4,19,26,4778.42
TXN000606,4,0,0,1,2,0,5155.79,20036.72,56,11,19,48,2249.27
TXN000607,3,0,0,0,0,0,50601.5,78757.86,65,14,5,48,1884.96
TXN000608,6,1,1,0,2,2,7058.41,35818.71,57,13,10,14,2932.39
TXN000609,1,0,1,0,1,0,88428.14,77650.03,44,14,21,32,2795.06
TXN000610,0,0,0,0,2,0,75427.18,36387.64,32,12,10,31,4228.29
TXN000611,3,0,0,0,0,0,38175.82,108539.73,69,1,16,45,3328.94
TXN000612,2,0,0,0,0,1,64201.76,21260.08,54,11,19,33,2627.26
TXN000613,3,0,0,1,0,0,11646.8,143462.57,18,6,8,6,3279.72
TXN000614,3,0,1,0,0,0,70404.22,37352.62,29,9,13,12,1687.47
TXN000615,1,0,1,0,2,2,82361.87,102491.89,26,7,5,38,5188.57
TXN000616,2,0,0,0,1,2,82263.69,138374.73,36,4,3,49,5899.27
TXN000617,3,0,1,1,1,1,28785.62,44704.08,35,10,6,5,2571.47
TXN000618,0,0,1,0,1,1,26742.75,140801.57,56,11,9,8,2359.21
TXN000619,0,0,0,1,2,0,52379.07,64414.45,28,0,6,41,4601.49
TXN000620,4,0,0,0,2,0,96793.33,144474.31,28,12,4,3,4530.88
TXN000621,2,0,0,0,2,2,92092.04,145990.94,47,6,3,29,6368.87
TXN000622,2,0,0,1,1,0,36284.03,36331.19,37,14,14,27,2115.89
TXN000623,4,0,1,1,2,0,78093.04,126352.23,69,2,3,20,4552.02
TXN000624,3,0,0,0,2,0,92171.12,37078.94,32,12,14,11,3690.12
TXN000625,2,0,1,1,0,0,26462.18,41701.69,42,1,6,12,1678.96
TXN000626,0,0,0,1,0,0,83114.42,21777.71,66,13,5,49,2216.09
TXN000627,0,0,1,0,1,0,27155.61,31915.17,20,5,3,12,1671.99
TXN000628,1,0,0,0,0,0,34656.57,98510.66,60,1,18,26,2214.55
TXN000629,2,0,0,0,0,0,20282.66,72895.38,43,13,1,27,698.43
TXN000630,3,0,1,1,0,2,50954.44,120732.19,62,9,14,17,5234.72
TXN000631,4,0,1,0,2,1,84409.43,56479.55,45,7,19,36,3655.09
TXN000632,4,0,1,0,0,0,53041.19,145607.44,23,2,22,15,3546.76
TXN000633,3,0,0,1,0,2,12782.28,16982.16,63,1,1,20,2947.13
TXN000634,6,1,1,1,0,0,25551.71,18811.03,49,7,12,9,1849.54
TXN000635,5,1,1,0,2,0,56504.76,108192.49,28,12,13,13,4368.46
TXN000636,1,0,1,1,1,1,58527.15,134255.44,30,12,8,27,4460.26
TXN000637,4,0,1,1,2,2,57902.14,121370.03,34,5,15,28,6548.88
TXN000638,2,0,1,1,2,0,8161.85,78574.39,63,12,21,46,2478.18
TXN000639,1,0,1,0,0,1,75492.74,47749.79,63,3,8,10,3115.88
TXN000640,2,0,1,0,1,1,90988.11,11883.21,53,4,16,29,3576.02
TXN000641,6,1,1,0,0,0,51296.64,81323.2,47,9,21,39,3101.73
TXN000642,0,0,1,1,0,0,72023.51,76589.07,21,14,2,26,2279.55
TXN000643,1,0,0,0,1,2,91444.54,58194.43,31,6,21,48,4535.76
TXN000644,4,0,0,0,1,2,64440.96,90930.19,63,11,4,2,3029.77
TXN000645,1,0,1,1,2,0,67595.41,112034.06,45,11,11,0,3442.85
TXN000646,1,0,0,1,1,0,72279.74,108124.35,24,3,4,31,4958.02
TXN000647,1,0,0,0,2,1,26419.99,46855.4,33,11,13,38,3216.66
TXN000648,5,1,1,1,2,2,58476.45,91942.52,31,13,16,20,5550.15
TXN000649,1,0,1,0,0,0,84296.42,30828.43,54,10,4,1,1370.78
TXN000650,2,0,1,0,0,0,29968.19,27024.26,56,6,12,9,1451.38
TXN000651,0,0,1,0,0,2,89768.46,120019.82,66,5,21,30,4683.9
TXN000652,6,1,1,1,1,0,62228,107124.43,44,4,14,17,4870.61
TXN000653,3,0,1,1,1,1,42605.9,117510.05,47,2,16,6,4137.3
TXN000654,1,0,0,0,2,1,62506.7,31344.72,32,13,9,4,3242.36
TXN000655,4,0,1,0,2,0,40485.06,138046.6,56,0,15,28,4012.24
TXN000656,1,0,0,0,2,2,83884.54,28635.63,59,7,22,3,3886.19
TXN000657,4,0,1,0,1,1,48490.7,131805.18,35,10,15,45,3898.66
TXN000658,2,0,1,1,2,2,90170.73,59333.1,28,13,16,2,4838.03
TXN000659,4,0,0,0,2,2,51225.9,24760.77,39,6,6,12,4388.45
TXN000660,3,0,1,0,1,2,66206.65,50147.65,63,14,10,2,3366.88
TXN000661,0,0,1,1,0,1,99775.57,35402.72,21,5,13,7,4751.42
TXN000662,4,0,0,0,1,1,15123.1,78693.76,20,3,11,49,3938.59
TXN000663,4,0,1,0,2,0,73804.55,142964.35,41,4,8,3,4417.24
TXN000664,0,0,0,0,0,2,14317.79,55901.96,31,13,6,41,2291.09
TXN000665,3,0,1,0,1,1,83967.2,95693.86,69,4,13,34,4342.28
TXN000666,1,0,1,0,0,1,59847.11,134840.92,20,1,15,11,3821.34
TXN000667,4,0,0,1,0,0,93846.88,98210.35,48,5,9,23,3582.33
TXN000668,0,0,1,1,2,1,86662.68,60707.88,52,10,4,37,4464.27
TXN000669,2,0,0,1,1,1,7949.77,148717.48,48,4,18,18,3944.66
TXN000670,0,0,0,1,2,1,14161.6,36237.9,69,0,6,35,4170.18
TXN000671,2,0,0,0,1,0,60316.51,83255.84,29,8,21,34,2659.2
TXN000672,3,0,1,1,1,0,52072.31,121538.77,27,6,23,17,4497.23
TXN000673,1,0,1,1,1,2,17272.23,10090.84,37,13,7,39,2809.38
TXN000674,0,0,0,1,0,1,13371.24,108286.06,35,10,9,33,3257.16
TXN000675,6,1,1,1,0,0,56617.08,47309.85,61,13,21,24,2163.7
TXN000676,6,1,1,1,2,0,5367.69,33761.74,53,13,22,6,2346.1
TXN000677,5,1,1,1,1,0,87436.66,48387.22,68,1,2,10,4087.09
TXN000678,4,0,0,1,1,2,80804.75,145354.3,36,5,13,37,6282.93
TXN000679,3,0,1,1,0,2,78644.31,134870.94,34,13,19,18,3943.2
TXN000680,0,0,0,0,1,2,2091.72,39925.62,57,14,22,34,2220.66
TXN000681,6,1,1,1,2,2,5240.27,26383.75,28,0,21,44,5383.57
TXN000682,4,0,1,0,1,2,55208.99,60981.36,22,1,2,19,4341.08
TXN000683,6,1,0,1,1,1,99445.36,92927.11,54,14,14,26,5512.08
TXN000684,0,0,1,1,0,1,34560.46,131400.25,62,14,9,30,2892.53
TXN000685,2,0,0,1,1,0,34765.29,145252.62,53,6,6,24,4108.84
TXN000686,0,0,1,0,2,2,13860.66,115161.47,62,2,18,1,4038.41
TXN000687,5,1,0,0,2,2,67596.41,93861.01,65,6,9,28,6545.35
TXN000688,0,0,1,1,2,0,64844.33,29926.48,61,5,13,36,3701.53
TXN000689,0,0,1,0,2,1,10581.58,20363.97,31,4,7,30,2806.14
TXN000690,5,1,1,1,0,2,47007.52,93443.76,45,9,22,46,4812.93
TXN000691,3,0,0,0,1,2,66873.95,85468.97,26,13,19,41,5013.87
TXN000692,0,0,0,0,0,2,49604.86,128452.34,55,8,0,5,3787.32
TXN000693,5,1,0,0,2,1,67599.18,55164.82,46,9,5,45,4909.34
TXN000694,4,0,1,1,1,1,81718.9,15556.72,42,4,14,20,4080.45
TXN000695,2,0,0,0,0,2,68738.64,69319.16,25,13,4,32,3194.64
TXN000696,2,0,0,0,1,2,61803.37,145685.52,65,4,13,8,5474.75
TXN000697,0,0,0,1,2,0,85432.23,121380.49,36,7,8,9,4398.93
TXN000698,3,0,0,0,2,0,90108.56,14728.1,19,6,5,21,4426.54
TXN000699,3,0,0,1,1,1,39194.2,132455.05,23,0,0,30,5095.69
TXN000700,4,0,0,1,1,0,17738.36,76036.53,47,9,18,10,2146.75
TXN000701,0,0,0,0,2,2,81877.11,61067.52,19,1,14,18,6530.57
TXN000702,2,0,0,1,0,1,21768.43,58543.54,68,3,1,40,2915.08
TXN000703,3,0,0,0,2,0,92930.59,93320.2,36,8,18,11,4408.89
TXN000704,0,0,0,0,1,1,2776.36,84283.92,30,6,16,37,3001.6
TXN000705,6,1,1,1,0,2,92166.48,101927.81,66,1,10,15,6473.67
TXN000706,3,0,1,0,2,0,59123.71,90309.81,25,10,17,12,2663.86
TXN000707,5,1,0,0,1,0,77586.84,30152.24,26,11,23,37,3303.4
TXN000708,6,1,1,1,1,0,40150.01,46013.04,40,7,13,12,3246.18
TXN000709,3,0,1,1,1,2,99175.77,127744.14,54,0,18,14,6265.73
TXN000710,2,0,0,0,0,1,23141.37,102856.19,25,7,8,17,2695.82
TXN000711,1,0,0,1,0,0,26802.19,72776.09,26,4,10,15,2658.72
TXN000712,6,1,0,1,0,1,5617.53,35564.2,33,0,10,40,4633.37
TXN000713,4,0,1,1,0,1,94077.1,11076.75,33,2,3,49,3514.16
TXN000714,4,0,0,1,1,1,45874.92,53664.24,29,10,17,41,4112.61
TXN000715,2,0,1,0,1,2,67647.82,17678.57,42,12,11,43,3222.47
TXN000716,3,0,0,0,0,2,68900.35,77519.78,28,12,22,4,3881.81
TXN000717,0,0,1,1,0,0,87512.96,125052.2,35,12,8,26,3841.9
TXN000718,3,0,1,0,1,0,66660.06,49955.81,30,6,4,1,1880.88
TXN000719,2,0,0,1,2,1,56421.11,128685.58,52,11,0,40,4629.14
TXN000720,4,0,0,1,2,1,71176.69,108639.02,35,6,8,49,5611.58
TXN000721,3,0,1,0,1,1,75221.59,27536.73,60,7,6,26,3190.55
TXN000722,4,0,1,0,0,2,18999.83,100238.66,47,10,0,0,1461.01
TXN000723,6,1,0,0,0,2,11411.87,31235.17,60,12,19,13,3057.97
TXN000724,0,0,0,0,1,0,7947.46,101670.73,54,10,16,34,1296.69
TXN000725,6,1,1,1,2,1,37718.32,29980.03,47,3,2,22,4041.14
TXN000726,4,0,0,1,1,1,50051.02,64951.59,20,5,22,42,3837.75
TXN000727,4,0,1,0,1,2,61757.16,89323.2,46,14,0,21,3290.08
TXN000728,1,0,0,1,1,0,95824.43,17052.38,42,11,23,26,2845.01
TXN000729,1,0,0,0,0,1,33413.39,31463.17,19,6,12,49,2929.14
TXN000730,6,1,0,0,0,1,76206.97,54857.24,64,7,19,24,3611.1
TXN000731,5,1,1,0,0,0,53370.08,74724.81,22,13,19,33,2092.27
TXN000732,6,1,0,1,2,1,22398.95,130188.22,48,2,11,48,6093.44
TXN000733,1,0,1,1,1,2,61722.89,36218.23,22,4,16,26,4415.48
TXN000734,4,0,0,0,1,0,96734.03,58645.93,38,7,20,34,2868.32
TXN000735,2,0,1,0,2,1,12868.68,76608.67,65,5,7,20,3198.83
TXN000736,6,1,1,0,0,1,50974.34,51409,66,0,23,38,2852.95
TXN000737,4,0,0,0,1,2,5635.03,97604.69,43,1,22,2,4081.59
TXN000738,2,0,1,1,2,2,32461.02,45924.34,24,2,22,24,5215.53
TXN000739,2,0,1,1,0,2,62249.97,118129.06,47,13,23,46,4325.57
TXN000740,1,0,1,0,0,1,84185.17,80721.57,51,11,23,3,1971.6
TXN000741,6,1,1,0,1,1,73167.68,22082.68,45,14,14,14,4282.82
TXN000742,3,0,0,1,0,1,46554.25,97779.85,31,6,16,2,2917.91
TXN000743,0,0,0,0,2,0,90967.66,89694.09,35,12,1,10,3048.09
TXN000744,1,0,0,1,0,2,30620.11,57403.63,61,13,9,27,3594.73
TXN000745,1,0,1,1,1,0,75521.35,11561.99,34,9,23,2,2582.92
TXN000746,3,0,1,0,2,2,47663.9,38098.22,42,2,0,17,3514.2
TXN000747,0,0,0,1,0,1,89914.26,66799.33,23,8,12,45,4532.02
TXN000748,4,0,0,1,0,0,79844.57,37987.96,22,8,11,8,3205.61
TXN000749,5,1,1,1,0,0,90196.23,90848.76,38,11,14,14,4137.62
TXN000750,6,1,0,1,2,2,21817.66,109725.49,56,11,9,39,5550.83
TXN000751,5,1,0,0,0,0,66980.97,129842.47,67,11,1,7,3516.24
TXN000752,4,0,1,1,1,0,73977.11,100577.57,37,10,21,39,3326.87
TXN000753,1,0,0,1,2,1,74370.22,106461.29,28,7,14,13,6208.6
TXN000754,0,0,1,1,2,2,50648.04,95181.86,22,8,19,37,5592.15
TXN000755,1,0,0,0,0,0,1619.43,147968.05,55,7,9,12,2384.74
TXN000756,2,0,1,0,2,1,26512.36,46540.08,56,8,22,38,1977.68
TXN000757,1,0,1,0,1,0,32668.44,47276.22,52,3,1,46,2332.33
TXN000758,1,0,1,1,2,1,85277.64,27686.71,52,3,12,9,5209.46
TXN000759,4,0,1,0,1,0,84168.14,77995.81,42,14,9,43,2741.91
TXN000760,4,0,1,0,0,1,10915.67,23462.64,47,4,16,29,2112.11
TXN000761,4,0,0,0,2,1,95008.67,47820.52,19,6,15,4,4311.41
TXN000762,5,1,0,1,1,2,18654.52,77575.33,37,8,14,21,4938.99
TXN000763,2,0,0,0,0,1,41728.77,144063.39,53,3,11,34,4507.05
TXN000764,4,0,1,0,1,0,21908.12,144933.82,54,6,8,4,2454.71
TXN000765,0,0,0,0,2,1,86103.08,114123.63,19,11,11,11,4992.61
TXN000766,5,1,1,1,2,1,75065.5,64495.02,65,11,20,34,5498.08
TXN000767,3,0,1,1,1,0,35676.12,131122.58,61,5,11,20,2728.35
TXN000768,0,0,0,0,0,0,68346.92,132563.81,64,12,18,25,2591.52
TXN000769,6,1,1,0,0,1,18844.5,137427.63,44,8,21,0,2939.75
TXN000770,6,1,0,0,0,0,38538.56,99603.51,49,8,16,48,3018.11
TXN000771,0,0,1,1,0,1,38022.21,38250.99,21,8,15,9,3387.61
TXN000772,4,0,1,1,1,1,24174.7,22751.31,44,4,9,37,2911.98
TXN000773,3,0,0,0,2,1,87693.05,138068.57,47,2,23,23,4970.54
TXN000774,3,0,1,1,1,0,68045.15,17776.46,20,12,9,30,1944.77
TXN000775,5,1,0,0,2,2,28353.96,51424.61,63,14,19,44,4670.63
TXN000776,3,0,1,1,2,2,24591.02,78174.65,62,5,1,46,4176.84
TXN000777,6,1,0,0,1,1,2286.37,13076.74,44,1,19,22,3000.47
TXN000778,2,0,1,1,1,1,34984.93,136967.72,55,6,0,20,3434.09
TXN000779,4,0,0,0,0,0,52913.74,50196.94,53,13,15,1,1932.55
TXN000780,3,0,0,1,2,2,28132.24,13990.67,18,14,9,30,4802.7
TXN000781,5,1,1,0,0,2,70195.6,149102.6,52,12,14,1,4111.95
TXN000782,6,1,0,0,0,2,41469.08,53595.05,29,6,23,29,3795.16
TXN000783,2,0,1,0,1,0,31973.62,132747.09,52,1,14,24,2832.88
TXN000784,1,0,1,0,0,0,93936.24,73486.42,35,14,5,48,2489.12
TXN000785,1,0,0,1,0,0,26648.69,102837.63,63,5,16,18,2694.93
TXN000786,2,0,0,0,0,1,40126.63,43752.62,54,3,12,0,1972.58
TXN000787,6,1,0,1,1,0,38537.93,80402.55,40,6,0,36,3882.25
TXN000788,5,1,0,1,0,1,24499.24,46071.17,50,7,17,27,3456.02
TXN000789,2,0,0,0,0,1,22138.94,143151.74,31,9,22,19,3046.49
TXN000790,4,0,1,0,1,1,30586.81,18532.36,61,12,1,47,1504.18
TXN000791,4,0,0,0,1,1,86491.5,48454.35,18,10,2,4,2787.89
TXN000792,1,0,1,0,1,0,76824.75,135035.24,44,0,10,29,4662.7
TXN000793,3,0,0,1,2,0,68259.45,77205.03,41,4,0,22,3471.21
TXN000794,5,1,0,1,1,2,45981.75,94011.78,19,8,5,41,5502.16
TXN000795,1,0,0,1,2,2,51021.52,101237.07,29,13,15,26,5291.09
TXN000796,3,0,1,1,1,1,27080.32,19929.85,30,1,14,41,3636.86
TXN000797,3,0,0,0,1,2,7894.43,12483.42,44,3,8,0,2221.34
TXN000798,4,0,1,1,1,2,33438.54,141297.75,37,7,11,8,4867.63
TXN000799,6,1,1,0,2,2,49810.58,48010.4,64,11,9,49,4765.72
TXN000800,0,0,1,0,0,1,6202.65,63243.84,65,4,23,6,1090.24
TXN000801,6,1,0,1,1,2,9279.21,105493.04,68,7,6,25,4195.33
TXN000802,0,0,1,1,2,0,26671.01,43082.54,54,14,9,15,2266.81
TXN000803,2,0,0,1,1,1,37024.5,112629.99,51,9,6,5,4054.6
TXN000804,4,0,1,1,0,0,39635.02,74153.91,23,9,5,41,2010.6
TXN000805,3,0,0,1,2,1,12229.66,129925.37,25,0,12,36,5023.63
TXN000806,5,1,1,1,1,0,22969.22,48995.69,38,13,10,44,3364.28
TXN000807,0,0,0,0,1,2,26533.9,38535.15,56,6,23,11,3413.02
TXN000808,6,1,0,0,1,1,7229.67,126436.37,38,5,7,23,4167.41
TXN000809,3,0,0,0,0,0,32946.92,55685.65,62,1,4,16,1675.97
TXN000810,0,0,1,1,2,1,7686.05,67661.61,23,6,2,1,3209.63
TXN000811,0,0,1,0,1,0,70494.06,121119.1,58,2,3,30,4018.61
TXN000812,0,0,0,0,1,2,38911.75,98980.72,61,3,3,36,3933.03
TXN000813,5,1,1,0,2,1,33011.86,71841.62,47,13,8,41,3705.04
TXN000814,4,0,1,0,0,1,13088.96,44984.67,27,10,0,28,897.52
TXN000815,5,1,1,0,0,0,23037.11,116988.14,28,5,14,0,2363.94
TXN000816,1,0,1,0,0,0,23654.17,35260.34,18,2,12,43,2456.8
TXN000817,3,0,1,1,0,2,98527.82,139959.14,27,0,4,13,6214.6
TXN000818,4,0,1,1,0,0,83617.26,31044.25,42,9,17,39,2100.88
TXN000819,4,0,1,1,1,0,2018.6,122690.72,33,0,4,48,3392.74
TXN000820,4,0,0,0,1,0,61875.24,69394.84,36,5,10,10,3916.35
TXN000821,6,1,0,1,1,2,25963.05,36040.87,27,3,20,31,5269.83
TXN000822,4,0,1,1,2,2,10885.5,66333.05,64,6,2,19,4292.64
TXN000823,5,1,0,0,0,1,70707.18,41017.25,31,8,3,1,3255.26
TXN000824,4,0,0,1,2,2,13594.75,29039.11,20,13,6,30,4328.76
TXN000825,2,0,0,0,0,0,44652.21,43481.76,21,7,3,4,2218.83
TXN000826,3,0,1,1,0,1,63400.43,131435.79,57,2,2,31,4133.27
TXN000827,4,0,1,0,2,2,55672.23,24831.93,50,6,9,49,4262.31
TXN000828,3,0,1,0,1,2,97774.1,146155.54,37,0,19,8,6422.03
TXN000829,2,0,1,1,2,0,78681.39,10699.78,32,1,10,40,4676.65
TXN000830,2,0,1,0,1,0,77532.24,102153.34,24,8,17,9,3738.78
TXN000831,3,0,0,1,0,2,35881.74,129911.68,61,9,0,35,3981.99
TXN000832,0,0,1,0,1,1,1335.35,140754.07,20,7,20,48,3202.39
TXN000833,1,0,0,1,0,0,73573.89,30157.98,44,14,8,25,2447.56
TXN000834,6,1,1,1,0,2,99973.34,107749.19,54,6,16,43,6265.04
TXN000835,0,0,0,0,1,2,40884.97,25028.89,46,10,11,2,3383.1
TXN000836,0,0,1,1,0,0,98559.09,59365.61,43,9,0,35,2773.91
TXN000837,5,1,1,1,1,1,14599.96,112469.69,44,1,23,22,4413.04
TXN000838,6,1,1,1,2,1,30002.98,58436.25,42,14,22,29,3417.34
TXN000839,6,1,1,0,0,1,17487.33,53872.46,57,13,6,38,1837.82
TXN000840,0,0,1,0,0,0,47780.01,26247.65,60,1,13,22,2186.74
TXN000841,4,0,1,1,2,0,79799.65,19301.33,68,6,8,22,3724.4
TXN000842,5,1,0,1,0,0,34395.84,26138.92,47,6,11,42,3142.32
TXN000843,5,1,1,0,2,1,90669.78,132566.47,61,5,20,35,6409.82
TXN000844,2,0,0,0,2,1,54710.63,11567.79,37,9,7,24,3106.46
TXN000845,6,1,1,1,0,0,46809.73,107001.22,24,11,6,19,3671.14
TXN000846,0,0,0,0,2,0,78810.07,117607.39,46,4,13,37,5020.36
TXN000847,2,0,0,0,2,0,10593.63,89504.36,63,5,1,32,2313.31
TXN000848,3,0,0,1,2,1,77488.37,112308.55,51,11,1,32,5304.33
TXN000849,1,0,0,0,0,2,24673.72,101317.75,43,8,19,37,4112.56
TXN000850,5,1,0,0,2,2,28440.85,73778.19,44,3,16,0,4786.28
TXN000851,3,0,0,0,1,1,60145.65,63579.46,61,11,9,46,2553.67
TXN000852,3,0,1,1,1,0,90242.48,141786.48,26,9,20,32,4347.04
TXN000853,4,0,0,0,2,0,58051.49,146071.32,39,0,4,37,4388.57
TXN000854,1,0,1,1,1,0,65070.46,101178,29,8,0,23,3018.35
TXN000855,3,0,1,0,0,0,77771.16,37621.84,23,7,4,8,2829.45
TXN000856,3,0,0,0,2,1,26302.81,72705.88,23,10,3,30,4396.75
TXN000857,1,0,0,1,0,2,82809.75,79515.25,44,1,11,37,5417.08
TXN000858,1,0,1,1,1,2,42087.03,116115.81,36,3,13,48,5667.6
TXN000859,3,0,0,1,1,1,17977.74,103488.8,69,2,10,27,4175.13
TXN000860,1,0,0,1,1,0,35336.75,82074.02,23,2,20,22,3775.78
TXN000861,3,0,0,0,1,2,24990.05,105251.04,66,5,3,29,3229.12
TXN000862,3,0,0,1,0,1,23257,13367.96,34,6,8,17,3163.14
TXN000863,4,0,0,1,2,0,28615.04,118728.95,46,7,2,25,3950.37
TXN000864,0,0,0,1,0,2,18502.62,39628.51,40,6,2,32,3014.32
TXN000865,3,0,0,0,2,1,66936.32,101897.28,34,14,2,15,4240
TXN000866,2,0,1,0,1,2,58209.18,25956.26,38,11,6,28,2786.99
TXN000867,5,1,0,1,1,2,65019.97,26024.52,27,14,0,15,3723.34
TXN000868,6,1,1,1,1,1,34700.61,14992.07,60,8,12,32,3829.87
TXN000869,0,0,1,1,1,1,77088.47,137432.59,25,1,3,38,5733.59
TXN000870,0,0,1,1,0,2,13396.07,94638.23,31,9,11,45,3763.77
TXN000871,0,0,1,0,2,2,57328.1,60674.67,48,3,7,46,5411.25
TXN000872,4,0,0,1,2,1,27907.57,120288.88,68,14,18,37,3688.04
TXN000873,3,0,1,0,1,0,52997.19,97651.51,35,1,23,22,3403.21
TXN000874,4,0,1,1,0,0,32701.9,96811.27,64,12,5,25,2142.39
TXN000875,3,0,1,1,1,0,79155.92,78185.99,47,14,9,48,4255.12
TXN000876,4,0,1,0,2,0,89181.55,11109.75,35,10,12,16,2395.56
TXN000877,4,0,1,1,2,1,74386.83,46184.75,69,2,2,37,4275.05
TXN000878,5,1,0,1,0,0,17970.58,25270.74,42,12,8,44,2129.64
TXN000879,2,0,0,1,2,2,27849.26,102737.38,66,9,9,23,5200.14
TXN000880,4,0,1,1,0,0,91976.13,44806.92,54,0,12,42,4596.8
TXN000881,5,1,0,0,1,1,44003.4,73023.33,42,13,15,18,3636.49
TXN000882,1,0,0,1,1,0,94147.45,59480.24,47,7,22,41,4197.51
TXN000883,2,0,1,1,0,0,39548.94,30047.82,47,4,7,26,2813.9
TXN000884,4,0,1,0,1,1,95201.58,144171.83,53,4,10,1,5016.24
TXN000885,6,1,1,1,0,0,92611.03,140678.7,28,7,1,7,4764.59
TXN000886,0,0,0,0,1,1,66222.43,21845.15,65,14,18,14,1639.6
TXN000887,1,0,1,1,1,0,1378.29,125831.15,56,14,22,40,2432.22
TXN000888,1,0,0,1,2,1,40333.3,78372.32,44,10,1,12,3545.88
TXN000889,5,1,0,1,2,0,91167.9,118323.02,33,8,5,26,7019.49
TXN000890,1,0,0,0,0,2,88568.47,31162,55,8,15,21,3617.65
TXN000891,2,0,1,0,1,2,19145.09,28518.38,49,9,15,46,3162.91
TXN000892,4,0,0,1,1,1,40218.66,134706.05,46,8,6,46,4961.65
TXN000893,4,0,1,0,1,1,83633.24,135694.73,69,1,10,0,3639
TXN000894,6,1,1,1,2,1,57998.85,75227.7,27,6,15,4,6168.21
TXN000895,0,0,1,0,0,2,84806.27,131822.09,47,6,5,28,4996.59
TXN000896,5,1,1,1,0,1,82743.45,103444.25,28,3,4,14,4691.53
TXN000897,0,0,1,0,0,0,90794.46,35901.36,32,4,8,29,3092.8
TXN000898,1,0,0,1,1,1,12163.45,56053.6,61,13,2,45,2549.39
TXN000899,6,1,0,0,0,1,14948.91,29048.49,40,5,20,5,2465.72
TXN000900,0,0,0,0,2,0,8739.5,118352.81,65,6,20,5,2219.9
TXN000901,2,0,0,0,2,0,93559.25,147935.1,40,12,7,22,4558.33
TXN000902,4,0,0,0,0,2,47778.66,86492.97,67,1,7,4,4230.04
TXN000903,1,0,1,1,1,0,6900.37,101821.02,24,9,16,21,2954.57
TXN000904,6,1,1,1,2,0,32492.23,114452.96,31,1,5,40,5162.77
TXN000905,0,0,0,0,2,1,35465.56,41396.27,26,14,11,19,3219.73
TXN000906,5,1,0,1,1,2,81051.2,57040.17,45,12,5,19,5475.61
TXN000907,2,0,0,0,1,0,73679.95,67724.97,23,1,14,38,3811.66
TXN000908,2,0,1,1,0,2,69094.01,93242.36,60,12,10,29,4201.39
TXN000909,0,0,1,0,2,0,2675.42,129068.96,62,13,9,47,2015.37
TXN000910,4,0,1,1,2,2,91114.23,45588.5,39,14,1,16,4124.96
TXN000911,0,0,0,1,0,0,21947.75,75924.43,35,4,20,22,1560.58
TXN000912,1,0,0,0,0,1,63091.61,115214.75,61,5,5,39,3585.45
TXN000913,0,0,0,0,2,2,6650.99,22233.9,55,14,18,49,3209.55
TXN000914,2,0,0,0,2,2,8611.85,81805.08,39,10,16,12,4229.53
TXN000915,6,1,1,0,1,0,1452.94,30213.16,26,14,8,45,1999.66
TXN000916,0,0,0,0,1,2,56809.8,85480.85,35,5,1,35,3867.8
TXN000917,4,0,0,1,2,0,63123.28,117495.19,38,2,3,41,4940.53
TXN000918,6,1,0,0,2,2,5521,43172.64,32,11,8,9,3590.19
TXN000919,5,1,1,1,1,2,29403.25,128926.98,26,14,7,37,6006.1
TXN000920,3,0,1,0,0,1,85219.71,56872.58,59,3,3,38,3163.22
TXN000921,0,0,0,1,0,1,10580.18,36709.88,19,6,0,38,2170.99
TXN000922,4,0,1,1,2,2,22046.44,75145.28,31,6,10,3,4981.52
TXN000923,6,1,1,0,2,1,42726.93,132650.51,38,14,10,18,4525.41
TXN000924,4,0,1,0,1,2,84306.27,19650.63,60,5,6,40,4631.29
TXN000925,5,1,1,1,2,0,25857.48,55860.01,62,0,17,27,3751.5
TXN000926,2,0,1,1,0,2,99715.13,101442.84,51,9,7,26,5149.34
TXN000927,4,0,0,0,1,2,35848.55,60061.32,24,5,14,22,4480.5
TXN000928,6,1,0,1,1,1,38951.64,19915.36,32,13,9,18,2806.03
TXN000929,4,0,0,1,0,1,12649.57,56479.86,56,12,13,15,1969.73
TXN000930,4,0,1,1,0,0,68179.69,124934.31,29,0,1,34,3612.41
TXN000931,4,0,1,1,1,0,24724.79,145525.25,24,10,9,4,3226.84
TXN000932,1,0,1,1,2,0,63072.33,15569.09,22,4,18,23,3603.08
TXN000933,1,0,1,1,0,2,22704.19,89699.73,64,5,14,4,3649.5
TXN000934,2,0,0,0,1,0,39093.29,24742.48,56,6,21,28,1770.5
TXN000935,0,0,0,0,2,0,85738.87,105255.51,40,7,19,5,4571.3
TXN000936,4,0,0,0,2,1,74021.14,11104.91,45,8,1,40,4340.76
TXN000937,5,1,0,0,1,1,15881.79,12063.83,51,5,16,40,2748.05
TXN000938,0,0,0,1,0,0,60966.96,118763.18,42,10,2,43,3226.85
TXN000939,5,1,0,0,2,0,63049.74,20420.95,19,6,3,47,4594.74
TXN000940,0,0,1,1,0,2,9511.56,52725.43,68,14,4,47,1986.32
TXN000941,2,0,1,1,1,2,46847.66,144125.66,26,3,11,36,6045.15
TXN000942,4,0,0,0,0,1,26436.51,147934.6,51,9,20,28,2786.15
TXN000943,4,0,1,0,2,0,46979.45,32596.4,63,6,22,32,1774.18
TXN000944,3,0,0,1,1,0,77818.56,88526.27,64,9,23,26,2929.93
TXN000945,5,1,0,0,2,0,16246.83,88280.84,49,0,18,34,3189.37
TXN000946,0,0,1,0,2,0,12768.77,73333.3,29,2,11,37,3170.11
TXN000947,0,0,0,1,1,0,27296.99,139458.02,36,0,4,39,4343.25
TXN000948,1,0,0,1,1,2,95251.41,115564.75,64,10,22,47,5209.94
TXN000949,3,0,0,1,0,2,74908.51,117033.77,55,7,14,5,4976.58
TXN000950,6,1,1,1,1,0,2435.86,47739.72,27,2,17,45,2944.22
TXN000951,6,1,1,1,0,2,40399.98,70804.77,27,6,18,9,4889.06
TXN000952,1,0,1,1,1,2,26111.1,78239.32,52,1,22,35,4094.38
TXN000953,1,0,1,0,2,0,63995.38,51847.69,58,11,2,43,2776.62
TXN000954,1,0,0,0,0,2,46199.6,23274.49,54,11,1,6,1962.89
TXN000955,5,1,1,0,1,0,96467.6,27690.29,49,4,10,6,3541.18
TXN000956,5,1,1,1,0,2,22288.36,35293.96,24,14,13,28,3499.34
TXN000957,2,0,1,1,0,0,58991.71,38511.47,68,2,20,15,2958.19
TXN000958,2,0,0,0,0,0,70170.9,43916.65,27,9,4,0,2871.01
TXN000959,1,0,1,0,2,2,82643.67,45764.4,60,2,12,47,4817.71
TXN000960,3,0,1,0,1,2,40993.62,73800.29,55,13,7,34,3645.16
TXN000961,0,0,0,1,1,1,68848.73,81340.25,44,14,5,46,3702.07
TXN000962,5,1,0,0,0,0,30668.55,53243.09,49,4,11,28,2606.85
TXN000963,3,0,0,0,1,0,43829.87,137021.5,68,13,6,37,2800.4
TXN000964,4,0,0,0,2,0,89614.9,87439.56,24,7,10,12,4662.43
TXN000965,5,1,1,1,0,0,95015.81,120246.77,65,1,7,39,4946.5
TXN000966,5,1,0,0,2,2,72022.33,139393.3,43,10,8,11,6578.44
TXN000967,2,0,1,0,2,2,37748.01,32838.92,39,3,3,22,4342.04
TXN000968,0,0,1,1,1,1,82095.75,69902.43,29,3,4,45,5232.33
TXN000969,0,0,1,1,1,0,3073.77,70649.46,41,12,3,15,1056.48
TXN000970,6,1,1,1,0,1,10723.22,59626.12,67,14,11,13,2267.85
TXN000971,6,1,1,1,2,1,66306.69,11246.82,63,13,17,15,4443.7
TXN000972,6,1,0,1,1,1,29479.23,124236.1,46,11,14,5,5242.5
TXN000973,6,1,1,0,0,1,95162.93,25618.31,49,10,7,35,3286.06
TXN000974,4,0,1,0,0,1,43888.03,149367.28,33,4,10,23,3952.54
TXN000975,4,0,1,1,1,2,43221.8,118214.19,43,5,13,26,5465.3
TXN000976,5,1,0,1,2,2,67968.91,91201.4,23,8,6,24,6202.79
TXN000977,1,0,1,1,0,1,76873.07,31644.9,18,4,15,39,4606.46
TXN000978,2,0,1,1,1,2,47818.09,82155.02,30,11,22,35,4993.85
TXN000979,2,0,0,0,0,2,21793.09,46555.22,55,9,7,28,2951.95
TXN000980,6,1,1,0,1,1,77444.21,45325.15,23,7,10,30,4918.41
TXN000981,5,1,1,1,0,2,32374.95,126134.09,55,4,0,2,4038.34
TXN000982,3,0,0,1,2,2,17923.52,63290.22,29,2,16,12,4885.23
TXN000983,1,0,1,1,0,0,63348.2,73101.33,26,5,6,3,2729.08
TXN000984,5,1,1,1,1,1,9500.14,128015.06,37,12,17,10,3561.39
TXN000985,1,0,1,0,1,0,97149.59,22290.69,56,3,11,47,3434.04
TXN000986,1,0,1,1,1,0,63423.53,93246.5,44,4,19,14,3759.61
TXN000987,1,0,1,1,2,1,98596.6,90950.2,20,7,21,1,4883.4
TXN000988,5,1,0,0,1,0,34219.9,69530.04,41,10,20,14,2650.74
TXN000989,6,1,0,1,1,0,97134.91,126168.45,32,10,4,5,5341.96
TXN000990,2,0,0,0,2,2,14983.44,142004.61,51,3,5,46,4238.01
TXN000991,2,0,1,1,1,0,4549.13,75147.02,67,6,22,12,1992.16
TXN000992,6,1,1,1,1,1,3781.91,73860.59,49,2,1,34,3784.46
TXN000993,1,0,1,0,2,2,46754.6,80288.92,38,3,11,43,5233.66
TXN000994,3,0,0,1,0,2,8758.92,111237.36,18,7,10,43,4920.09
TXN000995,0,0,1,0,1,2,51460.7,103528.44,50,7,3,48,4554.76
TXN000996,5,1,1,0,0,1,33086.3,41196.89,28,12,6,39,2986.61
TXN000997,0,0,1,0,2,1,33895.08,18945.35,20,12,4,12,2519.21
TXN000998,6,1,0,1,1,1,63743.1,142895.58,39,8,10,11,5859.91
TXN000999,3,0,0,1,1,0,16728.25,46549.77,27,3,15,15,2762.7
TXN001000,5,1,1,0,2,0,76772.06,99403.54,61,9,9,42,4190.17
TXN001001,6,1,1,1,1,2,58412.08,125981.32,55,3,8,40,6612.98
TXN001002,1,0,1,1,0,2,91536.99,52038.75,41,4,5,19,4923.77
TXN001003,2,0,0,1,0,1,36801.65,98960.68,24,13,12,39,3692.1
TXN001004,0,0,0,0,2,1,98280.14,25106.03,66,4,3,12,3614.06
TXN001005,4,0,0,0,1,0,57794.85,145790.4,66,2,10,33,3041.72
TXN001006,4,0,1,1,1,0,97353.49,18142.16,53,0,10,18,4080.73
TXN001007,3,0,0,0,2,1,3192.54,71344.45,18,9,15,44,2738.73
TXN001008,1,0,1,1,0,1,72933.64,85154.69,18,14,19,26,3652.38
TXN001009,0,0,1,1,0,0,81753.84,120667.45,43,0,18,28,5091.21
TXN001010,1,0,0,1,2,2,5790.74,26957.99,34,11,5,18,3732.88
TXN001011,0,0,1,0,1,2,58107.48,71713.12,28,13,23,42,3299.67
TXN001012,3,0,0,0,0,0,80293.26,51959.62,20,7,16,26,2627.13
TXN001013,3,0,1,1,1,0,56323.35,53681.5,27,3,17,1,3107.61
TXN001014,4,0,1,0,0,2,6849.45,119030.31,19,12,3,39,2747.53
TXN001015,1,0,0,1,1,0,69498,10764.53,49,10,22,38,3116.77
TXN001016,5,1,1,0,0,2,6529.39,114871.71,33,9,17,0,3560.4
TXN001017,4,0,1,0,1,2,81838.16,123455.78,65,14,10,13,4194.63
TXN001018,1,0,1,0,2,0,4781.9,136190.71,43,13,11,7,2521.77
TXN001019,4,0,1,1,0,1,14171.04,97763.45,57,10,9,26,3196.47
TXN001020,5,1,1,1,2,1,27873.21,56683.75,56,1,23,32,4624.72
TXN001021,2,0,1,1,0,1,63519.8,69812.86,27,5,2,30,3675.02
TXN001022,2,0,1,0,0,1,97647.73,145763.05,53,8,14,29,3746.6
TXN001023,2,0,1,1,0,1,12223.37,133366.16,47,14,17,24,2058.41
TXN001024,2,0,0,1,1,1,14699.41,74893.63,26,4,15,48,3602
TXN001025,6,1,0,1,0,1,37202.6,142028.82,22,2,6,35,5477.83
TXN001026,0,0,1,1,2,0,83703.8,125213.68,24,3,10,37,5262.7
TXN001027,6,1,1,0,1,0,46989.48,136152.58,53,14,9,0,2907.9
TXN001028,6,1,0,0,1,1,32500.25,105616.81,18,12,8,30,3947.58
TXN001029,6,1,1,1,0,0,56339.78,130071.57,44,1,19,34,4299.24
TXN001030,2,0,0,0,1,2,26422.06,134847.26,29,14,17,20,3200.26
TXN001031,5,1,0,0,0,1,40415.41,22882.32,33,13,20,33,2765.13
TXN001032,3,0,0,0,2,2,33594.21,145130.38,65,6,12,16,5333.25
TXN001033,3,0,1,0,1,0,80512.03,56705.83,25,12,22,8,2275.18
TXN001034,0,0,1,0,1,1,92463.44,71585.93,42,3,9,28,4686.08
TXN001035,2,0,1,1,2,2,76077.43,120866.53,30,3,20,7,6326.25
TXN001036,2,0,0,0,2,0,44188.82,103085.48,58,7,11,18,3619.71
TXN001037,2,0,0,1,0,1,50681.33,135028.39,27,9,12,46,4972.51
TXN001038,4,0,0,1,1,1,12944.83,66080.33,57,4,20,5,3535.98
TXN001039,1,0,1,1,2,2,74813.04,62260.34,50,2,21,23,6115.2
TXN001040,4,0,0,0,1,2,59849.33,14436.44,52,12,4,5,2221.05
TXN001041,1,0,0,0,2,2,90292.78,74781.55,54,14,23,39,4765.54
TXN001042,2,0,1,0,1,0,20460.81,111369.91,56,11,11,2,1313.89
TXN001043,2,0,0,0,2,2,76092.75,52165.02,45,5,3,30,5550.97
TXN001044,4,0,0,1,1,2,68624.83,74781.71,33,7,2,30,5056.74
TXN001045,4,0,1,1,0,2,26951.63,40715.69,25,9,13,11,3391.72
TXN001046,1,0,1,1,1,1,66904.17,118190.29,50,0,2,7,4636.87
TXN001047,3,0,0,0,0,2,92475.15,18471.62,52,8,1,42,3673.37
TXN001048,1,0,1,1,0,2,91884.38,108753.63,55,13,7,25,5319.17
TXN001049,4,0,0,1,0,0,72102.84,63051.6,29,12,6,25,3488.43
TXN001050,5,1,1,1,1,0,5283.27,15823.45,32,3,21,14,3180.69
TXN001051,4,0,0,0,1,2,87290.3,129485.74,34,4,1,12,5217.79
TXN001052,5,1,1,1,0,0,65948.97,78281.06,44,9,17,21,2776.9
TXN001053,0,0,0,1,2,0,31388.21,93904.66,67,2,16,12,4175.73
TXN001054,4,0,1,0,1,0,19131.41,112484.3,38,8,13,45,2185.88
TXN001055,0,0,1,1,1,1,12062.28,101710.42,38,12,11,8,2848.53
TXN001056,3,0,1,0,1,2,5498.57,112319.96,34,11,17,23,3193.32
TXN001057,1,0,1,1,1,2,75533.27,116719.44,44,5,16,2,5478.67
TXN001058,5,1,1,0,0,2,23966.38,92481.21,29,14,15,22,3826.65
TXN001059,1,0,1,0,2,0,2913.17,61189.3,65,14,9,11,795.8
TXN001060,0,0,1,0,2,0,40028.43,44039.9,61,0,3,40,3076.58
TXN001061,5,1,0,1,2,0,48519.4,136406.45,53,8,1,43,4813.34
TXN001062,1,0,0,1,2,1,17338.41,145789.48,45,10,4,10,5175.52
TXN001063,4,0,1,0,0,0,4882.81,60072.79,42,4,13,18,697.32
TXN001064,2,0,1,0,1,1,19317.99,25723.5,26,2,9,8,2709.59
TXN001065,0,0,0,0,1,2,68070.72,41155.23,64,3,7,36,4773.91
TXN001066,1,0,0,0,0,0,8683.25,103893.43,54,11,0,9,498.12
TXN001067,0,0,1,0,1,1,55726.18,34210.67,40,4,8,8,2907.1
TXN001068,6,1,0,0,0,1,15067.99,119217.12,28,0,22,32,4563.35
TXN001069,0,0,0,0,2,0,19971.07,139224.23,67,9,20,12,3038.05
TXN001070,5,1,1,0,0,1,39611.25,144911.21,18,2,4,19,4151.82
TXN001071,6,1,1,0,1,0,10532.12,11305.57,33,6,8,43,1770.53
TXN001072,5,1,1,0,1,1,17733.75,144141.58,67,8,8,10,3941.46
TXN001073,2,0,0,0,1,2,35220.76,113627.22,30,5,17,40,4944.8
TXN001074,6,1,1,0,2,2,33302.07,21767.03,37,3,23,28,4577.09
TXN001075,4,0,1,1,0,2,75052.51,68133.67,33,14,4,46,4019.91
TXN001076,0,0,0,0,0,0,7940.84,108006.37,33,3,15,12,2587.39
TXN001077,1,0,1,1,1,2,86114.85,143935.97,52,8,1,43,6166.81
TXN001078,3,0,0,1,0,2,81715.1,32979.8,67,0,3,13,5131.28
TXN001079,0,0,0,1,1,2,76716.17,27882.66,49,5,20,8,4355.58
TXN001080,0,0,0,0,0,0,31282.55,76128.59,40,3,22,41,3156.78
TXN001081,2,0,0,1,2,1,82376.74,145533.85,42,2,17,37,6831.14
TXN001082,4,0,0,0,2,0,18688.81,145993.09,60,10,4,18,2223.11
TXN001083,3,0,0,1,0,0,12878.72,41908.06,45,0,7,41,2786.58
TXN001084,6,1,1,0,2,2,4973.16,54708.6,62,4,11,46,4653.35
TXN001085,6,1,1,0,2,1,93961.38,137124.48,19,3,13,7,6538.84
TXN001086,6,1,1,1,2,2,31147.08,112877.81,20,9,16,17,5840.38
TXN001087,5,1,0,1,1,2,91802.98,146124.3,48,3,11,33,7983.19
TXN001088,5,1,1,0,0,0,27625.05,135040.77,50,7,23,35,2870.36
TXN001089,1,0,0,1,0,0,90802.81,40113.45,50,10,1,8,2257.52
TXN001090,3,0,1,0,1,0,90440.94,116361.76,64,10,3,15,2763.1
TXN001091,6,1,0,0,1,2,92405.77,16799.13,52,1,10,4,5406.11
TXN001092,5,1,1,0,2,1,49867.27,124496.59,53,10,11,14,4677.4
TXN001093,1,0,0,1,0,1,86661.66,94217.95,43,9,18,23,4729.99
TXN001094,4,0,1,0,1,2,95101.21,143854.13,29,10,1,46,5686.58
TXN001095,1,0,0,0,2,1,32799.39,144404.54,61,13,9,43,3949.32
TXN001096,5,1,1,0,0,2,42178,17114.12,63,9,9,47,3929.27
TXN001097,2,0,0,0,2,1,72064.4,32473.01,28,12,1,42,3717.7
TXN001098,2,0,1,1,0,2,30385.8,77788.99,23,3,21,38,4143.82
TXN001099,6,1,1,1,2,1,75504.03,133129.09,42,10,18,24,6728.38
TXN001100,2,0,1,1,0,0,7852.27,124022.32,63,0,19,15,2603.91
TXN001101,6,1,0,1,0,0,52588.09,145011.8,51,1,3,41,4762.72
TXN001102,6,1,0,0,0,0,12670.19,96531.78,52,9,17,21,2698
TXN001103,5,1,0,0,0,0,29685.69,45918.89,38,9,19,49,2005.56
TXN001104,2,0,0,0,2,2,26233.23,13514.93,35,2,17,15,3987.07
TXN001105,6,1,0,0,1,1,83973.74,41209.71,25,11,13,32,4881.28
TXN001106,3,0,1,0,0,2,19754.97,104538.25,51,0,19,4,3613.23
TXN001107,4,0,0,0,0,0,80940.57,139678.48,69,1,12,6,3902.02
TXN001108,1,0,1,1,0,1,79499.05,54926.51,65,6,23,17,2558.63
TXN001109,1,0,1,0,0,2,50138.86,132598.61,31,9,14,5,3574.78
TXN001110,5,1,0,0,2,0,23767.4,65285.75,36,9,14,48,3635.8
TXN001111,2,0,1,0,1,1,23076.19,53157.97,37,5,19,11,2584.73
TXN001112,2,0,0,1,1,1,46760,81238.19,21,1,3,43,4263.81
TXN001113,6,1,0,0,1,0,1376.5,71918.29,55,0,14,32,3860.35
TXN001114,0,0,0,0,2,0,53369.4,137931.98,49,9,13,33,4186.87
TXN001115,6,1,1,0,1,1,95301.56,75555.97,43,13,6,20,4525.88
TXN001116,4,0,0,1,2,0,15893.33,48826.95,45,8,16,17,2836.87
TXN001117,3,0,0,0,2,2,57547.89,127959.18,29,0,22,13,5093.22
TXN001118,1,0,0,0,0,0,96196.98,149824.93,27,9,8,41,4298.51
TXN001119,6,1,1,1,2,0,86121.95,100744,58,4,3,29,5614.17
TXN001120,0,0,0,0,1,0,85112.82,45064.59,52,8,17,45,3256.6
TXN001121,0,0,1,1,1,1,82274.07,43434.11,50,12,12,2,4067.49
TXN001122,6,1,1,0,1,1,31247.85,18078.94,31,8,14,12,3130.82
TXN001123,5,1,0,1,0,0,89116.37,20821.03,57,5,3,36,4153.95
TXN001124,1,0,1,0,0,1,94163.36,138097.63,40,14,17,18,3654.95
TXN001125,5,1,1,0,0,0,49831.35,23508.19,35,2,9,36,3188.45
TXN001126,3,0,0,1,2,2,35779.82,77808.14,61,1,6,12,5590.93
TXN001127,0,0,0,0,1,1,41715.79,107737.05,29,2,5,14,3624.52
TXN001128,0,0,0,0,2,0,33753.54,129049.67,59,0,12,25,4384.49
TXN001129,4,0,1,1,2,1,21635.63,33977.93,53,2,17,5,3929.22
TXN001130,3,0,0,0,1,2,62035.62,71289.02,42,1,21,26,5584.76
TXN001131,0,0,1,1,0,2,56478.39,45207.23,69,7,8,11,3590.1
TXN001132,3,0,1,0,1,0,46527.21,45815.23,54,14,10,47,1039.01
TXN001133,1,0,1,1,2,1,10036.62,52537.5,57,9,15,24,2418.77
TXN001134,2,0,1,0,2,2,79790.85,92196.27,68,6,7,49,4967.92
TXN001135,0,0,1,0,0,1,17905.89,12320.85,39,0,4,46,2644.3
TXN001136,4,0,0,1,2,0,11898.92,67227.28,23,0,14,15,4788.95
TXN001137,1,0,0,0,2,2,62495.6,36156.22,33,4,1,45,4543.89
TXN001138,6,1,1,1,1,2,40165.11,145396.59,40,3,4,15,5968.57
TXN001139,3,0,1,1,0,1,6450.94,91582.08,26,14,9,2,1107.34
TXN001140,6,1,0,1,1,2,35879.05,131533.37,60,7,18,33,6083.46
TXN001141,5,1,0,0,1,0,77292.15,37396.6,52,7,13,23,3918.57
TXN001142,1,0,1,0,1,0,61717.3,123402.2,46,14,12,41,2898.36
TXN001143,6,1,1,0,2,2,36597.21,68069.54,31,2,13,45,5402.21
TXN001144,0,0,0,1,2,0,19584.58,34877.26,22,4,3,22,2974.5
TXN001145,3,0,0,1,0,2,63363.66,116574.33,38,6,6,29,4644.92
TXN001146,2,0,1,1,2,2,88811.75,116681.55,23,7,17,48,6363.75
TXN001147,1,0,0,0,0,2,64804.14,149424.31,18,2,5,20,4797.08
TXN001148,0,0,0,1,1,2,81383.93,119331.22,48,7,14,16,5514.22
TXN001149,4,0,1,0,1,1,52392.02,30337.41,62,9,10,17,2099.16
TXN001150,5,1,1,0,2,2,71938.13,55156.26,58,8,16,2,5341.15
TXN001151,3,0,1,0,2,0,89674.56,73241.77,45,2,9,46,4070.98
TXN001152,1,0,0,0,0,1,77431.31,27731.39,20,11,15,11,2990.02
TXN001153,1,0,1,0,2,0,91030.47,120325.46,55,1,18,15,4127.08
TXN001154,2,0,0,0,2,2,43398.39,83737.8,69,13,10,37,3804.25
TXN001155,2,0,1,0,2,0,90469.92,142222.94,40,1,6,13,4464.78
TXN001156,4,0,1,0,1,1,62345.94,92503.14,57,4,20,26,4013
TXN001157,5,1,0,1,2,0,87069.85,83205.87,21,11,23,17,4875.44
TXN001158,4,0,0,0,2,1,4417.96,19999.52,23,9,22,19,1929.49
TXN001159,0,0,1,0,1,2,65956.31,30908.43,29,11,22,34,2996.56
TXN001160,0,0,1,1,1,2,84873.52,128933.65,29,0,13,16,6014.07
TXN001161,4,0,0,1,1,0,17833.1,148694.64,24,5,0,19,2986.26
TXN001162,5,1,1,1,1,0,66347.8,68125.08,45,6,16,5,3573.58
TXN001163,4,0,0,1,2,2,82582.99,123412.05,43,11,21,25,5746.93
TXN001164,5,1,0,0,2,2,29150.96,97862.01,65,12,12,6,4428.51
TXN001165,5,1,1,1,2,0,40822.01,144268.3,24,4,7,37,5232.43
TXN001166,6,1,0,1,0,2,57167.01,43339.21,20,10,18,11,5302.02
TXN001167,3,0,0,1,1,1,52157.19,86277,30,7,23,16,3803.3
TXN001168,5,1,0,1,2,1,4399.34,67231.41,69,5,7,20,4272.47
TXN001169,2,0,1,0,2,0,10317.87,85840.24,58,0,16,5,3167.55
TXN001170,5,1,0,1,2,0,10496.42,47640.13,28,8,4,46,3262.83
TXN001171,5,1,1,1,1,2,26595.66,79684.46,56,11,10,36,4533.94
TXN001172,5,1,1,1,1,2,24963.48,97472.58,40,4,13,24,4869.3
TXN001173,6,1,1,1,1,1,74351.13,21370.22,64,12,9,14,4023.83
TXN001174,6,1,0,0,2,0,57488.07,114018.22,18,4,11,10,5427.8
TXN001175,0,0,0,1,1,0,76515.62,108913.21,51,14,2,8,2199.48
TXN001176,6,1,1,1,2,0,7454.66,133264.06,48,0,8,3,4895.73
TXN001177,2,0,1,1,0,0,48778.82,69619.92,50,4,10,2,2776.19
TXN001178,2,0,0,0,1,1,32715.67,18633.68,64,2,8,12,2795.24
TXN001179,6,1,1,1,1,1,85068.96,74604.56,53,9,0,31,4090.69
TXN001180,4,0,1,1,2,0,70925.02,29265.28,53,12,17,5,3254.93
TXN001181,3,0,0,0,1,1,86991.22,100642.55,31,2,2,0,5149.41
TXN001182,6,1,1,1,1,0,5119.5,16598.41,54,10,13,41,2270.38
TXN001183,5,1,0,0,2,1,72221.94,62359.5,49,9,3,4,4366.05
TXN001184,1,0,0,0,2,2,54230.83,21598.01,45,7,4,1,3889.7
TXN001185,3,0,1,1,2,1,82587.5,10471.3,18,8,20,21,4166.68
TXN001186,3,0,0,1,0,0,50962.48,144478.01,64,12,9,31,3157.76
TXN001187,2,0,0,0,2,2,54250.8,149457.83,24,5,4,47,6400.99
TXN001188,3,0,0,0,1,0,5650.85,87770.41,33,2,2,40,2374.2
TXN001189,6,1,1,1,0,2,67018.03,43453.82,49,7,21,49,4925.92
TXN001190,5,1,1,0,2,2,27677.42,137553.87,41,2,19,48,6807.36
TXN001191,5,1,1,0,0,1,2459.55,139225.12,31,6,8,6,3917.16
TXN001192,0,0,0,1,0,1,7110.5,129631.24,64,1,11,20,3294.85
TXN001193,5,1,0,0,1,2,95749.92,86211.8,32,5,1,16,6509.84
TXN001194,5,1,1,0,0,2,34934.69,20458.3,69,7,10,19,3774.04
TXN001195,2,0,1,0,2,2,86873.53,22381.45,18,2,0,0,5099.04
TXN001196,5,1,0,0,0,0,95987.88,135526.77,45,12,22,31,3724.83
TXN001197,0,0,1,0,0,1,94355.09,132615.76,36,8,15,39,4542.88
TXN001198,1,0,1,0,1,0,88231.66,70815.61,24,10,2,31,2786.14
TXN001199,6,1,1,1,1,1,89536.97,55941.65,35,8,12,19,5398.57
TXN001200,2,0,1,0,2,0,29256.3,100177.35,64,2,14,9,3757.61
TXN001201,1,0,1,1,1,1,15571.25,122978.31,30,2,0,5,3467.23
TXN001202,2,0,0,1,2,2,64106.62,112435.89,68,4,22,40,5118.52
TXN001203,4,0,1,1,2,2,49066.51,96184.41,35,8,23,32,4718.93
TXN001204,3,0,1,1,1,1,10325.3,42411.55,21,13,15,9,2163.81
TXN001205,4,0,0,1,0,2,67915.36,46750.68,67,11,14,24,4711.74
TXN001206,5,1,0,1,1,2,56504.57,111369.45,21,12,5,23,5533.54
TXN001207,1,0,0,1,0,0,86375.21,122366.78,44,0,21,30,4343.3
TXN001208,5,1,0,1,0,1,61113.79,26258.93,33,0,14,28,4865.83
TXN001209,3,0,1,0,2,2,57607.64,36221.59,31,0,19,11,5309.21
TXN001210,2,0,1,1,2,1,44354.8,105265.84,31,14,17,42,4688.91
TXN001211,3,0,1,1,1,0,46547.31,64458.12,24,3,16,36,3902.72
TXN001212,0,0,1,1,0,1,95460.93,88861,62,12,13,41,4215.99
TXN001213,3,0,0,0,1,0,14275.38,96074.09,31,6,21,49,2627.28
TXN001214,0,0,0,1,2,0,44898.77,118668.49,59,11,17,8,3700.12
TXN001215,3,0,1,0,0,0,65754.81,122800.37,62,10,16,28,3345.22
TXN001216,6,1,1,1,1,2,43584.56,49213.47,23,1,0,2,4347
TXN001217,0,0,1,1,1,0,28679.95,85781.54,60,11,13,3,1170.24
TXN001218,1,0,1,0,2,1,29092.06,27293.35,55,2,6,20,3241.98
TXN001219,5,1,0,1,2,1,23748.78,127882.12,44,3,0,5,5564.89
TXN001220,5,1,1,0,2,2,34718.37,128362.71,28,0,2,1,5682.22
TXN001221,4,0,0,0,2,2,87231.64,51930.8,48,1,10,36,5151.91
TXN001222,5,1,0,1,1,0,50769.84,32486.83,68,1,17,19,4343.59
TXN001223,2,0,0,1,2,0,24403.75,19812.85,66,13,13,44,2095.25
TXN001224,6,1,0,0,2,0,38760.41,90496.7,20,10,2,32,3286.72
TXN001225,3,0,1,0,1,2,11030.13,22799.93,18,14,1,13,1382.49
TXN001226,4,0,1,1,1,2,90451.56,105283.28,33,14,19,19,4413.4
TXN001227,2,0,1,1,0,1,41115.68,104937.7,61,5,14,42,3843.03
TXN001228,2,0,1,1,1,0,98048.92,95958.24,44,3,6,1,4111.43
TXN001229,0,0,0,0,0,0,35080.11,132718.47,63,11,12,46,1946.59
TXN001230,5,1,0,1,2,1,83717.43,62959.3,67,6,3,6,6360.89
TXN001231,1,0,0,0,0,1,26010.34,136317.74,20,11,7,36,3025.83
TXN001232,1,0,1,1,0,1,8077.21,15169.55,25,10,20,11,1573.93
TXN001233,4,0,0,0,2,1,3657.47,25785.98,67,11,1,48,2477.62
TXN001234,6,1,0,0,2,0,60813.76,67708.78,33,7,12,15,4724.36
TXN001235,1,0,0,1,2,2,31501.58,93159.02,64,1,3,16,5860
TXN001236,3,0,0,0,0,0,44630.23,14532.59,19,1,12,30,2289.49
TXN001237,1,0,1,0,1,1,81955.38,89440.83,46,4,15,6,4587.49
TXN001238,4,0,0,0,1,2,25186.75,53035.76,33,3,11,25,4305.31
TXN001239,1,0,0,0,1,0,31210.92,134200.55,46,11,12,0,3024.24
TXN001240,3,0,1,0,2,1,84610.95,84659.84,48,13,22,1,3766.57
TXN001241,0,0,1,1,2,2,49529.85,92305.15,59,9,0,30,4074.86
TXN001242,6,1,1,1,1,2,82852.68,142387.05,28,1,22,19,8040.29
TXN001243,4,0,0,0,2,2,37760.36,116983.94,68,8,2,36,3460.78
TXN001244,0,0,0,1,0,0,40137.81,71358.26,49,8,22,32,1960.64
TXN001245,0,0,0,0,0,1,17130.27,76763.15,41,12,2,12,1832.69
TXN001246,0,0,0,0,2,0,91676.41,100709.34,36,9,11,0,4371.88
TXN001247,2,0,1,1,1,0,89729.98,38027.89,49,12,23,32,2793.44
TXN001248,6,1,0,0,1,0,98429.59,22411.12,27,11,3,2,3743.93
TXN001249,5,1,0,0,0,2,40543.49,53573.11,66,3,0,36,3449.49
TXN001250,6,1,1,0,2,1,81952.19,118973.59,49,1,16,18,6394.75
TXN001251,2,0,1,1,1,0,41787.9,46025.33,40,2,19,43,3169.33
TXN001252,5,1,1,1,1,1,45702.73,28306.29,50,7,8,39,4807.5
TXN001253,6,1,0,0,2,2,83084.94,40663.16,47,12,4,31,5206.48
TXN001254,0,0,0,0,2,0,18147.99,105056.21,47,10,20,4,2550.64
TXN001255,4,0,0,0,1,1,22420.94,95952.73,24,7,2,46,3522.93
TXN001256,5,1,0,0,2,2,31815.46,106364.1,33,11,20,42,5652.02
TXN001257,3,0,0,0,2,0,78923.81,55074.14,60,13,6,46,3284.17
TXN001258,3,0,1,1,2,0,37578.83,136119.86,67,6,2,36,3508.17
TXN001259,1,0,1,1,1,1,36137.74,73247.85,18,12,4,5,2735.23
TXN001260,5,1,0,1,0,1,99882.23,81919.82,47,3,11,35,6246.31
TXN001261,4,0,0,1,2,0,38688.71,142833.12,51,0,2,36,3893.18
TXN001262,2,0,0,0,1,0,25153.17,147098.82,51,9,0,12,2267.62
TXN001263,0,0,0,0,0,2,62509.76,102615.98,55,8,21,11,3844.67
TXN001264,1,0,0,1,1,2,80287.06,142273.85,48,14,2,5,5728.09
TXN001265,3,0,1,1,1,0,7425.98,85811.03,25,6,15,29,2557.37
TXN001266,2,0,1,0,1,1,62079.78,53019.61,37,12,17,36,3151.88
TXN001267,2,0,1,1,0,1,4055.68,54113,63,0,2,27,2325.87
TXN001268,0,0,0,0,1,0,52870.07,88251.68,46,13,4,9,1767.5
TXN001269,5,1,0,0,0,2,26070.66,94705.06,48,14,4,27,3516.26
TXN001270,3,0,1,0,2,0,31010.85,71546.39,38,4,8,5,2269.06
TXN001271,4,0,1,1,0,1,46976.05,133728.01,43,2,11,8,4646.99
TXN001272,2,0,0,1,1,0,92747.19,69737.46,48,1,15,23,5013.61
TXN001273,0,0,1,1,0,0,71211.4,48279.31,37,2,8,17,3439.65
TXN001274,4,0,1,1,1,2,93716.14,11117.46,39,5,17,3,4545.71
TXN001275,5,1,0,1,2,1,66167.11,145879.7,57,11,21,44,6534.65
TXN001276,3,0,1,0,0,1,1207.22,125403.86,43,6,10,22,2034.26
TXN001277,5,1,1,1,2,0,26925.73,96178.34,34,9,21,26,3915.31
TXN001278,2,0,1,0,0,1,90624.37,126275.92,42,8,16,3,3397.57
TXN001279,4,0,0,0,1,1,64522.83,123440.49,54,12,0,12,3051.58
TXN001280,4,0,1,0,0,1,98173.9,140459.11,44,9,2,10,4216.49
TXN001281,4,0,1,1,2,1,16018.42,64049.48,20,11,4,10,3349.83
TXN001282,2,0,1,1,0,2,30026.41,87679.31,41,14,21,18,2553.91
TXN001283,2,0,0,1,2,2,36555.58,23807.92,42,10,0,32,3640.36
TXN001284,5,1,0,1,2,2,32992.5,145144.16,67,6,14,13,6219.5
TXN001285,1,0,1,1,1,2,25573.16,147917.79,27,11,16,12,4246.92
TXN001286,5,1,0,1,0,2,44624.84,120471.79,53,0,3,6,5631.25
TXN001287,3,0,1,1,2,1,64408.66,73576.94,59,12,21,32,4762.47
TXN001288,0,0,0,1,1,0,31470.06,79519.35,35,6,23,31,2675.82
TXN001289,4,0,0,0,1,0,8430.14,70951.37,62,12,22,44,2010.04
TXN001290,1,0,1,1,1,2,70998.99,51063.49,34,0,13,36,5644.17
TXN001291,0,0,1,0,2,1,46172.15,83890.8,31,12,1,7,2986.22
TXN001292,1,0,1,0,0,2,55869.99,17482.31,36,7,3,45,3121.57
TXN001293,6,1,0,0,2,0,45812.37,148864.19,35,1,4,33,4606.35
TXN001294,5,1,1,0,1,1,89090.57,69367.02,40,1,23,18,4952.36
TXN001295,2,0,0,1,2,1,56095.13,139831.32,25,0,6,35,5267.4
TXN001296,4,0,0,1,2,1,92366.05,111398,67,8,3,33,5459.99
TXN001297,5,1,1,0,1,0,51302.25,50592.01,33,11,7,35,3112.08
TXN001298,0,0,0,0,0,0,29612.52,41087.37,42,12,10,5,539.16
TXN001299,6,1,1,0,1,2,35866.54,149394.56,60,14,7,49,4782.18
TXN001300,6,1,0,1,1,2,52451.86,118097.69,49,13,3,0,4977.86
TXN001301,6,1,1,0,2,0,53233.95,44952.61,66,10,10,44,3412.73
TXN001302,0,0,0,0,1,2,68890.1,19442.31,67,7,11,29,3969.8
TXN001303,0,0,0,1,2,0,22837.24,107568.32,36,8,1,14,2931.8
TXN001304,0,0,1,0,1,1,66054.87,52422.3,35,7,14,8,3425.6
TXN001305,0,0,0,1,1,2,77969.51,40986.31,49,3,13,28,5860.52
TXN001306,6,1,1,1,0,0,67820.9,112891.24,63,8,18,1,3549.75
TXN001307,6,1,0,0,1,0,48441.9,105096.59,66,14,20,29,2989.7
TXN001308,1,0,0,0,0,0,99172.22,77397.77,57,7,16,45,3757.09
TXN001309,5,1,0,0,1,2,40778.91,141971.83,32,0,15,3,7008.13
TXN001310,4,0,1,1,1,2,11105.77,105149.37,66,9,4,18,3376.49
TXN001311,2,0,1,1,1,1,82239.67,135078.74,38,13,19,19,3839.67
TXN001312,6,1,1,1,0,2,21614.02,36677.41,28,4,20,4,3560.38
TXN001313,2,0,1,0,2,2,71471.91,51530.43,46,13,0,8,3645.72
TXN001314,5,1,1,0,0,2,18308.14,24632.82,49,8,9,19,3632.54
TXN001315,5,1,0,0,1,1,2179.3,52641.2,23,12,6,48,2801.72
TXN001316,2,0,0,0,2,1,16399.96,146048.97,36,11,9,15,3836.12
TXN001317,6,1,1,0,1,1,38010.38,144799.87,33,7,15,48,4960.92
TXN001318,2,0,0,0,0,2,11108.52,116454.09,29,0,4,19,3559.18
TXN001319,1,0,0,1,0,0,20169.07,82946.76,32,5,18,19,3236.94
TXN001320,3,0,0,1,2,2,76580.31,119309.17,28,10,5,25,6615.33
TXN001321,6,1,0,1,0,1,77103.42,87488.17,56,5,11,38,5569.61
TXN001322,6,1,1,0,1,2,81840.08,10491.19,27,1,5,32,5198.75
TXN001323,4,0,0,1,2,2,84194.95,80216.59,68,10,9,11,5953.56
TXN001324,0,0,1,1,1,0,42333.37,93849.28,54,1,9,20,3825.73
TXN001325,3,0,1,1,2,0,86821.19,47204.77,66,0,12,22,4393.65
TXN001326,5,1,0,0,2,2,52830.72,38461.1,41,5,18,19,5729.81
TXN001327,6,1,1,0,1,1,47324.41,48333.27,68,8,16,22,3597.51
TXN001328,2,0,0,1,0,2,71994.36,97307.88,53,7,15,48,4593.69
TXN001329,3,0,0,0,1,2,21774.93,30448.98,18,4,3,46,3298.1
TXN001330,4,0,0,0,0,2,79054.99,110845.96,63,7,19,5,3672.8
TXN001331,5,1,1,0,0,1,43231.85,69174.47,34,1,2,44,4188.86
TXN001332,0,0,1,0,1,1,13165.89,59468.7,31,11,4,11,1577.15
TXN001333,0,0,1,1,2,1,12371.54,123012.38,55,10,12,34,4218.42
TXN001334,4,0,0,0,1,1,16908.22,80848.85,42,5,13,7,3960.4
TXN001335,4,0,0,1,2,1,89111.99,62976.08,54,11,8,26,5289.65
TXN001336,2,0,0,1,0,2,99098.31,132941.66,52,1,8,15,6113.8
TXN001337,6,1,1,0,2,1,36018.89,61555.23,39,7,7,46,4123.46
TXN001338,0,0,0,0,1,2,29568.31,130260.04,64,11,9,31,3916.43
TXN001339,5,1,0,0,2,2,22267.71,80587.82,24,1,21,28,5095.13
TXN001340,3,0,1,1,0,2,82469.74,39120.99,28,4,19,6,3997.81
TXN001341,5,1,1,1,0,0,21316.14,95794.55,27,12,17,15,2457.28
TXN001342,1,0,1,1,2,1,92446.97,49945.29,31,11,11,28,5146.28
TXN001343,1,0,0,1,0,1,66901.36,30601.72,52,6,12,24,3475.7
TXN001344,4,0,0,1,0,2,89764.22,22114.11,63,6,15,42,4691.31
TXN001345,2,0,0,1,2,0,55623.98,43837.63,66,3,2,35,3788.53
TXN001346,1,0,1,1,0,1,69222.65,113117.65,53,7,8,47,4606.52
TXN001347,0,0,1,0,2,2,62136.08,127319.89,23,13,15,3,4059.2
TXN001348,5,1,1,1,2,0,83203.95,130640.92,69,6,16,26,4891.16
TXN001349,5,1,1,1,0,2,83668.15,47820.76,22,9,15,22,5232.16
TXN001350,4,0,0,1,2,0,59184.4,102536.21,59,4,22,22,3673.12
TXN001351,6,1,0,1,0,2,63434.51,42249.57,24,13,9,29,5298
TXN001352,6,1,0,0,0,1,92226.65,97186.7,32,3,21,42,5085.86
TXN001353,3,0,0,1,0,2,93021.72,134209.54,38,13,17,23,6106.57
TXN001354,4,0,0,1,1,2,66592.85,15725.12,35,1,20,47,5013.94
TXN001355,3,0,0,0,0,0,1271.55,147931.59,18,1,1,15,2413.2
TXN001356,6,1,0,0,2,0,10888.92,125792.3,21,3,13,6,4113.88
TXN001357,4,0,0,1,2,1,85865.28,116632.7,28,7,4,22,5938.67
TXN001358,4,0,1,1,2,2,8929.05,106790.81,27,10,5,37,4705.33
TXN001359,4,0,1,1,1,0,21745.16,117838.34,62,5,19,30,3303.39
TXN001360,6,1,0,1,1,1,23439.39,149243.35,36,8,0,41,4697.51
TXN001361,3,0,1,1,2,1,60223.36,117826.78,59,1,14,18,5880.87
TXN001362,3,0,0,1,2,0,57874.96,59224.11,47,12,2,46,3499.59
TXN001363,4,0,0,0,1,0,29297.04,95949.06,67,6,20,3,1848.17
TXN001364,1,0,1,0,2,2,21157.33,57169.22,58,13,18,5,2590.44
TXN001365,2,0,0,1,0,1,76570.94,145809.16,58,0,23,18,5076.04
TXN001366,6,1,0,1,0,0,93577.89,136019.56,37,1,17,26,6322.46
TXN001367,2,0,0,1,2,1,5754.17,89466.83,44,13,14,28,3140.93
TXN001368,2,0,0,0,0,2,13751.46,119378.33,29,10,17,11,3564.2
TXN001369,3,0,0,1,2,0,64395.32,137356.17,31,8,0,37,3866.93
TXN001370,3,0,0,0,1,1,80541.92,44104.04,51,12,13,12,3149.89
TXN001371,1,0,0,0,2,0,79223.27,91127.46,59,7,16,27,4231.63
TXN001372,2,0,1,1,1,2,72108.47,77440.28,67,8,19,4,4062.57
TXN001373,2,0,1,0,0,2,88799.08,118022.79,55,13,7,45,4877.51
TXN001374,4,0,0,1,0,2,22126.21,63071.55,19,6,23,45,3991.67
TXN001375,3,0,1,0,0,2,11175.45,109257.15,66,11,7,16,1938.47
TXN001376,2,0,0,1,2,0,61728.62,66419.03,49,9,16,26,4230.95
TXN001377,5,1,0,1,1,0,82316.45,25550.48,35,14,0,25,2833.69
TXN001378,1,0,0,0,1,1,58413.34,24997,67,11,6,3,2419.72
TXN001379,5,1,0,0,0,1,96318.25,26667.89,38,10,22,7,3933.97
TXN001380,5,1,1,0,0,0,79658.66,14552.78,63,8,13,25,2997.42
TXN001381,6,1,1,1,1,0,70228.78,84616.24,28,3,20,32,4796.2
TXN001382,6,1,1,0,2,1,6495.6,104066.38,47,2,23,11,3607.86
TXN001383,1,0,1,0,0,0,11220.35,27741.98,36,3,5,12,513.71
TXN001384,5,1,0,1,2,2,78591.34,95660.12,65,4,16,20,7051.47
TXN001385,2,0,1,1,0,2,20224.67,93683.61,57,11,13,36,3768.12
TXN001386,3,0,0,0,0,2,3369.1,30593.17,67,9,6,24,2769.2
TXN001387,1,0,0,0,2,1,91120.69,66571.56,47,13,14,38,4355.68
TXN001388,4,0,1,0,2,0,89135.13,115719,52,3,7,2,4613.56
TXN001389,5,1,0,1,2,1,22239.14,12345.84,21,3,23,18,4599.03
TXN001390,1,0,1,1,2,1,78130.52,30572.7,38,11,15,6,3932.74
TXN001391,0,0,1,0,1,0,5273.98,149415.97,22,6,9,16,3003.03
TXN001392,0,0,1,1,1,1,28863.27,112696.29,53,3,8,12,3647.69
TXN001393,6,1,1,0,0,2,62554.86,74978.24,44,3,18,23,4873.69
TXN001394,3,0,1,0,0,0,76436.31,98172.2,24,8,1,44,2580.93
TXN001395,2,0,0,1,0,2,1534.72,128470.94,48,8,7,7,3817.82
TXN001396,3,0,1,0,1,2,32957.76,127922.64,37,13,10,7,3887.65
TXN001397,3,0,1,0,2,0,21827.38,55458.2,42,14,3,44,1474.64
TXN001398,3,0,0,1,0,2,99878.65,78780.8,55,4,17,1,5296.51
TXN001399,3,0,1,0,1,2,67262.73,99327.71,42,8,17,29,4492.08
TXN001400,4,0,1,0,0,2,40864.31,20065.57,34,10,1,2,1457.16
TXN001401,4,0,0,1,1,0,8027.43,142411.52,63,1,4,44,3446.75
TXN001402,6,1,0,0,2,0,60067.69,70583.86,54,11,13,25,3800.57
TXN001403,1,0,1,0,1,0,64349.3,61920.73,32,11,12,16,2115.35
TXN001404,0,0,0,1,2,1,81732.39,136994.05,27,11,7,37,5578.06
TXN001405,3,0,1,1,0,2,29213.4,26560.13,51,12,10,2,2476.57
TXN001406,6,1,0,1,2,1,98152.09,15496.51,61,4,21,32,5725.02
TXN001407,1,0,1,0,1,1,44226.84,105900.34,60,10,7,29,2611.07
TXN001408,0,0,1,1,0,2,29946.4,63900.42,24,6,14,14,4318.05
TXN001409,5,1,1,0,0,0,35170.71,117026.61,56,7,5,7,2824.02
TXN001410,2,0,0,1,1,1,52198.81,19596.25,68,11,16,29,3155.86
TXN001411,4,0,1,0,2,0,93701.81,63726,42,4,10,22,3683.73
TXN001412,5,1,0,0,1,0,73648.3,42945.53,56,11,6,11,3107.4
TXN001413,0,0,1,1,2,2,57922.41,113544.91,63,8,1,38,4889.59
TXN001414,5,1,1,0,2,1,16699.63,41803.82,61,11,2,47,2499.84
TXN001415,2,0,1,0,0,1,15360.65,74112.35,45,10,17,7,1178.63
TXN001416,6,1,1,1,2,0,50468.59,124642.86,59,2,23,8,4887.38
TXN001417,0,0,1,0,0,2,73006.52,138154.67,44,12,20,7,3662.08
TXN001418,5,1,0,0,1,1,75225.71,111164.81,54,11,19,37,5175.39
TXN001419,4,0,0,0,1,0,22978.48,70091.98,56,7,22,32,1855.22
TXN001420,4,0,0,1,0,0,10459.9,90078.02,55,10,13,47,2625.65
TXN001421,1,0,1,1,0,0,38753.87,106556.59,69,8,8,32,2837.97
TXN001422,5,1,1,1,2,2,91858.17,132490.57,45,6,7,44,7733.73
TXN001423,3,0,0,1,0,2,54764.04,134400.36,51,4,23,10,5077.33
TXN001424,5,1,1,1,1,0,32349.93,140335.73,46,8,17,22,4185.49
TXN001425,6,1,1,1,0,0,32701.95,123499.55,62,10,11,42,2886.14
TXN001426,0,0,1,1,0,2,13642.66,30551.71,65,13,11,42,1969.28
TXN001427,0,0,0,1,0,0,47585.76,114669.53,25,12,9,24,2922.29
TXN001428,6,1,0,0,2,0,79240.59,124042.93,30,7,8,14,5622.02
TXN001429,5,1,0,0,0,2,96871.59,132902,63,11,1,9,4781.43
TXN001430,6,1,0,0,2,0,50408.7,139474.37,54,7,23,19,4270.04
TXN001431,2,0,0,0,2,0,17137.88,81282.37,20,5,20,15,3099.85
TXN001432,6,1,1,1,0,0,68453.56,101712.98,31,1,10,34,4981.96
TXN001433,4,0,1,0,2,2,75800.74,11337.39,49,3,21,33,3507.94
TXN001434,6,1,1,0,0,2,7634.13,90189.7,40,14,9,20,2614.81
TXN001435,0,0,1,0,1,2,85088.84,76247.77,40,11,7,45,5315.62
TXN001436,4,0,0,0,1,1,83017.58,144722.85,30,0,4,46,5778
TXN001437,0,0,0,0,2,1,47517.83,136239.3,66,11,21,39,2877.88
TXN001438,1,0,1,1,1,1,56262.04,121664.55,58,9,4,0,3749.77
TXN001439,3,0,0,1,0,1,71484.1,17979.19,56,4,8,24,4410.53
TXN001440,0,0,1,0,2,2,67836.44,66284.04,67,12,10,45,4529.09
TXN001441,4,0,1,0,0,0,2145.33,107445.91,38,13,11,13,1040.12
TXN001442,1,0,1,0,2,2,12682.31,14152.5,60,9,4,18,1803.83
TXN001443,0,0,1,0,2,1,16677.76,43013.93,65,0,5,7,2730.34
TXN001444,2,0,0,1,2,2,75689.75,134251.01,48,5,0,40,5499.02
TXN001445,6,1,1,0,2,0,44288.31,28169.31,67,9,15,14,2383.48
TXN001446,3,0,0,1,1,1,54777.51,17192.29,24,7,23,43,3012
TXN001447,0,0,1,0,1,0,77382.4,91282.01,53,12,13,17,3531.24
TXN001448,1,0,1,1,1,0,34427.74,142505.05,36,13,23,0,2699.82
TXN001449,2,0,1,1,2,0,75014.58,126847.46,39,9,13,46,5474.16
TXN001450,5,1,1,1,1,1,44508.78,146468.15,41,0,23,32,4930.47
TXN001451,1,0,0,0,2,2,38029.43,115493.24,41,5,12,0,5081.83
TXN001452,6,1,1,0,1,1,33637.21,71231.77,38,11,11,33,3246.82
TXN001453,1,0,0,1,2,1,96512.01,142526.3,60,3,22,3,5485.06
TXN001454,2,0,1,0,1,2,77311.35,69728.66,30,14,6,16,4091.29
TXN001455,1,0,1,0,1,2,2509.5,59013.25,23,12,5,1,2386.84
TXN001456,2,0,1,1,1,2,95762.84,72747.43,45,14,22,38,4767.22
TXN001457,0,0,0,0,2,2,77656.24,123956.35,49,8,8,9,5070.24
TXN001458,2,0,1,1,2,0,15342.88,138477.1,30,11,20,41,3452.67
TXN001459,2,0,1,0,1,1,8095.64,60075.5,51,7,15,44,2626.75
TXN001460,3,0,1,0,2,1,31165.31,74714.64,49,11,8,36,2910.37
TXN001461,2,0,1,1,0,1,62606.06,135765.83,31,3,13,25,4696.01
TXN001462,2,0,1,1,1,2,61846.4,16586.11,49,10,8,26,3334.67
TXN001463,5,1,0,1,1,1,27947.09,119741.62,62,11,3,38,3469.07
TXN001464,0,0,0,1,0,0,44844.66,73590.49,22,10,8,24,3676.13
TXN001465,6,1,1,0,2,1,21583.07,62712.57,52,1,7,28,4395.72
TXN001466,3,0,1,0,2,1,5532.58,72568.98,21,12,13,45,2867.77
TXN001467,5,1,0,0,2,0,51938.56,68616.69,31,12,4,17,3924.23
TXN001468,4,0,1,1,1,0,35025.62,115926.61,35,5,15,21,3226.73
TXN001469,0,0,0,0,1,1,54516.8,139912.65,28,13,9,25,4118.52
TXN001470,0,0,1,0,1,2,94677.48,78803.82,36,2,2,25,5454.09
TXN001471,4,0,1,0,1,2,14765.35,126582.73,19,0,8,20,4150.31
TXN001472,6,1,0,1,1,1,695.22,112472.23,51,13,2,20,3191.83
TXN001473,2,0,1,1,2,1,8149.38,56295.31,20,13,18,41,2663.64
TXN001474,5,1,0,0,0,1,46539.48,92223.93,46,10,18,7,3817.12
TXN001475,1,0,0,0,2,1,70839.74,103354.19,40,6,0,1,4142.49
TXN001476,3,0,0,1,2,2,58285.98,13289.91,65,3,21,45,5422.29
TXN001477,1,0,1,1,1,1,49742.01,65433.78,18,13,18,33,3916.31
TXN001478,4,0,0,1,0,0,35719.33,148969.34,59,14,14,11,2579.51
TXN001479,0,0,0,1,0,2,31342.43,99215.9,23,8,18,48,4713.32
TXN001480,6,1,1,0,2,2,37940.47,56794.17,34,14,6,17,4425.34
TXN001481,0,0,1,1,0,0,61357.68,45003.37,36,12,23,16,2005.57
TXN001482,3,0,1,0,2,1,17191.52,39327.42,61,9,0,14,2313.67
TXN001483,0,0,1,1,2,1,77250.53,66229.8,69,9,23,2,3276.12
TXN001484,0,0,1,0,2,1,57737.7,37057.2,65,10,15,20,2379.8
TXN001485,3,0,1,0,2,1,27281.06,28926.07,19,13,7,18,2139.39
TXN001486,5,1,0,1,1,1,50364.72,60968.86,32,10,11,31,5091.1
TXN001487,5,1,1,0,0,0,96296.48,94979.96,40,10,23,10,3336.23
TXN001488,3,0,0,0,1,1,2538.91,30495.89,36,2,5,17,2233.21
TXN001489,6,1,1,0,1,0,20352.5,16208.06,50,14,9,28,1575.42
TXN001490,4,0,0,1,1,0,45113.83,14848.59,23,12,13,2,2142.04
TXN001491,0,0,0,1,2,0,64024.75,47433.8,67,11,4,49,3432
TXN001492,6,1,1,1,2,1,21616.71,36618.52,36,12,3,3,3126.03
TXN001493,0,0,1,0,1,1,93174.69,85495.75,47,9,22,27,4353.17
TXN001494,4,0,0,0,1,2,64435.92,73800.83,39,14,13,8,4520.86
TXN001495,5,1,1,0,0,2,87804.48,55467.33,20,9,16,37,5370.28
TXN001496,6,1,1,0,1,0,33267.13,126696,22,14,0,6,2444.8
TXN001497,2,0,0,1,2,2,82980.92,80692.58,47,9,16,0,6152.22
TXN001498,2,0,0,0,1,0,38132.81,22814.2,20,11,19,34,2045.29
TXN001499,2,0,0,0,0,2,25648.8,51407.01,56,11,8,46,2931.52
TXN001500,5,1,1,0,0,1,91209.71,146267.5,56,0,15,33,5020.68
TXN001501,5,1,1,1,1,1,9675.74,146776.82,45,11,2,8,3815.55
TXN001502,4,0,1,0,0,0,94317.44,45654.03,18,1,9,25,2971.42
TXN001503,0,0,1,1,0,0,46122.26,33413.06,39,3,16,7,2255.44
TXN001504,4,0,0,1,2,1,99266.23,79396.34,62,11,15,18,5281.87
TXN001505,4,0,1,0,0,1,54189.67,77405.09,62,11,0,25,1428.37
TXN001506,5,1,0,0,0,1,75870.07,67419.28,64,10,18,45,4213.08
TXN001507,2,0,1,0,1,2,1203.57,84110.01,68,6,14,9,3295.86
TXN001508,1,0,1,0,2,2,49918.35,42507.35,56,13,6,42,3309.92
TXN001509,0,0,0,1,0,2,73876.62,26090.11,34,7,7,29,4550.39
TXN001510,5,1,1,1,1,2,78391.29,89864.6,59,13,3,39,4822.89
TXN001511,2,0,1,1,1,0,16225.83,140563.72,68,3,11,35,2988.38
TXN001512,6,1,0,1,1,0,42187.61,29284.9,45,2,1,30,3745.62
TXN001513,1,0,1,1,1,2,42197.66,108674.06,67,9,6,7,4416.07
TXN001514,1,0,0,1,1,0,10812.26,71305.54,47,8,5,41,1980.61
TXN001515,5,1,0,1,1,2,44583.03,51156.72,57,14,1,46,5187.69
TXN001516,3,0,0,1,0,2,80805.75,129435.29,25,14,6,12,4781.72
TXN001517,0,0,0,1,2,1,30367.98,73908.84,44,7,1,36,3984.41
TXN001518,1,0,1,1,2,2,43541.16,91663.68,58,12,3,29,4118.81
TXN001519,5,1,1,0,1,0,96115.39,72027.88,62,5,15,14,4103.83
TXN001520,5,1,1,0,1,2,3654.95,21374.94,42,8,5,34,3829.19
TXN001521,2,0,0,0,2,1,59356.42,93286.66,30,7,9,2,5037.18
TXN001522,6,1,1,1,0,0,74471.89,68637.74,51,6,22,28,2905.64
TXN001523,3,0,1,0,1,1,76207.8,22145.92,56,12,13,23,2625.15
TXN001524,0,0,1,1,2,2,71735.83,93413.64,24,5,2,44,7049.11
TXN001525,4,0,1,1,2,2,72781.92,11381.93,69,9,13,22,4401.25
TXN001526,6,1,0,0,1,2,6371.76,39192.85,39,2,10,8,4398.44
TXN001527,6,1,0,1,2,2,53646.59,119349.74,50,11,10,1,6630.98
TXN001528,2,0,1,0,0,0,78405.42,15309.84,63,10,20,14,1652.51
TXN001529,1,0,0,1,2,2,9859.47,100535.49,55,12,10,31,3355.52
TXN001530,1,0,1,1,1,1,1698.97,142958.97,48,5,3,17,3482.15
TXN001531,2,0,1,0,1,0,81548.9,33966.94,62,3,4,28,3470.37
TXN001532,5,1,1,0,2,0,71373.29,68395.66,50,4,5,39,4448.18
TXN001533,1,0,0,0,2,0,41514.54,90569.68,69,6,21,2,2264.52
TXN001534,3,0,1,0,1,1,94069.45,73058.22,39,12,13,32,3568.13
TXN001535,0,0,0,0,0,1,76776.51,96852.88,44,13,6,6,3024.43
TXN001536,6,1,0,0,2,1,96802.16,66573.65,44,6,5,29,5996.87
TXN001537,6,1,1,1,0,1,92966.87,30790.58,38,11,13,26,5618.1
TXN001538,3,0,0,1,0,2,48388.71,22466.21,52,8,21,37,3381.52
TXN001539,1,0,0,1,1,2,75593.54,114222.04,64,8,15,28,5833.88
TXN001540,6,1,1,1,1,1,67084.54,43407.35,67,5,3,30,3782.93
TXN001541,4,0,0,0,1,1,81238.8,128643.04,27,5,17,0,4142.22
TXN001542,0,0,0,1,0,2,78875,114023.81,64,12,6,40,4638.97
TXN001543,0,0,1,1,1,2,15746.58,16923.45,45,1,22,42,3752.34
TXN001544,6,1,1,0,1,1,23756.69,38169.56,57,7,18,26,2972.3
TXN001545,2,0,0,1,0,0,26940.29,50878.97,54,2,13,26,2723.9
TXN001546,6,1,1,0,0,0,81940.61,93227.51,58,0,14,28,4141.29
TXN001547,2,0,1,0,0,1,81168.8,123375.78,50,3,20,4,3726.04
TXN001548,6,1,0,0,0,0,49785.87,18446.66,68,4,5,2,2137.65
TXN001549,4,0,0,1,2,2,58292.81,44945.25,25,2,9,28,5400.45
TXN001550,5,1,1,0,1,0,82778.75,62669.37,54,13,2,40,2505.67
TXN001551,0,0,0,1,2,1,31603.06,35672.8,67,6,12,38,4562.55
TXN001552,6,1,1,1,0,0,5492.79,86340.89,58,10,18,12,1803.98
TXN001553,4,0,1,1,0,0,48518.35,76920.35,50,4,20,32,2623.35
TXN001554,2,0,0,0,0,0,91414.86,54309.39,36,10,17,19,3252.37
TXN001555,2,0,0,0,0,2,79151.59,82364.16,47,9,2,2,3528.82
TXN001556,0,0,1,0,0,2,36978.42,59815.02,31,4,21,5,3303.71
TXN001557,3,0,1,1,1,2,6944.75,58047.17,31,5,2,42,3274.15
TXN001558,6,1,1,1,2,1,63873.49,47155.37,53,10,16,16,5421.18
TXN001559,1,0,1,0,2,0,83531.83,85661.31,24,10,22,46,3738.06
TXN001560,2,0,0,1,1,2,66662.38,72176.16,69,5,6,3,4804.27
TXN001561,5,1,1,0,1,2,42794.93,37485.47,60,8,1,32,3539.83
TXN001562,5,1,0,0,1,0,12773.68,11815.28,51,2,4,32,2809.64
TXN001563,2,0,0,1,2,1,91122.04,31130.14,67,7,8,5,4768.23
TXN001564,3,0,1,1,2,0,27957.85,15996.84,49,10,2,40,850.18
TXN001565,3,0,0,0,0,1,22816.56,70423.84,59,6,7,13,2116.35
TXN001566,4,0,0,1,2,0,81689.68,41513.56,50,8,3,45,4182.72
TXN001567,5,1,1,0,2,2,98131.38,68863.75,31,4,2,6,5593.98
TXN001568,4,0,0,0,1,2,66185.95,56122.98,42,6,17,5,4108.41
TXN001569,5,1,0,1,2,2,62668.64,85322.07,45,7,14,2,6241.39
TXN001570,6,1,1,0,0,1,32283.37,111341.36,59,8,10,36,4207.07
TXN001571,6,1,1,1,2,0,2531.14,77103.95,67,7,4,21,3320.79
TXN001572,1,0,1,0,1,1,19583.89,18675.53,56,11,15,37,1995.05
TXN001573,6,1,1,1,1,2,58650.83,12451.47,47,11,23,7,3446.22
TXN001574,1,0,1,1,0,1,15555.99,39852.36,48,1,18,23,2425.77
TXN001575,6,1,1,0,0,1,88441.66,69495.45,41,10,3,12,4008.89
TXN001576,0,0,1,1,2,1,19220.4,16286.7,68,5,21,12,2946.32
TXN001577,6,1,0,1,0,0,52449.39,55882.73,21,3,10,0,3469.61
TXN001578,4,0,0,0,0,1,51445.32,134183.6,31,12,11,40,4255.51
TXN001579,2,0,1,1,1,1,60592.59,22602.66,26,12,4,35,2903.62
TXN001580,4,0,0,0,1,1,33079.69,142792.31,53,13,9,31,3627.84
TXN001581,2,0,0,1,2,2,87416.65,129934.05,23,3,9,4,8166.08
TXN001582,3,0,1,0,2,2,44708,126449.36,41,8,18,48,4841.3
TXN001583,4,0,0,0,2,0,70165.28,130912.19,43,6,4,6,4109.44
TXN001584,3,0,1,0,2,2,63773.13,21207.04,51,5,4,49,4124.02
TXN001585,1,0,0,0,1,0,12157.03,31163.53,18,1,3,44,2399.88
TXN001586,1,0,1,1,2,2,62452.62,28812.14,40,14,23,31,4492.22
TXN001587,0,0,0,0,2,0,55294.92,25573.85,34,0,3,27,3308.82
TXN001588,6,1,0,1,0,0,89911.1,55879.57,53,9,1,32,3604.29
TXN001589,4,0,0,0,2,0,88147.23,126230.36,54,13,2,45,4336.67
TXN001590,3,0,1,1,0,2,15520,45274.7,67,3,3,13,2272.85
TXN001591,2,0,0,0,1,1,8627.67,44191.04,62,14,7,12,1602.71
TXN001592,1,0,0,1,2,2,29811.93,104624.43,37,8,8,28,5041.41
TXN001593,6,1,1,1,0,1,98667.98,23569.51,43,3,21,49,4828.86
TXN001594,1,0,1,0,2,2,2646.59,60439.2,28,1,7,39,3807.39
TXN001595,2,0,0,0,0,1,67452.78,51359.68,37,12,11,0,2156.13
TXN001596,6,1,0,0,2,2,61047.12,128622.12,18,7,9,46,5998.76
TXN001597,6,1,0,1,1,0,64834.54,82030.18,61,5,4,48,4485.9
TXN001598,3,0,0,1,1,0,22219.45,100506.3,30,0,4,48,4000.63
TXN001599,3,0,1,1,0,0,23058.38,28064.81,53,3,23,26,1752.11
TXN001600,4,0,0,1,0,1,43348.89,140048.56,61,9,14,29,3473.28
TXN001601,4,0,0,0,1,1,10037.85,55143.3,55,4,19,33,2728.11
TXN001602,5,1,1,0,2,0,7924.01,108957.44,30,0,2,45,4121.76
TXN001603,5,1,0,0,0,1,9291.77,143647.67,31,1,1,0,3771.39
TXN001604,0,0,0,0,1,0,57511.43,81210.84,29,8,14,33,3445.44
TXN001605,1,0,0,1,0,2,40075.31,81054.94,69,0,12,6,3617.12
TXN001606,4,0,1,1,1,1,29714.87,26414.92,51,14,23,0,1575.61
TXN001607,3,0,1,0,1,1,31924.03,64638.58,44,10,11,41,2816.95
TXN001608,2,0,0,1,0,2,21124.69,129345.09,29,14,13,17,4189.1
TXN001609,3,0,0,0,0,1,41444.78,28914.91,55,7,11,34,3098.04
TXN001610,1,0,1,1,1,1,20704.28,138450.58,53,11,14,49,3754.94
TXN001611,5,1,0,1,2,1,69955.58,103423.32,18,10,20,18,5775.36
TXN001612,3,0,0,1,1,2,12831.29,68934.38,43,8,21,12,3643.18
TXN001613,0,0,1,1,2,0,94850.09,86509.78,57,1,12,22,5140.81
TXN001614,1,0,1,1,2,0,9436.98,31069.53,57,11,2,1,1532.42
TXN001615,5,1,1,1,2,2,94374.34,40447.66,38,1,14,2,7043.6
TXN001616,2,0,0,0,0,2,83412.85,50097.18,49,6,19,21,3993.78
TXN001617,5,1,0,1,1,2,68230.86,63878.46,42,9,17,35,6088.1
TXN001618,6,1,0,0,1,0,91274.01,138173.08,29,13,5,48,4824.7
TXN001619,0,0,0,0,2,2,14352.27,61459.66,42,12,14,7,2891.46
TXN001620,1,0,1,0,2,0,18043.32,83336.93,43,8,11,22,2076.75
TXN001621,2,0,0,0,2,2,25589.18,32683.66,53,9,1,7,2019.63
TXN001622,0,0,0,0,1,1,24858.75,113036.25,33,8,4,24,3942.62
TXN001623,5,1,1,0,2,0,31429.4,88439.32,31,2,16,34,4817.08
TXN001624,0,0,1,1,1,0,57775.27,71587.04,63,6,12,46,3935.26
TXN001625,1,0,0,1,1,2,3303.17,142606.11,51,5,12,10,4595.57
TXN001626,4,0,1,1,0,1,38536.12,134691.12,66,7,3,40,3783.3
TXN001627,0,0,1,0,2,0,25015.32,102331.58,41,13,15,42,3007.74
TXN001628,6,1,0,0,2,2,60859.67,139053.74,25,7,7,5,5841.06
TXN001629,0,0,0,0,2,1,98524.35,89069.45,44,7,2,41,4656.69
TXN001630,5,1,0,1,0,0,52006.63,125771.2,56,7,19,41,4457.84
TXN001631,5,1,0,1,2,2,42855.68,67324.42,30,10,1,49,5419.72
TXN001632,2,0,1,1,1,1,37140.23,22144.19,46,9,20,44,2621.35
TXN001633,5,1,1,0,2,0,78602.45,149180.8,48,5,2,16,5173.3
TXN001634,3,0,0,0,1,0,7662.1,33188.41,60,8,10,35,1243.8
TXN001635,1,0,0,0,1,1,95997.17,45211.41,36,4,10,17,5534.7
TXN001636,1,0,1,1,1,2,42082.83,32834.47,68,3,9,32,4862.71
TXN001637,4,0,0,0,1,2,31713.22,57247.13,27,6,22,17,3441.35
TXN001638,4,0,0,0,2,1,97419.78,50499.22,60,2,10,6,5433.23
TXN001639,1,0,0,0,0,0,93619.95,94154.31,65,7,16,28,3378.56
TXN001640,6,1,0,0,0,1,64372.45,149504.4,57,14,6,4,3786.16
TXN001641,4,0,1,1,1,1,2341.48,17351.27,51,14,0,15,1811.57
TXN001642,2,0,0,1,2,1,74979.23,118982.04,63,7,19,30,5510.59
TXN001643,5,1,1,0,0,0,33887.96,27918.87,66,10,14,4,1159.15
TXN001644,1,0,0,0,2,1,39133.88,12776.9,66,4,6,9,3224.47
TXN001645,4,0,0,1,0,1,16294.84,99400.75,60,9,3,28,3345.89
TXN001646,1,0,1,1,1,0,52584.08,132264.13,18,7,22,28,3715.26
TXN001647,3,0,0,0,1,0,74582.98,34681.79,36,2,2,15,3052.31
TXN001648,0,0,1,1,1,1,27664.61,57825.93,18,2,19,3,3456.66
TXN001649,5,1,0,1,0,2,93903.92,33625.03,41,3,2,0,5505.12
TXN001650,1,0,0,0,2,1,19876.32,136911.06,42,12,19,7,3020.52
TXN001651,0,0,0,1,1,0,7093.1,47850.46,21,12,9,27,1957.16
TXN001652,4,0,0,1,2,0,64614.21,72259.8,41,8,2,0,3427.94
TXN001653,0,0,0,1,2,0,85007.21,135263.78,56,4,4,27,5289.86
TXN001654,5,1,1,1,1,2,95336.72,87401.69,37,5,19,2,6730.72
TXN001655,1,0,1,0,0,0,76833.52,140598.97,50,3,18,49,3653.79
TXN001656,3,0,0,1,1,2,20365.18,139703.06,45,13,20,1,4335.31
TXN001657,6,1,0,1,1,0,97777.29,74624.14,60,12,9,24,4560.67
TXN001658,4,0,1,0,0,0,91983.87,91533.57,62,8,8,36,3210.49
TXN001659,1,0,1,1,2,1,16735.16,42244,52,3,10,10,4056.74
TXN001660,5,1,0,0,0,2,56099.19,148675.01,41,2,0,45,5422.67
TXN001661,4,0,0,0,0,1,55773.98,48964.33,57,1,19,17,3220.63
TXN001662,2,0,1,1,1,2,44532.21,119662.98,61,2,12,41,5192.74
TXN001663,0,0,0,1,0,0,98435.99,53815.67,19,0,22,38,4531.45
TXN001664,6,1,1,1,0,0,6432.41,53825.92,40,11,3,39,851.33
TXN001665,5,1,0,1,0,2,62907.29,24540.81,50,10,23,19,3438.17
TXN001666,2,0,1,1,2,1,20927.71,88385.41,69,7,22,16,3441.53
TXN001667,1,0,1,0,2,2,52969.45,44276.53,31,0,20,6,3877.77
TXN001668,3,0,0,1,1,2,78084.21,30775.27,32,5,9,47,5378.86
TXN001669,4,0,1,0,1,2,25049.32,41733.34,49,14,3,16,2724.67
TXN001670,0,0,0,1,2,0,39639.27,45153.04,40,10,7,3,3394.88
TXN001671,4,0,0,0,0,2,95101.42,80571.68,21,14,16,35,5505.71
TXN001672,6,1,0,1,1,0,76267.33,64029.23,37,1,1,29,4830.79
TXN001673,1,0,0,1,1,1,57485.96,20568.64,48,13,20,0,2782.31
TXN001674,4,0,1,1,0,0,22588.74,85044,24,10,6,34,2226.27
TXN001675,0,0,0,1,0,1,42817.89,120284.64,18,10,2,11,3119.27
TXN001676,1,0,0,1,0,1,77519.1,90392.92,22,2,20,16,4629.04
TXN001677,4,0,0,0,0,1,82144.04,146435.64,31,8,10,15,3983.03
TXN001678,3,0,0,1,0,0,24838.32,23881.03,47,11,17,27,2099.81
TXN001679,5,1,1,1,2,2,66374.99,124961.33,55,12,5,31,6427.49
TXN001680,1,0,0,1,0,0,9952.8,80796.97,40,8,21,45,1647.83
TXN001681,5,1,1,0,1,1,2809.62,83023.32,24,5,19,34,3275.41
TXN001682,1,0,1,1,2,2,55093.06,82673.99,61,6,13,18,5369.83
TXN001683,3,0,1,0,1,0,22825.8,55544.64,56,4,12,28,2220.41
TXN001684,5,1,0,1,0,1,8351.75,55437.7,67,6,1,28,2426.61
TXN001685,2,0,0,0,1,1,73117.92,98458.23,33,5,15,15,4548.38
TXN001686,0,0,0,1,0,2,50048.47,16267.11,26,4,23,3,3737.17
TXN001687,2,0,0,1,1,0,79729.56,92430.05,56,2,7,20,4713.9
TXN001688,4,0,1,0,1,2,66562.45,111442.7,63,13,14,48,5009.54
TXN001689,3,0,1,1,0,2,73115.59,59885.68,51,1,12,43,5201.19
TXN001690,2,0,0,0,1,2,31082.38,40429.97,48,4,0,0,2409.61
TXN001691,1,0,0,1,2,2,26695.94,39874.17,62,13,1,18,2921.85
TXN001692,4,0,0,1,1,0,60287.05,21457.55,24,7,3,43,3747.79
TXN001693,4,0,0,0,2,2,20408.17,22560.7,68,13,12,25,3708.15
TXN001694,2,0,0,1,2,1,81633.51,33336.3,19,4,11,11,5347.09
TXN001695,2,0,0,0,1,1,52530.56,12684.21,23,2,11,16,3795.4
TXN001696,3,0,0,0,2,1,23085.5,47272.96,61,9,0,36,2481.66
TXN001697,0,0,1,1,2,2,62704.24,52896.26,51,14,5,27,4258.81
TXN001698,2,0,1,1,1,1,94531.06,149330.98,34,2,10,35,5617.51
TXN001699,6,1,1,1,0,0,8668.43,148836.28,43,14,15,28,3137.64
TXN001700,2,0,1,0,0,2,11379.85,36186.84,29,4,1,4,2727.25
TXN001701,5,1,0,0,2,2,84462,39824.5,37,13,2,37,5315.57
TXN001702,1,0,0,1,2,2,11404.58,78866.89,58,8,10,2,4175.98
TXN001703,6,1,0,0,0,0,4417.85,30829.81,63,14,8,14,833.98
TXN001704,6,1,0,0,2,2,35119.09,80565.52,52,13,6,2,4686.81
TXN001705,5,1,0,0,0,2,46937.24,65914.56,52,14,3,12,3833.33
TXN001706,5,1,1,0,1,1,57159.72,55447.2,46,7,9,4,4085.74
TXN001707,4,0,0,1,2,1,50976.37,125164.72,65,6,0,20,3673.31
TXN001708,0,0,1,1,1,2,91361.86,125936.48,55,4,12,40,7013.55
TXN001709,1,0,0,1,0,0,76982.48,148304.53,48,8,3,22,4151
TXN001710,3,0,1,0,0,1,98389.12,41232.34,57,11,12,46,3218.06
TXN001711,6,1,0,0,1,2,47907.31,134358.85,30,1,21,21,5714.61
TXN001712,3,0,1,0,2,1,8890.8,85298.43,43,5,23,33,2647.1
TXN001713,2,0,0,0,1,1,95575.3,92804.32,39,6,10,40,5394.61
TXN001714,2,0,0,1,1,0,909.26,135481.05,25,6,14,25,2682.81
TXN001715,3,0,0,0,2,2,77721.55,141968.31,57,11,12,46,6089.6
TXN001716,2,0,0,0,0,1,3612.56,111753.58,24,10,3,30,2357.01
TXN001717,0,0,1,1,1,2,76240.81,58697.94,22,12,5,34,4833.43
TXN001718,5,1,0,1,1,0,93824.92,78553.52,69,3,1,6,4121.92
TXN001719,2,0,1,1,0,0,39231.4,96107.54,18,1,1,39,2389.08
TXN001720,4,0,0,0,1,1,24476,126009.61,62,0,5,44,4922.37
TXN001721,2,0,1,0,0,0,23014.78,102112.68,57,0,2,31,1974.6
TXN001722,1,0,0,0,2,1,49425.91,61162.67,28,2,19,21,5099.53
TXN001723,0,0,0,0,0,2,17503.26,68503.26,69,6,10,46,3566.44
TXN001724,1,0,1,0,0,1,67455.9,17061.28,49,10,14,5,2204.7
TXN001725,1,0,0,0,1,1,37151.06,139397.5,24,4,20,20,4249.76
TXN001726,4,0,0,1,0,0,32649.39,22336.66,68,6,8,44,2608.49
TXN001727,0,0,1,0,0,2,46397.91,91190.31,46,11,20,38,3636.98
TXN001728,0,0,0,1,1,2,54487.46,132031.26,47,12,20,48,5330.46
TXN001729,0,0,1,1,0,1,14622.06,68921.13,38,8,6,46,3178.76
TXN001730,0,0,0,1,1,2,70922.45,122017.57,56,7,14,36,6314.76
TXN001731,0,0,1,0,2,2,88353.24,122534.25,65,0,21,26,5929.27
TXN001732,4,0,1,0,0,1,28159.7,18378.45,61,13,9,9,800.46
TXN001733,2,0,1,1,2,1,18448.89,67700.12,60,3,10,21,4094.83
TXN001734,1,0,1,0,0,2,76170.29,106743.57,58,4,22,43,3921.52
TXN001735,0,0,0,0,0,1,18762.4,69129.49,56,6,1,17,1639.38
TXN001736,6,1,0,1,2,0,4604.89,86323.41,37,10,13,3,3869.35
TXN001737,2,0,1,0,2,2,62114.7,93224.11,39,7,15,44,5187.85
TXN001738,2,0,0,0,1,1,24355.27,31172.11,46,7,8,34,3265.04
TXN001739,1,0,0,0,1,2,17595.14,67677.37,63,3,21,37,3259.51
TXN001740,4,0,0,0,2,2,98169.47,13984.85,21,13,15,37,4226.98
TXN001741,3,0,1,1,0,0,29540.57,30947.65,20,10,0,35,1854.3
TXN001742,3,0,0,1,1,0,90392.61,81715.57,26,6,1,3,3929.01
TXN001743,2,0,0,0,0,2,18232.77,90302.04,22,11,6,44,3365.7
TXN001744,5,1,1,0,1,0,81988.22,30472.82,20,10,11,9,3214.13
TXN001745,5,1,0,0,1,1,50450.88,115786.7,42,1,17,31,4598.43
TXN001746,1,0,1,1,1,2,8320.18,62218.3,49,8,5,9,2876.05
TXN001747,3,0,1,0,2,0,73493.73,138890.99,50,5,1,42,4201.79
TXN001748,2,0,1,0,0,2,89261.3,64272.78,35,3,13,44,4792.49
TXN001749,4,0,0,1,2,2,16720.19,30973.54,62,5,15,9,4036.12
TXN001750,3,0,0,0,1,1,72696.23,116115.86,53,14,9,10,3040.36
TXN001751,2,0,1,1,2,1,44782.73,89492.11,67,6,4,49,5035.09
TXN001752,2,0,1,0,2,1,75510.11,64136.34,58,9,21,38,3702.85
TXN001753,0,0,1,1,2,0,71535.83,59834,46,7,15,8,4780.83
TXN001754,4,0,1,0,0,0,3146.72,31107.66,56,3,6,12,860.72
TXN001755,0,0,1,0,2,0,18282.74,57716.85,64,8,14,41,2873.25
TXN001756,1,0,1,1,2,1,47367.21,14108.18,62,5,12,17,3451.31
TXN001757,0,0,0,1,2,2,93392.62,80336.27,19,0,16,46,6755.46
TXN001758,6,1,1,1,2,1,34536.31,135541.32,28,2,17,36,6066.54
TXN001759,0,0,1,1,2,0,63072.91,121346.31,48,13,17,46,4313.93
TXN001760,6,1,1,1,2,0,1702.33,13992.97,21,0,16,10,3851.42
TXN001761,3,0,0,0,2,0,71257.13,133376.45,46,5,2,27,4326.72
TXN001762,5,1,0,1,1,1,60505.29,73325.48,67,5,11,5,5935.07
TXN001763,2,0,0,1,2,0,71681.78,36724.81,20,6,5,32,4452.62
TXN001764,6,1,0,1,2,1,90513.73,115337.67,19,0,11,13,7374.62
TXN001765,4,0,1,1,0,2,15076.64,55202.3,61,0,10,46,3790.14
TXN001766,0,0,0,0,1,1,26528.16,45464.58,53,4,8,28,2713.08
TXN001767,6,1,1,0,2,0,99580.2,32584.58,31,4,18,38,5004.72
TXN001768,4,0,1,0,0,2,16050.25,78127.07,65,0,18,14,3444.9
TXN001769,5,1,1,0,2,0,72202.39,23075.16,21,6,1,47,4413.39
TXN001770,5,1,1,0,2,2,72645.05,119985.84,61,13,12,4,5324.03
TXN001771,0,0,1,1,2,0,68457.88,75894.44,47,6,17,21,4041.96
TXN001772,1,0,1,0,2,1,23130.34,72576.7,36,5,22,30,2871.74
TXN001773,0,0,0,0,2,0,21905.84,10259.55,36,12,3,18,1883.04
TXN001774,3,0,0,1,0,1,66800.94,124500.94,61,6,21,17,3562.2
TXN001775,6,1,0,1,2,1,19031.89,78997.19,48,11,23,5,3566.81
TXN001776,2,0,0,0,0,2,66325.55,71585.23,32,5,13,8,2634.27
TXN001777,1,0,0,0,2,1,49506.56,116593.88,46,9,13,29,3989.38
TXN001778,0,0,1,1,0,1,38969.57,18805.8,20,1,4,30,2931.02
TXN001779,4,0,0,0,1,1,30373.12,61335.26,36,4,18,34,3196.51
TXN001780,1,0,0,1,2,2,94783.9,90602.75,39,6,1,16,5468.75
TXN001781,6,1,0,1,1,0,51055.32,74480.86,64,1,15,41,4358.97
TXN001782,1,0,1,0,1,0,56344.57,35429.44,37,4,5,15,2900.81
TXN001783,6,1,1,0,1,1,94950.98,51898.71,24,2,10,32,5206.04
TXN001784,0,0,1,0,2,1,65560.79,52028.08,21,13,11,3,2782.79
TXN001785,6,1,0,1,1,0,95806.37,148875.91,18,8,23,30,5262.75
TXN001786,1,0,0,1,0,1,11083.49,55667.6,58,9,12,32,2186.52
TXN001787,4,0,0,0,2,0,84740.64,38725.49,24,0,9,49,4758.93
TXN001788,5,1,0,0,1,2,33873.76,125169.2,39,6,13,35,5748.01
TXN001789,1,0,0,0,2,1,81143.51,68963.98,54,9,3,10,3406.08
TXN001790,6,1,1,1,1,1,85635.84,72140.92,47,3,1,3,5069.25
TXN001791,5,1,0,1,0,0,27513.04,86844.47,26,11,18,35,3908.6
TXN001792,6,1,1,1,2,0,41178.65,93396.49,44,4,18,4,4863.95
TXN001793,4,0,0,0,2,2,72738.43,92677.78,55,0,14,20,6143.24
TXN001794,6,1,1,1,1,1,10356.04,14829.96,40,4,8,12,3638.51
TXN001795,0,0,1,1,0,0,75675.59,124637.94,29,10,3,3,2968.14
TXN001796,2,0,1,0,2,2,11492.06,37279.39,30,7,21,41,3915.19
TXN001797,1,0,1,1,1,0,91488.35,50927.9,50,12,12,49,3840.74
TXN001798,2,0,0,0,0,0,27995.76,34280.13,32,13,8,34,980.97
TXN001799,6,1,0,1,0,2,57772.14,117390.73,33,14,11,25,5364.04
TXN001800,4,0,0,0,0,2,12156.77,91712.12,51,5,13,25,3124.98
TXN001801,1,0,1,0,0,2,27314.57,115741.46,26,12,23,18,2603.16
TXN001802,6,1,0,1,2,2,40693.53,101475.78,59,12,11,36,6419.82
TXN001803,5,1,0,0,2,2,48961.36,24582.21,69,1,21,10,4779.54
TXN001804,3,0,0,1,0,2,506.72,52209.97,44,1,12,1,3204.4
TXN001805,6,1,0,0,1,1,88921.25,81017.12,65,10,17,30,5229.87
TXN001806,2,0,1,0,1,2,1263.64,52692.3,32,8,4,17,3052.81
TXN001807,1,0,1,0,0,1,77481.61,39022.55,52,11,18,10,2045.72
TXN001808,2,0,0,1,0,0,47322.6,131773.68,51,14,2,43,3256.17
TXN001809,1,0,0,0,1,0,52626.06,114689.71,57,0,16,15,4084.42
TXN001810,6,1,0,0,0,2,21222.42,58330.81,47,11,19,1,2901.99
TXN001811,0,0,1,1,0,0,60933.15,117101.73,65,1,6,31,4077.24
TXN001812,5,1,1,0,2,2,53954.57,97855.41,40,7,2,47,4974.89
TXN001813,6,1,1,0,2,2,16841.52,10530,26,14,6,47,3559.45
TXN001814,2,0,0,0,0,1,24192.84,63236.68,49,12,5,21,1393.25
TXN001815,3,0,1,0,0,0,7156.91,50668.25,52,5,13,35,884.17
TXN001816,3,0,1,1,2,2,7095.22,40507.21,66,2,0,7,3617.41
TXN001817,4,0,1,0,0,0,1870.69,45222.52,49,14,13,35,418.78
TXN001818,1,0,1,0,2,1,22437.2,141931.08,62,2,20,42,3643.62
TXN001819,2,0,1,1,2,0,68126.29,78084.39,33,13,21,24,3172.53
TXN001820,4,0,0,0,1,1,31963.43,128679.22,49,10,10,39,3440.21
TXN001821,2,0,0,0,2,1,34602.06,39990.4,42,8,8,43,3682.29
TXN001822,1,0,0,1,1,1,13624.59,34416.53,47,1,9,30,4530.9
TXN001823,6,1,0,1,1,2,57759.33,134430.54,54,14,21,3,5346.79
TXN001824,6,1,1,1,2,2,34543.29,79398.66,54,9,10,38,5693.63
TXN001825,3,0,0,1,0,0,67793.52,135321.3,52,4,23,44,4420.55
TXN001826,6,1,0,0,2,2,74275.22,18824.04,62,6,17,42,5351.6
TXN001827,6,1,0,1,1,2,58676.94,138300.97,25,5,16,9,7249.7
TXN001828,0,0,1,0,2,0,27968.92,68162.34,57,13,13,26,1916.2
TXN001829,3,0,0,1,2,1,51106.48,31751.87,66,0,16,40,4655.57
TXN001830,4,0,1,0,1,1,25567.12,105673.58,64,12,6,37,2426.2
TXN001831,5,1,1,1,2,0,90339.83,121566.38,53,11,7,16,5204.65
TXN001832,0,0,1,1,2,2,76755.38,16632.46,42,9,7,44,5006.46
TXN001833,4,0,0,0,1,0,49554.09,148207.44,35,2,18,37,4296.46
TXN001834,1,0,1,1,0,0,96562.99,107583.76,56,14,4,24,2877.38
TXN001835,0,0,0,1,1,2,54902.17,54996.28,27,13,6,16,4358.19
TXN001836,4,0,0,1,1,0,33189.28,31181.13,18,4,12,12,2550.94
TXN001837,1,0,0,0,2,2,9999,64954.4,21,11,14,20,4152.49
TXN001838,3,0,1,1,1,2,54602.69,40879.19,43,2,13,14,5198.66
TXN001839,5,1,1,1,2,0,86111.45,79181.45,28,2,20,47,5912.67
TXN001840,1,0,0,0,2,1,86738.51,119464.98,32,4,14,23,5998.56
TXN001841,6,1,1,0,2,2,60654.42,102418.25,49,12,13,6,4907.3
TXN001842,2,0,1,1,1,1,39647.12,71030.89,32,12,12,44,4270.28
TXN001843,1,0,1,0,1,2,65204.48,26652.15,45,7,19,37,3861.69
TXN001844,1,0,0,0,2,1,76332.97,144001.97,40,9,3,39,4389.63
TXN001845,5,1,1,0,0,0,41456.67,47851.87,20,7,21,21,2838.81
TXN001846,2,0,1,1,0,2,47887.29,48896.84,68,13,8,41,3543.81
TXN001847,6,1,0,1,1,0,68221.32,100370.31,49,7,13,9,5551.78
TXN001848,4,0,1,0,2,0,87726.93,117871.35,37,5,16,32,5268.8
TXN001849,4,0,0,1,2,0,79205.53,147781.39,31,8,0,11,5138.65
TXN001850,1,0,1,0,1,2,2727.94,145683,52,13,0,7,2590.98
TXN001851,2,0,1,1,0,0,12875.05,137926.47,57,4,3,39,2816.98
TXN001852,2,0,1,0,1,0,85351.43,70943.9,59,13,19,21,2020.01
TXN001853,6,1,1,1,1,2,83465.37,33333.75,26,9,7,38,5666.84
TXN001854,5,1,1,0,2,0,39186.27,91825.97,64,6,4,38,4835.68
TXN001855,3,0,1,1,1,2,58635.65,12415.91,41,0,13,46,4350.8
TXN001856,4,0,0,1,0,0,90631.58,37474.84,58,14,19,43,2896.48
TXN001857,5,1,1,0,1,1,91200.09,10354.12,21,3,23,15,4206.76
TXN001858,0,0,1,1,2,0,78417.74,35275.03,29,0,22,47,4742.44
TXN001859,4,0,1,1,0,1,21354.1,76466,68,9,13,33,2696.19
TXN001860,5,1,0,1,2,2,73163.14,65065.4,41,1,21,45,7454.75
TXN001861,4,0,0,1,1,1,10559.29,61701.52,18,5,1,15,3099.26
TXN001862,3,0,0,1,1,2,89446.88,126333.4,31,0,20,13,6861.98
TXN001863,0,0,1,1,1,0,15340.31,104499.48,48,8,11,5,2723.07
TXN001864,3,0,1,1,2,1,66403.69,141100.45,27,5,17,49,5817.43
TXN001865,6,1,0,1,1,0,61219.21,72347.75,50,7,5,9,3959.25
TXN001866,0,0,0,0,0,1,77801.52,48112.15,53,14,8,23,3248.3
TXN001867,1,0,0,1,0,2,55381.96,27175.84,59,9,8,26,3999.38
TXN001868,5,1,1,0,2,2,6426.87,104083.84,52,9,21,46,4782.86
TXN001869,0,0,0,1,2,2,70731.7,127843.75,65,7,3,49,6569.99
TXN001870,6,1,1,0,2,2,38623.88,35723.51,35,11,9,8,4127.6
TXN001871,6,1,1,1,1,0,32368.36,133025.38,42,1,11,47,4934.29
TXN001872,3,0,1,0,0,0,99171.52,83678.67,29,1,20,15,3343.9
TXN001873,4,0,0,0,0,0,59244.78,30171.29,45,2,7,1,2674.06
TXN001874,0,0,1,1,0,0,71216.55,100000.87,68,10,20,30,2760.69
TXN001875,5,1,0,0,2,0,52869.45,82807.38,26,7,21,46,4493.77
TXN001876,0,0,0,1,2,2,77112.28,13945.7,41,10,19,18,4484.8
TXN001877,2,0,0,1,1,0,75331.24,65894.05,37,7,15,10,4220.18
TXN001878,4,0,0,0,2,0,65886.04,119870.32,43,4,11,21,4814.28
TXN001879,5,1,1,1,0,0,99775.43,87759.33,22,13,16,28,4637.51
TXN001880,5,1,1,0,1,2,46249.46,49485.76,44,12,16,30,4204.97
TXN001881,1,0,1,0,2,2,70766.14,140009.85,45,1,20,7,6052.72
TXN001882,3,0,1,1,2,2,79878.91,43289.07,54,10,18,9,4780.87
TXN001883,1,0,0,1,0,2,37915.45,45383.04,57,13,6,5,3539.98
TXN001884,5,1,0,1,1,0,45988.92,59649.51,24,3,19,30,4777.23
TXN001885,4,0,0,1,2,0,96932.14,135235.3,36,3,3,34,5221.11
TXN001886,0,0,0,1,2,1,3712.96,81067.56,39,6,19,49,4006.51
TXN001887,0,0,1,0,1,0,33861.92,105505.07,35,3,21,39,2957.26
TXN001888,4,0,0,0,1,2,48878.19,146676.98,32,9,8,28,4725.68
TXN001889,5,1,1,1,2,2,645.77,119661.48,50,5,11,20,5936.35
TXN001890,6,1,0,1,2,0,89963.15,34164.02,56,10,12,40,4290.47
TXN001891,0,0,0,1,0,1,28981.32,120369.55,68,1,8,4,4104.84
TXN001892,6,1,0,0,1,2,26141.63,114767.2,22,14,10,4,4826.64
TXN001893,0,0,0,0,2,1,82122.46,42566.38,57,14,4,23,2693.12
TXN001894,0,0,1,0,2,2,28159.33,55548.98,54,1,7,14,4155.08
TXN001895,3,0,1,1,2,2,65933.45,109417.95,22,11,19,27,5363.86
TXN001896,3,0,1,1,2,0,82239.56,43375.03,54,10,11,33,4430.55
TXN001897,2,0,1,0,0,2,79351.45,39146.16,60,4,23,12,2838.49
TXN001898,1,0,0,1,1,1,78304.1,108486.19,24,0,15,43,6415.61
TXN001899,4,0,0,1,2,1,9319.44,133283.37,19,1,9,31,5713.55
TXN001900,4,0,1,0,1,0,8444.77,20502.34,47,2,14,21,1476.88
TXN001901,4,0,1,0,1,2,31023.62,72427.08,66,8,11,28,3938.84
TXN001902,2,0,0,1,2,1,4076.81,95004.53,28,8,23,2,3160.37
TXN001903,3,0,0,0,2,0,50292.76,104678.75,69,6,23,4,3350.66
TXN001904,5,1,1,1,2,1,39780.82,149467.43,54,12,13,49,6617.03
TXN001905,6,1,1,0,0,0,55924.08,105576.87,56,4,12,10,3766.35
TXN001906,6,1,1,0,2,1,30229.46,96821.58,50,1,15,47,5362.67
TXN001907,5,1,0,1,1,2,48832.52,148562.78,26,1,9,40,7088.03
TXN001908,2,0,1,1,1,1,33807.1,18493.54,28,7,7,25,3888.9
TXN001909,5,1,1,0,0,1,19923.21,20421.17,29,2,19,8,3042.97
TXN001910,4,0,1,1,2,0,65111.98,88495.55,27,6,13,43,4478.02
TXN001911,1,0,1,0,2,0,67506.87,60213.05,69,12,4,10,2881.91
TXN001912,0,0,1,1,0,0,83008.55,23537.65,28,5,5,0,2814.5
TXN001913,6,1,0,0,0,1,87537.8,52902.85,50,14,20,37,3980.52
TXN001914,3,0,1,0,2,0,70593.96,104409.63,37,12,8,44,3521.81
TXN001915,3,0,0,0,2,2,68906.06,133286.09,22,5,12,27,5885.55
TXN001916,2,0,1,1,1,0,6139.23,23205.43,64,2,12,22,1720.2
TXN001917,3,0,1,0,2,0,11423.03,85620.31,41,5,1,30,2017.11
TXN001918,4,0,1,0,2,2,81349.99,51456.18,49,12,21,1,4101.83
TXN001919,6,1,0,0,1,0,23678.65,103425.66,48,3,12,17,3638.59
TXN001920,5,1,0,0,1,0,35878.72,86923.21,59,0,1,15,3025.29
TXN001921,4,0,0,1,1,1,14957.09,139739.54,61,11,14,41,3516.09
TXN001922,2,0,1,1,1,1,19917.62,15275.74,31,7,23,16,2742.7
TXN001923,4,0,1,0,0,0,77654.01,75805.22,36,8,23,47,2327.13
TXN001924,5,1,0,0,1,2,26555.03,36986.34,59,13,20,16,2527.9
TXN001925,1,0,0,1,0,0,45178.98,85149.44,41,2,11,46,3736.98
TXN001926,2,0,1,0,1,0,15591.3,129501.11,49,10,9,34,2145.68
TXN001927,1,0,0,1,1,0,67954.03,137584.31,29,0,23,30,4821.71
TXN001928,0,0,1,0,1,1,72962.84,65752.43,67,0,20,34,3639.89
TXN001929,1,0,0,1,2,2,36488.39,123649.27,38,0,3,23,6426.01
TXN001930,0,0,0,0,0,2,78582.29,49271.13,68,8,7,40,3858
TXN001931,0,0,0,1,1,2,24370.71,10882.69,53,9,3,36,3217.08
TXN001932,1,0,1,1,2,1,69344.43,129733.47,42,12,1,48,4552.81
TXN001933,2,0,1,1,0,1,73131.48,26717.71,68,4,17,29,3584.28
TXN001934,5,1,0,0,0,0,96881.41,12465.56,31,2,17,17,4095.26
TXN001935,4,0,1,1,2,1,23616.01,59531.67,25,9,13,26,3696.3
TXN001936,4,0,1,1,0,0,9824.19,63113.2,46,8,9,15,1642.16
TXN001937,5,1,1,0,2,1,26672.02,20810.82,42,9,11,19,3385.34
TXN001938,6,1,1,0,1,0,12724.79,123985.57,40,8,7,40,3569.23
TXN001939,6,1,0,0,2,1,17384.58,66782.98,53,5,21,46,3625.01
TXN001940,0,0,1,0,0,2,33744.39,78589.31,65,4,16,27,3144.54
TXN001941,0,0,1,1,0,0,41692.08,47047.54,29,0,11,20,2931.1
TXN001942,2,0,0,0,1,1,90420.56,81610.95,67,5,19,40,4967.39
TXN001943,3,0,1,0,2,1,19963.77,117342.39,29,4,2,44,4272.84
TXN001944,1,0,1,0,1,0,97190.02,136865.58,35,8,9,32,4454.32
TXN001945,0,0,1,0,2,1,81110.24,145874.14,53,13,10,47,4463.18
TXN001946,4,0,0,0,2,2,88206.4,69741.35,65,6,13,8,5329.44
TXN001947,2,0,0,0,2,0,92979.68,148604.74,67,2,6,23,5817.5
TXN001948,1,0,1,0,1,0,75447.5,51293.8,36,4,4,12,2782.41
TXN001949,2,0,1,1,1,0,78983.59,10976.63,65,5,0,29,2560.89
TXN001950,1,0,0,1,0,0,44062.92,117466.39,52,10,11,45,3355.49
TXN001951,1,0,0,1,1,0,51289.8,34980.99,66,1,15,42,3270.7
TXN001952,5,1,0,1,2,2,93282.3,17343.68,44,6,5,32,6170.49
TXN001953,0,0,1,1,2,0,38136.46,139361.25,20,8,19,45,3997.34
TXN001954,2,0,1,0,2,2,4673.73,120853.52,30,9,9,23,3947.7
TXN001955,2,0,0,0,1,2,76394.06,24373.07,55,8,14,19,4328.49
TXN001956,5,1,1,0,0,2,57529.17,118767.42,68,4,14,49,5276.23
TXN001957,4,0,1,0,1,0,81580.16,128159.96,58,7,5,0,3431.15
TXN001958,4,0,1,1,0,2,8017.35,136742.23,36,8,22,22,4311.93
TXN001959,6,1,1,1,1,0,62312.58,86117.17,60,5,0,32,4845.37
TXN001960,0,0,1,0,2,2,25146.74,108477.69,52,11,5,16,3740.25
TXN001961,0,0,1,0,0,0,90375.23,116713.5,32,3,12,1,3993.92
TXN001962,3,0,1,1,1,1,11436.04,106409.45,33,3,10,30,4266.46
TXN001963,5,1,0,1,2,1,84385.39,100556.71,52,2,23,30,6739.05
TXN001964,4,0,0,1,0,2,9311.15,86658.3,22,11,19,15,3774.48
TXN001965,1,0,0,0,0,1,2997.19,77087.36,24,8,19,36,2054.53
TXN001966,2,0,0,0,2,2,23888.41,149457.5,38,9,19,36,5679.87
TXN001967,0,0,0,1,2,2,33637.93,57258.51,58,10,11,6,5032.78
TXN001968,2,0,0,1,1,2,62839.61,22357.63,18,12,13,35,5072
TXN001969,2,0,0,0,1,1,13606.6,117105.18,42,14,8,0,2797.45
TXN001970,3,0,0,0,2,2,44014.33,39935.41,47,10,12,29,4359
TXN001971,4,0,0,0,1,1,20824.23,84577.07,36,5,3,17,3049.35
TXN001972,0,0,1,0,2,1,85602.68,23412.21,41,7,8,41,4521.24
TXN001973,2,0,1,1,2,0,4974.17,96699.74,63,13,0,38,1957.98
TXN001974,0,0,0,1,1,1,35915.8,142161.04,32,1,7,25,5316.12
TXN001975,1,0,1,1,1,0,63321.72,111178.66,52,14,1,10,2542.66
TXN001976,3,0,1,0,0,2,91352.27,40034.87,41,3,23,0,3518.99
TXN001977,1,0,0,0,0,2,86865.35,145959.33,53,14,20,37,5263.19
TXN001978,0,0,0,0,1,0,89571.6,52992.17,66,1,12,4,3705.62
TXN001979,6,1,0,1,1,2,6753.9,71126.1,31,10,12,21,4632.47
TXN001980,0,0,1,1,1,0,84171.86,79736.38,39,10,0,12,3107.14
TXN001981,4,0,1,1,0,0,78101.3,148700.62,56,2,0,16,3135.93
TXN001982,2,0,0,0,1,2,90291.95,19644.8,25,1,5,49,5743.86
TXN001983,2,0,1,0,0,0,31501.84,107541.96,65,8,15,6,1685.64
TXN001984,1,0,1,1,0,0,91220.63,60670.32,33,8,16,37,3470.43
TXN001985,3,0,1,0,0,0,40562.79,20965.54,63,5,12,6,1129.25
TXN001986,6,1,0,1,0,2,63592.92,140904.43,34,11,17,11,5164.76
TXN001987,5,1,1,1,2,2,42705.81,92580.16,22,6,2,37,6730.42
TXN001988,2,0,1,1,1,2,43051.02,115492.52,58,13,14,22,4425.83
TXN001989,4,0,1,1,1,2,54890.38,43653.96,52,4,1,47,5034.16
TXN001990,1,0,1,0,2,2,35914.71,116615.73,54,9,5,7,3999.42
TXN001991,1,0,1,0,1,1,79377.33,125986.56,69,0,20,14,4613.28
TXN001992,5,1,1,0,0,1,63547.05,70316.12,35,3,19,29,4476.75
TXN001993,4,0,1,0,2,0,69130.7,90073.91,38,12,13,8,3467.98
TXN001994,3,0,0,0,0,1,23487.96,146062.15,59,3,17,44,3488.44
TXN001995,4,0,0,0,2,2,96972.74,128542.15,18,11,3,20,5205.08
TXN001996,3,0,1,1,0,2,66187.52,72279.01,34,13,7,43,5127.89
TXN001997,4,0,0,0,1,2,20120.99,103040.34,25,13,1,13,2828.98
TXN001998,4,0,1,0,1,0,75173.78,119792.41,46,7,23,7,3914.62
TXN001999,0,0,1,0,1,0,17784.55,13406.03,37,4,1,46,1166.67
TXN002000,1,0,1,1,2,0,6806.8,92371.24,66,14,16,35,2954.62
TXN002001,4,0,0,0,1,0,52991.56,147834.01,67,2,3,8,3670.49
TXN002002,5,1,1,1,2,0,55575.63,142605.29,54,0,22,25,5653.19
TXN002003,4,0,1,0,0,0,19302.07,126541.66,56,14,15,19,1118.42
TXN002004,2,0,0,0,1,1,35163.7,24869.97,22,0,1,37,3087.61
TXN002005,1,0,0,0,0,2,94604.04,149165.8,27,4,18,5,5460.06
TXN002006,2,0,1,1,1,1,28857.82,95335.34,23,7,5,33,3935.42
TXN002007,1,0,0,1,0,0,15979.02,41207.15,24,8,1,22,1532.76
TXN002008,2,0,0,0,2,2,99259.91,104397.62,52,9,8,38,5826.49
TXN002009,4,0,1,0,1,2,30579.4,129913.3,44,9,5,32,3599.51
TXN002010,4,0,1,0,2,2,68185.24,25725.89,59,1,5,20,4219.17
TXN002011,0,0,1,1,2,1,23540.24,138301.34,38,4,7,40,5142.32
TXN002012,5,1,0,1,0,2,55237.06,138828.6,41,13,0,25,4592.28
TXN002013,2,0,0,0,1,0,38935.06,11885.02,46,3,15,4,1752.93
TXN002014,3,0,0,1,2,0,96177.14,136044.68,44,11,9,8,5155.39
TXN002015,0,0,1,1,0,1,43564.18,142554.51,55,2,18,44,3474.04
TXN002016,2,0,0,1,0,1,58625.33,15276.85,19,10,17,32,3327.72
TXN002017,2,0,0,1,0,0,94504.24,51183.29,42,7,15,24,3748.45
TXN002018,0,0,1,0,1,1,98928.81,62235.05,19,1,0,46,4696.09
TXN002019,4,0,1,0,1,2,10615.01,58844.67,55,1,14,16,3547.19
TXN002020,2,0,1,1,0,1,83514.91,116260.45,35,4,15,39,4496.74
TXN002021,4,0,0,1,1,2,38520.59,60134.62,59,9,10,46,4427.27
TXN002022,0,0,1,1,0,2,59685.46,143921.03,24,9,5,18,5069.03
TXN002023,4,0,0,0,1,2,37817.28,149298.97,66,9,13,10,4531.55
TXN002024,1,0,0,0,1,2,40411.06,54354.64,21,0,15,7,4254.02
TXN002025,3,0,1,1,0,2,16306.32,81232.11,61,11,3,5,2659.81
TXN002026,6,1,1,1,0,0,57490.26,88078.82,57,6,21,5,3591.55
TXN002027,2,0,1,1,1,0,54898.24,91116.4,58,8,7,7,2643.61
TXN002028,5,1,1,1,0,0,19340.9,62389.26,27,13,22,23,1246.62
TXN002029,3,0,1,0,0,2,54402.18,33239.09,68,1,18,18,3970.06
TXN002030,6,1,0,0,0,1,97323.64,17638.48,58,14,18,40,3768.99
TXN002031,4,0,0,0,0,1,71583.66,24888.81,45,9,21,26,2382.64
TXN002032,2,0,0,0,1,2,48357.76,136180.77,47,0,0,19,4532.34
TXN002033,4,0,1,0,2,1,91650.36,49252.5,41,8,2,23,3964.25
TXN002034,1,0,0,0,1,2,57743.78,20755.22,53,12,7,37,3933.84
TXN002035,0,0,1,1,0,1,13937.28,97294.16,33,12,12,4,1897.77
TXN002036,2,0,1,1,0,2,54977.21,20543,50,1,18,15,3734.6
TXN002037,6,1,0,0,1,1,18506.82,19807.41,27,8,0,38,3479.8
TXN002038,6,1,0,0,0,1,76866.73,97019.87,65,13,12,32,4467.38
TXN002039,1,0,1,0,1,0,96733.83,92795.33,38,12,9,9,3563.35
TXN002040,1,0,0,1,2,1,36401.45,15806.82,44,7,15,4,3844.18
TXN002041,2,0,1,1,0,1,43774.33,74466.9,38,6,8,18,3484.35
TXN002042,4,0,0,1,2,2,42438.9,71007.56,44,10,1,40,4426.58
TXN002043,5,1,0,1,2,1,28887.35,86536.48,49,0,22,20,5029.83
TXN002044,6,1,0,0,0,1,79520.91,113298.26,22,3,7,2,5480.85
TXN002045,6,1,0,1,0,1,61963.97,49592.01,52,14,2,27,3249.36
TXN002046,1,0,0,0,1,1,6873.13,70589.24,39,10,22,40,2366.89
TXN002047,3,0,1,1,1,1,83961.23,120983.98,53,10,19,18,4554.76
TXN002048,1,0,0,1,0,0,19115.28,139157.89,27,6,1,15,3545.64
TXN002049,5,1,0,1,1,1,97925.54,134785.22,51,5,3,1,6037.19
TXN002050,4,0,0,1,2,2,37977.98,76868.33,69,0,15,7,5830.63
TXN002051,4,0,1,0,2,2,61836.74,82921.21,23,6,7,45,5563.87
TXN002052,3,0,1,0,0,1,8243.45,84074.76,31,13,14,37,1858.72
TXN002053,6,1,1,0,1,1,34794,131620.18,54,14,15,11,3119.49
TXN002054,1,0,1,0,0,1,80334.22,127591.53,36,1,17,23,4426.41
TXN002055,4,0,1,0,2,0,47982.24,53614.55,49,11,21,0,2280.49
TXN002056,5,1,0,0,0,2,90508.05,32798.96,37,12,9,17,4143.22
TXN002057,2,0,0,0,0,0,57726.27,63056.44,38,13,18,22,2239.37
TXN002058,0,0,0,1,0,0,92892.93,50376.89,32,12,13,38,4093.78
TXN002059,0,0,1,0,0,1,98269.69,143109.3,34,7,18,26,4514.89
TXN002060,0,0,1,1,2,1,45662.51,47228.2,61,1,21,43,4586.01
TXN002061,6,1,0,0,0,2,56733.08,35368.94,62,3,13,43,4809.45
TXN002062,1,0,1,1,0,1,83574.6,135927.07,69,5,2,5,4219.32
TXN002063,3,0,1,0,1,2,22542.53,22107,41,7,13,27,3664.35
TXN002064,4,0,1,1,0,0,86232.14,46437.25,38,11,1,22,1722.42
TXN002065,2,0,0,0,1,2,59396.05,71475.57,65,10,1,33,3271.59
TXN002066,5,1,0,0,0,2,72687.26,93315.03,32,2,2,24,5847.17
TXN002067,2,0,1,0,1,2,8445.48,55874.21,28,11,1,10,2736.7
TXN002068,5,1,1,0,0,0,76735.67,79472.76,54,5,5,47,3051.27
TXN002069,6,1,1,1,1,0,31423.3,37836.37,47,13,3,0,2816.75
TXN002070,1,0,1,0,0,1,80620.61,90398.38,35,5,0,37,2287.54
TXN002071,0,0,0,0,0,1,51160.68,67094.35,45,0,2,9,3284.39
TXN002072,1,0,1,1,1,2,27824.13,128896.36,30,5,15,8,4967.96
TXN002073,6,1,0,0,0,2,95299.59,68202.78,60,0,14,25,5624.77
TXN002074,3,0,0,1,0,0,76623.71,72134.16,27,8,10,9,3245.2
TXN002075,3,0,0,1,0,0,98575.76,92904.5,64,3,18,17,3856.69
TXN002076,6,1,1,0,0,0,36764.75,27243.8,56,4,3,49,2131.07
TXN002077,5,1,0,0,2,2,65097.35,31951.32,29,0,21,8,6500.87
TXN002078,4,0,0,1,0,2,61353.07,120633.28,67,12,0,44,4352.64
TXN002079,4,0,1,0,2,0,68911.9,48278.63,55,0,1,25,3729.79
TXN002080,5,1,1,1,2,2,4312.5,105857.57,58,11,9,41,4920.99
TXN002081,3,0,1,0,0,0,29526.07,23639.78,65,8,2,8,409.02
TXN002082,3,0,0,0,1,1,90979.09,125058.53,57,5,20,35,4401.53
TXN002083,3,0,1,1,1,0,42670.1,148351.94,43,12,22,14,2775.54
TXN002084,1,0,0,0,0,2,96084.05,62316.73,61,9,16,23,4043.85
TXN002085,3,0,0,0,2,2,21743.57,80774.21,36,13,11,39,4323.07
TXN002086,2,0,1,0,1,2,99743.69,71979.68,40,12,1,1,3576.93
TXN002087,0,0,0,1,0,2,69909.3,135186.28,65,9,12,3,4575.3
TXN002088,3,0,0,0,0,0,77751.15,11390.77,53,5,3,37,2362.47
TXN002089,5,1,0,1,2,0,39987.69,101484.3,44,4,14,30,5213.19
TXN002090,0,0,0,0,1,1,90747.31,101331.56,69,5,16,19,4268.05
TXN002091,1,0,1,1,0,0,54773.56,63533.9,33,13,10,38,2182.15
TXN002092,5,1,0,0,1,1,68253.37,40706.71,24,7,0,44,3911.79
TXN002093,0,0,1,0,0,0,9933.42,43555.58,30,6,21,25,1225.07
TXN002094,5,1,0,1,0,0,63352.23,122064.98,29,6,1,4,4219.71
TXN002095,1,0,0,0,0,2,87968.36,19254.43,44,8,9,3,3454.84
TXN002096,2,0,1,1,2,1,18239.18,88935.38,50,8,6,21,3357.98
TXN002097,1,0,0,0,2,2,73903.73,52957.68,48,12,21,5,3653.72
TXN002098,1,0,0,1,2,2,3027.38,47134.69,28,8,10,36,4294.59
TXN002099,5,1,0,0,1,0,92657.2,80803.27,34,0,21,30,5065.36
TXN002100,6,1,0,1,2,0,98300.25,135700.61,55,11,23,4,4876.43
TXN002101,4,0,0,0,2,1,35740.92,96532.87,19,10,18,6,4645.07
TXN002102,3,0,0,1,1,1,11153.85,120405.49,20,10,9,4,3971.64
TXN002103,3,0,1,1,1,0,66028.35,94095.73,51,5,1,3,3063.65
TXN002104,2,0,1,0,1,1,3468.53,107680.21,67,14,13,26,2045.2
TXN002105,2,0,1,1,1,0,48507.38,70537.07,49,4,20,8,2368.96
TXN002106,3,0,0,1,2,0,27542.03,139637.43,41,7,21,36,3552.6
TXN002107,4,0,0,0,2,0,47597.24,80271.46,41,10,6,1,3403.82
TXN002108,3,0,0,0,1,1,2318.41,87248.45,30,9,12,48,3732.89
TXN002109,6,1,1,0,2,2,5635.41,83495.17,39,12,1,18,2686.5
TXN002110,4,0,0,0,0,1,2089.59,54266.46,36,7,5,38,2187.61
TXN002111,2,0,1,0,2,2,62103.62,42373.38,47,7,0,16,4228.46
TXN002112,0,0,0,0,0,1,56229.25,20336.89,56,4,21,16,2266.26
TXN002113,5,1,0,1,1,2,23699.22,110544.5,38,9,10,47,6337.17
TXN002114,6,1,0,1,1,2,64840.99,50498.54,65,10,6,39,5668.74
TXN002115,6,1,1,1,2,1,88478.62,64487.71,40,9,4,49,5944.81
TXN002116,2,0,0,0,1,1,28093.55,138789.94,33,0,17,23,4326.91
TXN002117,2,0,1,0,2,2,83283.38,89302.63,59,12,19,12,4520.54
TXN002118,1,0,0,1,2,0,66419.66,23590.93,24,3,11,27,4270.34
TXN002119,6,1,0,1,2,2,3865.13,121945.67,37,6,20,45,5995.34
TXN002120,1,0,1,0,2,2,37827.41,45858.28,65,1,17,49,4551.25
TXN002121,1,0,0,1,0,0,51021.84,87378.82,59,6,8,44,3110.51
TXN002122,5,1,0,0,0,2,73304.07,81397.41,31,4,1,41,4376.24
TXN002123,1,0,0,0,1,0,29069.49,43331.04,43,5,17,13,2111.7
TXN002124,4,0,0,1,0,0,98281.65,26207.94,39,5,1,22,2745.56
TXN002125,3,0,1,0,1,1,68611.7,39576.62,58,14,1,22,1634.65
TXN002126,0,0,1,0,1,2,37594.96,23627.29,53,4,20,9,2732.17
TXN002127,2,0,0,0,2,2,10153.99,48587.92,43,9,13,37,4134.71
TXN002128,4,0,0,0,2,0,18546.09,149621.65,29,6,6,48,3452.69
TXN002129,0,0,1,1,2,2,49016.97,66292.92,66,3,0,16,4028.3
TXN002130,6,1,0,0,2,0,49722.19,130944.37,48,12,8,26,4626.6
TXN002131,6,1,1,0,2,2,76888.02,86884.88,57,0,21,10,5625.35
TXN002132,6,1,0,1,2,2,72754.57,103321.63,21,8,11,18,6662.43
TXN002133,4,0,1,0,0,0,20526.67,31888.72,57,6,0,44,922.96
TXN002134,4,0,1,0,1,0,59698.18,48472.82,44,8,0,43,1956.91
TXN002135,2,0,1,1,1,2,2551.87,81462.08,26,11,8,43,3801.79
TXN002136,3,0,1,1,2,2,40155.47,133360.08,29,10,15,26,5372.16
TXN002137,1,0,0,0,0,0,76528.47,16004.33,46,8,16,35,2529.94
TXN002138,6,1,0,0,2,1,40251.11,80968.79,45,6,0,15,4388.9
TXN002139,5,1,1,1,0,1,83641.83,17141.71,33,14,4,22,3545.06
TXN002140,3,0,1,0,0,2,97627.45,73955.17,25,1,15,32,4637.84
TXN002141,5,1,1,0,1,2,60917.65,98041.54,64,10,4,21,4667.76
TXN002142,2,0,1,0,1,2,14927.91,114261.25,66,1,6,13,3615.17
TXN002143,2,0,0,1,0,0,38277.88,29394.48,30,3,19,12,2837.42
TXN002144,2,0,1,0,1,2,1443.59,33320.54,31,8,16,21,2283.83
TXN002145,0,0,1,1,0,2,60471.23,75809.09,32,12,5,6,3576.76
TXN002146,5,1,1,1,0,2,82246.07,149725.1,26,6,2,37,5679.43
TXN002147,3,0,1,1,0,1,63179.04,59846.56,61,8,6,0,3245.31
TXN002148,3,0,1,1,1,2,78715.58,69853.84,49,3,13,32,6047.99
TXN002149,4,0,1,0,2,2,80090.44,70542.54,39,8,16,21,4812.04
TXN002150,4,0,1,1,1,0,85175.75,21298.11,68,6,13,22,3193.86
TXN002151,6,1,0,0,2,1,27033.05,118384.1,42,7,19,14,4315.63
TXN002152,4,0,1,1,1,0,87191.22,45434.21,58,0,11,43,4057.86
TXN002153,2,0,1,1,1,2,65582.35,108513.39,43,8,8,14,5364.21
TXN002154,3,0,1,0,2,2,29327.69,76512.58,62,11,5,30,3305.02
TXN002155,5,1,0,1,0,2,98735.82,95649.16,46,7,1,27,6066.27
TXN002156,2,0,0,1,2,2,95043.15,17556.03,35,0,5,2,5995.33
TXN002157,0,0,0,0,0,2,57656.88,134595.2,53,13,8,41,4459.31
TXN002158,4,0,1,1,0,0,84399.23,44139.95,37,12,10,24,2662.42
TXN002159,2,0,1,1,1,2,26518.7,103813.35,50,7,0,32,4242.63
TXN002160,2,0,1,1,1,2,41895.68,121722.68,37,14,11,32,5330.32
TXN002161,0,0,0,0,1,1,18805.19,85605.42,20,14,4,22,1832.02
TXN002162,1,0,1,1,1,1,52250.21,57226.76,60,4,12,27,3930.4
TXN002163,3,0,0,0,1,2,49852.14,146906.47,51,2,23,15,4703.99
TXN002164,5,1,0,0,2,2,21674.92,48981.56,23,7,14,36,4887.03
TXN002165,6,1,0,0,2,2,67443.77,142812.73,48,10,12,4,6400.01
TXN002166,1,0,0,1,2,2,12220.13,31871.38,52,10,22,42,4111.36
TXN002167,4,0,0,1,2,2,6638.3,64491.1,49,2,1,10,3333.07
TXN002168,2,0,1,1,1,2,38798.04,29389.38,59,7,23,11,2304.98
TXN002169,0,0,1,1,2,0,41277.57,10313.67,26,4,8,20,3931.66
TXN002170,0,0,0,0,2,0,32314.19,46436.2,63,7,23,17,1889.8
TXN002171,3,0,1,0,0,0,26165.69,22209.46,65,2,21,13,896.19
TXN002172,1,0,1,1,1,1,34208.25,148088.37,44,9,7,32,3772.66
TXN002173,6,1,0,1,2,2,16755.87,116631.46,41,5,3,20,5804.16
TXN002174,3,0,0,0,2,1,40643.52,10518.67,67,11,14,25,3345.61
TXN002175,2,0,1,1,2,1,90508.04,41310.52,39,5,21,24,4966.84
TXN002176,3,0,1,1,1,1,22830.47,103817.39,47,3,4,39,3931.88
TXN002177,5,1,1,1,2,0,68602.88,65797.3,53,4,9,24,4267.03
TXN002178,0,0,1,1,0,2,14607.56,126457.96,43,11,8,34,4003.81
TXN002179,0,0,0,1,1,2,35713.71,80680.51,67,11,3,49,4059.91
TXN002180,4,0,1,1,0,1,32456.89,101511.2,19,6,0,19,2721.05
TXN002181,4,0,0,0,1,0,93734.42,93585.24,59,0,10,1,4467.54
TXN002182,6,1,0,0,2,1,43084.21,99343.65,61,7,10,40,4725.98
TXN002183,2,0,1,0,1,1,69201.36,42213.84,24,10,8,11,3420.47
TXN002184,5,1,1,0,1,2,60445.05,62260.52,44,14,22,31,4468.26
TXN002185,1,0,1,1,1,0,14532.49,17088.1,33,2,4,42,2433.22
TXN002186,3,0,0,1,0,2,93984.27,92269.11,66,6,22,32,4812.78
TXN002187,6,1,0,0,1,1,34913.99,74296.18,63,14,18,47,3252.38
TXN002188,2,0,0,0,2,2,4953.46,116500.26,46,8,20,30,4197.15
TXN002189,4,0,0,0,1,1,30394.15,38893.55,38,12,2,32,2004.01
TXN002190,3,0,1,0,1,0,33895.56,71153.7,43,1,7,19,3591.04
TXN002191,4,0,0,0,2,2,9728.16,35304.36,35,12,15,40,2926.56
TXN002192,3,0,0,1,2,2,62187.75,95957.09,18,9,16,36,6031.42
TXN002193,1,0,1,1,0,2,35003.04,128724.24,19,9,3,36,4341.33
TXN002194,2,0,0,0,2,2,63098.89,117162.05,31,6,22,39,5495.01
TXN002195,3,0,0,0,2,2,1170.69,142187.72,55,0,14,13,4680.99
TXN002196,5,1,1,1,2,0,98213.82,146041.61,32,4,12,35,7227.6
TXN002197,6,1,0,1,1,0,17466.38,118084.74,53,10,8,11,3896.92
TXN002198,0,0,0,1,0,2,66103.43,50152.85,41,6,9,25,4934.51
TXN002199,5,1,0,0,2,1,71720.54,40696.59,42,13,1,33,3839.21
TXN002200,5,1,0,1,2,1,17575.03,72656.86,26,4,5,5,4741.97
TXN002201,6,1,1,0,2,2,11615.37,149143.72,32,4,22,45,5629.04
TXN002202,0,0,0,0,1,2,15681.43,67773.52,54,5,19,12,2886.16
TXN002203,5,1,1,1,1,0,25058.42,37869.58,23,9,4,21,3186.09
TXN002204,3,0,0,1,0,0,17239.1,142208,60,9,16,34,2766.48
TXN002205,3,0,1,1,0,2,67562.94,64028.52,62,10,3,18,3972.38
TXN002206,3,0,1,0,1,2,42372.9,106725.84,29,13,7,36,3748.67
TXN002207,0,0,1,1,2,1,54010.26,120341.42,44,13,21,22,4844.29
TXN002208,5,1,0,1,2,0,5210.01,128041.83,24,10,22,49,4398.82
TXN002209,0,0,0,0,0,2,86194.27,124979.25,45,5,0,31,4821.85
TXN002210,3,0,0,1,2,0,17471.87,127074.56,69,9,22,43,2963.15
TXN002211,6,1,1,1,1,2,36335.16,103471.48,29,12,21,10,4807.75
TXN002212,5,1,0,0,0,2,7654.21,66536.35,59,1,3,3,3253.75
TXN002213,5,1,0,0,1,2,14110.92,103420.16,52,11,17,11,3485.28
TXN002214,4,0,0,0,1,2,66747.04,127142.81,19,11,12,38,5238.11
TXN002215,4,0,0,0,2,1,69412.41,59089.95,43,9,17,29,4659.27
TXN002216,1,0,1,0,1,2,67858.07,51511.12,37,10,22,9,3366.62
TXN002217,2,0,1,1,1,1,55437.61,58119.01,42,9,2,23,3162.28
TXN002218,4,0,0,1,2,1,95275.91,87179.68,38,12,17,22,5209.35
TXN002219,0,0,0,0,1,2,50964.13,17342.14,18,11,9,0,4384.34
TXN002220,4,0,0,1,2,0,45216.5,119055.91,45,8,18,47,4638.26
TXN002221,1,0,1,1,1,0,25130.78,29439.27,55,2,1,3,1176.01
TXN002222,5,1,0,0,2,2,10335.53,28597.41,30,0,13,27,4940.43
TXN002223,1,0,1,0,2,2,55041.42,37672.28,47,10,18,43,3897.22
TXN002224,5,1,1,0,0,2,31831.57,90769.84,27,0,4,44,4505.85
TXN002225,6,1,0,1,1,0,52640.53,49979.57,62,8,15,2,3693.35
TXN002226,6,1,0,0,1,0,21008.85,61532.65,39,5,9,47,3240.95
TXN002227,5,1,0,1,0,2,83898.18,140430.88,46,6,4,1,5927.17
TXN002228,2,0,1,1,2,0,99969.87,128608.31,22,1,13,40,6241.89
TXN002229,4,0,1,1,2,1,32579.15,129306.67,25,10,6,5,3648.36
TXN002230,0,0,0,1,0,0,84311.6,90869.86,28,13,9,41,2879.5
TXN002231,0,0,1,0,0,0,87362.12,131305.26,43,11,10,16,3587.42
TXN002232,3,0,0,1,2,2,99609.34,118999.22,36,0,18,36,7837.07
TXN002233,5,1,0,0,2,1,34600.65,143453.15,36,1,10,43,6244.1
TXN002234,0,0,1,1,0,2,75726.12,19011.58,47,12,2,22,3316.51
TXN002235,2,0,1,0,1,0,23266.5,14021.8,53,2,6,39,1749.85
TXN002236,5,1,1,0,2,1,62667.2,34504.19,59,2,13,20,5949.77
TXN002237,2,0,1,0,0,2,70631.84,140071.87,26,7,5,43,4855.54
TXN002238,0,0,0,1,1,0,74241.51,94779.11,24,3,21,30,5490.86
TXN002239,0,0,0,1,1,1,21113.63,69655.75,35,0,19,11,4758.95
TXN002240,3,0,0,1,1,2,84948.19,81779.55,26,1,12,28,6641.42
TXN002241,0,0,1,0,1,1,42386.7,126144.64,23,8,13,41,3960.18
TXN002242,5,1,0,1,0,0,22028.77,140075.4,23,1,19,12,4312.73
TXN002243,6,1,1,1,2,2,54481.84,112157.84,62,11,14,25,5780.88
TXN002244,5,1,1,1,1,0,86404.03,116378.7,39,8,17,32,5341.27
TXN002245,5,1,1,0,1,1,96725.25,54852.93,34,4,10,33,5602.55
TXN002246,3,0,0,1,0,0,74946.68,75384.93,32,3,21,19,3088.11
TXN002247,3,0,1,1,1,1,1059.48,133929.43,26,3,9,46,5321.27
TXN002248,0,0,1,0,0,2,13902.73,120030.78,23,2,10,9,3445.97
TXN002249,1,0,1,0,0,0,8089.26,105797.93,40,1,18,0,685.24
TXN002250,1,0,1,0,2,2,10570.77,19134.56,34,7,21,28,2945.04
TXN002251,3,0,1,0,1,2,38611.98,15531.01,49,5,14,21,2868.17
TXN002252,0,0,1,0,2,2,34180.08,28257.53,49,8,2,49,3404.81
TXN002253,1,0,1,0,0,2,11811.66,91394.75,54,1,2,0,2658.55
TXN002254,0,0,1,1,1,0,88282.42,85094.16,20,11,0,43,3724.7
TXN002255,0,0,1,1,0,0,61735.04,141976.72,33,0,14,7,4576.81
TXN002256,0,0,1,0,0,2,79748.1,107266.35,19,7,12,8,4194.64
TXN002257,4,0,1,1,0,2,37469.16,51156.17,69,7,14,22,3265.61
TXN002258,5,1,1,0,1,1,41318.48,32609.48,20,4,20,19,3973.88
TXN002259,0,0,0,1,0,2,32103.31,128934.65,58,1,17,33,4713.45
TXN002260,4,0,0,0,0,1,44123.45,74347.37,68,9,17,15,1699.98
TXN002261,3,0,1,0,1,1,61232.54,101485.73,31,4,8,21,4387.27
TXN002262,1,0,1,1,2,2,49551.91,89120.1,31,7,17,45,5311.14
TXN002263,5,1,1,1,0,0,83872.74,25043.89,47,13,10,22,2965.17
TXN002264,6,1,0,1,2,1,90063.85,17988.17,66,13,17,0,4804.19
TXN002265,1,0,0,1,2,0,47233.54,62782.55,57,3,5,13,3749.15
TXN002266,5,1,0,1,2,2,24354.92,60617.04,66,13,16,48,5492.16
TXN002267,6,1,1,1,2,2,94546.65,104331.74,44,1,23,22,6529.63
TXN002268,1,0,1,1,2,2,73636.34,98508.06,34,2,16,37,7352.67
TXN002269,5,1,1,1,2,2,64192.65,145651.73,56,2,8,39,6764.71
TXN002270,1,0,1,0,1,1,74668.67,130133.93,26,8,19,49,4384.61
TXN002271,1,0,0,1,1,1,8060.19,79521.55,53,12,2,7,1989.01
TXN002272,6,1,1,1,2,0,7228.82,80003.55,27,11,22,31,3226.83
TXN002273,1,0,0,0,1,0,15735.5,104378.09,46,2,23,39,2531
TXN002274,1,0,0,0,1,1,15171.37,25972.68,21,0,11,1,3124.7
TXN002275,6,1,1,0,2,2,42356.71,149984.68,38,6,20,47,6141.51
TXN002276,3,0,0,0,2,0,16161.71,82633.13,54,0,2,12,3252.12
TXN002277,0,0,0,1,0,1,85525.3,137386.68,19,5,3,26,5212.03
TXN002278,2,0,0,1,1,0,58020.64,145429.89,32,9,9,45,5135.06
TXN002279,4,0,0,0,2,1,37142.06,91429.98,45,3,21,6,3121.98
TXN002280,2,0,1,0,1,2,7427.44,24468.81,42,6,4,2,1419.5
TXN002281,2,0,1,1,1,1,59307.27,90268.41,43,6,19,20,4184.64
TXN002282,5,1,0,1,1,0,12095.02,93669.94,26,14,2,7,2899.4
TXN002283,0,0,1,1,0,1,74450.41,120487.04,47,6,21,0,3625.34
TXN002284,5,1,0,1,2,0,80374.43,16752.1,26,13,6,16,4350.95
TXN002285,0,0,1,0,1,0,54625.64,75284.15,18,5,1,25,3040.49
TXN002286,6,1,1,1,2,0,15385.48,139187.84,29,6,5,28,4832.73
TXN002287,6,1,1,0,1,2,78792.84,148781.87,62,7,18,7,5541.69
TXN002288,0,0,1,0,2,2,31128.87,36793.58,69,2,9,37,4144.66
TXN002289,1,0,1,0,2,1,22653.99,131883.86,30,4,7,42,4650.47
TXN002290,3,0,0,1,2,1,47320.39,30475.08,31,13,15,7,3234.34
TXN002291,1,0,1,0,1,0,92303.3,127764.42,27,9,1,7,2976.72
TXN002292,3,0,0,1,0,2,30088.64,48818.88,34,10,15,24,4014.3
TXN002293,5,1,0,0,2,1,90605.06,144347.54,34,8,20,41,5673.71
TXN002294,3,0,1,1,0,1,5838.5,107369.55,48,7,13,41,2619.33
TXN002295,5,1,0,0,2,2,8810.61,65875.48,63,5,23,44,3854.62
TXN002296,6,1,1,0,0,0,70006.82,49336.27,66,12,12,26,2900.63
TXN002297,2,0,0,1,2,1,19463.97,42933.25,68,8,22,21,2574.68
TXN002298,6,1,0,1,0,0,32003.76,105310.93,43,13,8,2,3379.94
TXN002299,6,1,1,0,2,2,14069.11,135410.74,52,9,8,48,5054.16
TXN002300,2,0,1,0,2,2,33558.7,115691.88,53,12,7,46,4984.58
TXN002301,3,0,1,1,0,1,28405.77,126870.82,28,4,6,37,3978.15
TXN002302,3,0,1,0,2,1,73765.6,119393.73,33,1,15,48,6021.03
TXN002303,5,1,0,1,1,2,70351.33,147080.67,46,14,5,23,6266.98
TXN002304,1,0,1,1,2,0,95515.25,116092.69,62,8,10,32,4730.9
TXN002305,5,1,0,0,2,0,72579.96,39431.99,35,13,18,34,3910.9
TXN002306,1,0,0,1,1,2,69634.37,120823.79,28,4,7,39,6269.28
TXN002307,6,1,0,0,1,1,69573.29,55089.71,28,7,18,28,4517.62
TXN002308,2,0,0,1,1,2,88355.26,149411.98,26,7,14,7,6846.39
TXN002309,6,1,0,1,0,1,29975.55,62734.17,42,3,10,10,5251.1
TXN002310,0,0,0,0,1,0,30359.16,50991.13,49,3,8,15,2503.44
TXN002311,3,0,1,1,0,1,74250.77,43490.24,51,13,15,32,3431.56
TXN002312,1,0,0,0,1,0,23256.16,102192.05,20,0,12,10,3598.57
TXN002313,5,1,0,1,0,2,91245.99,25290.95,31,4,9,28,4938.81
TXN002314,2,0,0,1,1,1,53710.78,143498.38,65,14,9,48,4670.83
TXN002315,1,0,1,1,1,0,30362.43,51203.78,57,8,19,44,2580.9
TXN002316,5,1,1,1,2,1,77721.94,51356.09,42,11,8,23,4718.57
TXN002317,3,0,0,0,1,0,31575.9,16449.25,33,4,1,1,835.61
TXN002318,6,1,1,1,2,0,96346.19,44442.45,53,4,0,4,4612.21
TXN002319,3,0,0,1,1,2,98307.43,68657.11,26,13,7,23,6115.83
TXN002320,4,0,1,1,1,2,66846.23,61744.89,21,5,15,43,5281.64
TXN002321,0,0,0,0,2,1,11806.57,48222.79,62,5,21,46,2820.69
TXN002322,4,0,1,0,2,0,26689.28,15704.14,19,7,10,6,3104.15
TXN002323,2,0,1,0,0,2,51783.99,52081.39,42,13,8,30,3274.89
TXN002324,1,0,1,0,2,1,85219.02,118966.33,67,0,18,29,4748.34
TXN002325,2,0,0,1,0,2,18896.21,71430.92,39,14,17,5,2722.03
TXN002326,6,1,0,1,1,1,10888.14,50708.55,22,4,6,4,5016.56
TXN002327,5,1,0,1,2,2,7910.51,52670.9,66,8,20,14,4239.71
TXN002328,3,0,1,0,2,2,50943.27,87621.26,38,14,9,26,3996.78
TXN002329,4,0,1,0,1,0,88527.75,52320.97,27,2,5,34,3927.02
TXN002330,4,0,0,1,1,0,4714.74,98311.62,40,14,20,8,1812
TXN002331,6,1,1,1,1,2,21625.99,148523.63,44,10,3,22,5170.13
TXN002332,4,0,0,1,1,0,69479.07,15764.7,47,6,0,16,2752.38
TXN002333,6,1,0,0,2,2,82673.41,33623.15,21,6,3,22,5756.64
TXN002334,2,0,0,1,1,1,80836.25,35075.06,23,11,2,45,4591.21
TXN002335,3,0,0,1,1,2,78614.27,72589.84,43,11,2,38,4358.07
TXN002336,1,0,1,0,2,2,13415.08,15798.62,27,9,13,46,3538.29
TXN002337,5,1,1,0,0,1,40025.14,76853.02,66,2,4,28,3176.94
TXN002338,1,0,1,1,2,1,98482.09,140049.47,22,14,0,38,5846.93
TXN002339,2,0,0,0,0,0,98894.31,11618.97,56,6,10,44,2904.29
TXN002340,5,1,1,1,1,1,60441.53,61091.44,54,2,5,45,5893.78
TXN002341,4,0,0,1,2,0,71072.09,116525.13,57,14,1,10,3322.99
TXN002342,0,0,0,1,1,2,95152.74,31629.23,18,5,12,49,6173
TXN002343,2,0,0,1,2,1,45267.82,20858.26,51,7,0,12,3679.18
TXN002344,2,0,0,0,0,2,14118.25,98309,65,7,7,11,2558.23
TXN002345,3,0,0,0,2,0,67060.41,11393.13,25,5,9,1,3873.78
TXN002346,1,0,0,0,1,1,96030.18,122247.87,38,1,14,41,5783.53
TXN002347,2,0,1,1,2,0,69872.01,19359.39,48,0,2,10,3675.66
TXN002348,2,0,1,1,1,0,80430.45,83409.6,64,2,5,47,4386.11
TXN002349,4,0,1,1,2,1,42563.51,113617.88,40,13,1,48,3892.03
TXN002350,4,0,1,0,0,1,10098.08,43881.54,28,2,20,13,1586.86
TXN002351,5,1,0,0,2,0,17303.77,24495.62,33,6,22,21,2828.72
TXN002352,6,1,0,1,2,1,98274.16,34587.19,44,3,19,20,5381.83
TXN002353,6,1,1,0,2,0,49571.84,129655.7,24,1,2,44,4383.72
TXN002354,0,0,1,0,2,2,1696.05,108809.24,66,1,8,48,4325.97
TXN002355,6,1,1,0,0,2,95559.04,37733.73,41,11,19,36,5132.46
TXN002356,3,0,1,0,1,1,50029.1,110256.91,49,6,4,35,4169.98
TXN002357,0,0,1,1,2,1,83708.71,109206.54,52,7,5,24,5573.03
TXN002358,5,1,1,0,2,2,55071.59,149681.51,48,10,9,42,5477.62
TXN002359,4,0,1,1,2,0,10619.38,64817.84,64,4,20,48,2980.87
TXN002360,6,1,1,0,0,0,61749.17,131079.49,46,1,8,2,3601.54
TXN002361,1,0,0,1,1,0,99741.33,72501.98,21,2,0,1,4212.96
TXN002362,4,0,0,1,1,1,3956.41,135686.43,52,0,15,26,4812.79
TXN002363,3,0,0,0,2,0,84258.52,22824.07,28,14,5,32,3351.56
TXN002364,4,0,0,1,2,1,23930.34,34543.77,51,9,15,17,4032.32
TXN002365,3,0,1,1,1,1,39689.69,128993.61,56,3,19,47,3945.04
TXN002366,3,0,0,0,2,1,37584.6,124702.05,32,6,19,10,3844.58
TXN002367,3,0,1,1,2,2,89930.32,52760.73,31,9,2,6,5658.79
TXN002368,5,1,0,0,2,0,50696.38,93551.76,38,11,13,36,4953.16
TXN002369,3,0,1,1,0,1,44993.84,63577.96,24,8,20,49,3319.18
TXN002370,3,0,1,0,0,0,81893.5,11444.43,34,2,7,35,2667.97
TXN002371,1,0,0,0,1,2,5366.26,13654.58,59,3,19,26,3298
TXN002372,0,0,0,0,0,0,9102.4,17595.89,35,11,22,21,550.86
TXN002373,2,0,1,0,0,2,2658.04,93170.1,31,5,13,30,3412.4
TXN002374,0,0,1,0,1,1,68954.3,49091.88,55,0,23,39,3135.08
TXN002375,3,0,1,1,0,1,52798.81,30152.76,46,4,14,5,3567.25
TXN002376,1,0,0,1,1,2,87664.2,141758.36,68,9,20,32,5691
TXN002377,4,0,0,0,2,1,50104.02,26984.61,27,14,9,6,2539.98
TXN002378,1,0,1,1,1,0,22571.05,104357.44,34,13,16,5,2072.46
TXN002379,3,0,0,1,1,0,80612.16,135182.43,49,4,7,0,4390.24
TXN002380,1,0,1,1,1,2,29785.22,32936.15,68,9,18,38,4016.27
TXN002381,6,1,0,0,2,0,93601.13,40062.16,37,8,3,45,4328.99
TXN002382,1,0,0,0,2,1,25417.18,90333.89,34,8,9,37,4110.56
TXN002383,3,0,0,1,2,1,17188.2,81182.82,63,12,22,41,2431.49
TXN002384,5,1,0,0,1,1,49585.74,82943.84,24,0,3,49,5540.87
TXN002385,6,1,0,0,1,0,5526.25,87654.93,68,2,19,47,2855.44
TXN002386,1,0,1,1,1,1,4122.97,142986.41,56,12,21,43,3173.65
TXN002387,2,0,1,0,1,0,49853.45,17537.33,61,3,3,28,2053.61
TXN002388,2,0,0,0,1,2,21903.13,116462.79,47,11,9,10,3960.89
TXN002389,1,0,1,0,1,1,1430.59,42550.9,55,0,23,27,2102.04
TXN002390,5,1,1,0,1,2,29957.66,62314.87,57,8,2,39,4568.11
TXN002391,4,0,0,0,0,0,47998.05,22500.76,58,1,17,14,2123.46
TXN002392,3,0,1,1,2,0,39731.73,72387.75,67,14,13,29,3712.92
TXN002393,2,0,0,0,0,2,13979.21,122590.7,27,4,19,22,4045.58
TXN002394,4,0,1,0,2,1,58177.65,23823.65,49,13,13,11,2986.67
TXN002395,1,0,1,1,1,1,71178.13,48584.5,43,12,19,27,3901.01
TXN002396,4,0,1,1,0,1,67716.15,62228.64,65,2,22,30,3545.3
TXN002397,6,1,1,0,1,2,39679.31,24545.89,34,14,13,29,3943.71
TXN002398,0,0,1,1,0,0,14190.82,116724.35,18,3,6,38,3169.98
TXN002399,2,0,1,0,0,2,50198.93,120172.58,56,14,8,15,3294.71
TXN002400,1,0,1,1,1,0,89097.96,127025.3,43,3,1,29,5214.62
TXN002401,3,0,0,0,0,1,47137.92,91745.47,47,10,19,3,3484.16
TXN002402,5,1,0,1,0,1,19970.26,81013.43,26,1,2,32,4420.35
TXN002403,6,1,0,0,2,0,9758.8,46757.34,61,10,11,32,3371.53
TXN002404,1,0,0,1,1,1,94420.7,101722.12,50,1,18,27,6196.01
TXN002405,3,0,1,0,1,2,74429.44,72238.89,43,7,15,20,4913.08
TXN002406,5,1,1,0,0,0,31640.21,145908.7,59,1,6,14,3599.91
TXN002407,5,1,1,0,1,1,29887.56,145545.13,27,14,11,25,4373.56
TXN002408,1,0,0,1,2,1,89574.24,136728.72,59,13,9,13,5642.26
TXN002409,6,1,0,1,2,1,18168.04,60412.48,49,9,21,14,3805.06
TXN002410,4,0,0,0,1,1,53736.21,61516.14,56,6,2,1,2833.76
TXN002411,4,0,1,0,1,0,71493.68,129374.24,64,0,7,15,3329.9
TXN002412,5,1,0,0,2,0,39940.84,112078.89,59,0,23,36,4615.18
TXN002413,4,0,1,0,1,1,4470.28,108610.54,65,9,6,10,2297.98
TXN002414,0,0,0,1,0,2,23162,49145.54,65,2,8,10,3944.42
TXN002415,5,1,1,1,1,2,90229.91,126668.81,69,2,18,32,6551.37
TXN002416,5,1,0,1,0,2,52550.34,91118.88,50,10,4,1,5037.99
TXN002417,3,0,1,0,2,2,81636.4,72561.18,44,8,21,32,4981.87
TXN002418,4,0,0,0,1,0,55790.71,131159.1,60,13,8,2,3620.59
TXN002419,6,1,0,1,2,0,94388.41,65189.37,46,14,15,19,5327.08
TXN002420,5,1,1,1,1,2,90958.84,101549.61,36,1,19,32,6730.56
TXN002421,6,1,1,1,0,0,48547.36,75226.73,35,3,20,25,3123.11
TXN002422,0,0,0,1,1,2,32168.27,92983.29,52,2,8,48,5380.46
TXN002423,3,0,1,0,2,1,60366.04,15676.51,64,6,11,33,3057.4
TXN002424,1,0,0,0,0,1,67651.32,74556.12,45,14,19,13,2319.78
TXN002425,6,1,1,0,1,2,50086.33,87908.78,55,5,14,28,4704.43
TXN002426,5,1,0,1,2,0,82317.18,78980.71,27,8,17,1,5078.7
TXN002427,0,0,1,0,2,2,18741.19,128637.45,20,12,8,49,5093.68
TXN002428,2,0,0,1,1,0,33773.98,53557.36,59,7,2,7,1844.12
TXN002429,0,0,0,1,2,1,68794.45,133770.71,46,1,10,26,6043.72
TXN002430,0,0,0,1,0,0,25045.04,66484.68,33,2,5,7,2028.52
TXN002431,3,0,1,1,1,2,44264.55,107233.74,53,0,8,6,4425.07
TXN002432,1,0,0,1,0,1,96391.49,22141.18,18,7,2,10,3697.47
TXN002433,2,0,1,0,2,1,62774.66,38021.57,35,12,23,38,3083.7
TXN002434,4,0,1,0,2,0,94931.19,116563.24,21,1,8,29,4724.11
TXN002435,4,0,1,0,2,1,72382.92,11726.02,22,3,2,38,3277.14
TXN002436,6,1,0,1,0,1,72604.34,145593.88,38,1,18,48,5599.49
TXN002437,0,0,1,0,2,0,59389.79,36688.05,21,1,3,46,3577.85
TXN002438,3,0,1,1,1,1,14649.76,136182.56,68,14,12,20,3428.8
TXN002439,3,0,1,0,1,2,52211.57,82232.3,37,2,16,20,3985.24
TXN002440,4,0,0,1,2,0,25640.29,89040.55,36,13,1,6,2299.11
TXN002441,6,1,1,1,1,0,99867.92,21778.45,52,9,15,19,4653.05
TXN002442,6,1,1,0,0,0,27062.71,61130.63,69,12,0,48,1177.14
TXN002443,6,1,1,1,0,0,23453.24,31870.64,62,4,2,13,2037.62
TXN002444,2,0,1,0,2,2,62576.37,83630.41,41,7,15,19,5014.95
TXN002445,1,0,0,0,1,0,51339.41,87102.5,37,9,5,4,2425.55
TXN002446,2,0,0,0,1,2,2624.61,109353.37,67,1,7,30,3659.94
TXN002447,5,1,1,1,2,0,13388.55,132958.94,45,13,4,11,3620.3
TXN002448,5,1,1,1,0,0,81198.77,75545.17,55,12,7,11,2901.93
TXN002449,1,0,1,1,2,1,48627.35,42670.45,41,4,21,1,3129.37
TXN002450,4,0,1,1,1,1,15028.51,56700.03,37,10,0,25,1950.75
TXN002451,1,0,0,0,1,2,46791.64,128592.57,41,11,18,3,4466.58
TXN002452,3,0,0,1,2,1,25688.33,30420.89,23,12,1,29,3577.96
TXN002453,5,1,0,0,0,0,22747.35,97815.85,55,3,5,33,2838.14
TXN002454,0,0,0,0,0,2,95793.67,11832.02,42,11,23,36,3721.31
TXN002455,0,0,1,1,2,1,36521.44,44393.71,49,12,5,19,3722.05
TXN002456,4,0,1,1,1,0,5119.89,92797.19,34,13,19,1,1730.47
TXN002457,3,0,0,0,0,1,97047.5,73897.69,34,13,19,44,3949.5
TXN002458,2,0,0,1,2,1,79586.54,79096.93,22,2,8,34,6809.32
TXN002459,3,0,1,0,1,1,25814.12,102478.69,34,9,0,14,2019.15
TXN002460,0,0,1,1,0,1,41184.74,42842.04,26,5,1,47,2860.46
TXN002461,0,0,1,1,0,0,86297.81,49312.69,37,8,19,13,3534.29
TXN002462,5,1,1,0,2,1,36062.65,105824.15,19,7,18,35,4523.4
TXN002463,3,0,1,0,1,2,56956.7,85360.8,36,1,15,48,5149.95
TXN002464,3,0,0,0,0,2,53718.26,12042.16,26,0,8,29,3793.47
TXN002465,0,0,0,1,2,1,40428.81,103845.89,57,7,4,43,5172.52
TXN002466,2,0,1,1,0,2,64130.44,96812.89,36,4,23,26,3951.82
TXN002467,4,0,1,1,1,1,47592.43,21005.06,62,1,19,1,3200.04
TXN002468,6,1,0,0,0,0,2612.43,114652.73,21,9,10,20,2329.99
TXN002469,4,0,1,0,1,0,81531.12,83094.2,23,0,19,13,3229.94
TXN002470,3,0,0,1,0,2,11759,38664.62,53,10,13,26,2287.58
TXN002471,4,0,0,0,0,2,46676.95,88309.89,28,7,12,20,4010.77
TXN002472,0,0,0,1,2,1,58200.13,93364.19,38,7,2,22,4871.1
TXN002473,0,0,0,0,0,1,70697.85,138816.62,59,5,1,34,3754.45
TXN002474,3,0,1,1,1,1,41374.26,113900.22,65,4,15,47,4515.33
TXN002475,3,0,1,1,2,0,73687.07,52269.41,42,4,10,7,3932.67
TXN002476,6,1,0,1,1,1,13569.33,26538.62,47,5,2,11,3770.52
TXN002477,6,1,1,0,1,0,65517.83,129445.77,35,4,14,27,4975.93
TXN002478,5,1,1,0,2,2,82720.72,128449.48,42,1,2,40,6789.12
TXN002479,3,0,1,1,1,0,88999.68,34543.4,68,6,18,32,3487.6
TXN002480,2,0,1,1,0,2,58166.87,18698.37,38,3,3,32,3659.01
TXN002481,4,0,0,1,2,0,31633.07,109661.05,40,6,20,8,4487.44
TXN002482,3,0,1,1,0,0,16753.97,111161.46,47,0,21,14,2834.98
TXN002483,1,0,0,1,0,1,34883.1,34800.13,61,5,4,9,2564.54
TXN002484,5,1,0,1,1,2,54227.45,103549.66,63,1,8,48,6541
TXN002485,1,0,1,0,1,0,20034.86,49049.32,35,2,6,1,1755.31
TXN002486,0,0,0,0,0,0,95275.23,46486.38,69,2,22,2,2420.9
TXN002487,6,1,1,0,2,2,89764.98,55432.51,50,9,22,22,5348.18
TXN002488,4,0,1,0,0,0,3779.24,82855.49,62,0,12,9,891.47
TXN002489,3,0,0,1,0,2,56415.2,122623.55,52,13,22,18,3874.9
TXN002490,1,0,1,1,1,2,79036.22,79810.13,63,4,17,40,5351.39
TXN002491,4,0,0,1,1,2,24916.5,51725.98,39,12,23,17,3227.27
TXN002492,0,0,0,0,0,0,52627.68,133756.4,67,7,14,34,3049.96
TXN002493,6,1,1,0,0,0,40896.19,17712.59,41,11,11,40,2112.8
TXN002494,2,0,1,1,1,1,20056.35,121592.81,40,13,9,42,3714.09
TXN002495,5,1,1,0,0,2,61666.37,119813.45,68,7,16,8,4537.47
TXN002496,4,0,0,0,1,0,99372.37,45496.55,18,9,5,30,3992.61
TXN002497,4,0,1,1,0,0,36846.08,37761.33,32,11,10,29,2247.67
TXN002498,2,0,0,1,2,2,55461.71,132458.08,65,10,2,36,6242.19
TXN002499,4,0,0,1,2,2,33121.54,88241.98,45,6,5,49,5640.55
TXN002500,0,0,1,0,0,2,87756.39,16441.59,59,6,21,11,2856.48
TXN002501,0,0,1,1,1,1,86527.97,134716.55,37,7,23,16,4640.01
TXN002502,2,0,1,1,0,1,18287.95,58860.84,53,12,19,26,1776.44
TXN002503,5,1,0,1,0,1,90044.91,57901.92,60,7,11,20,5018.1
TXN002504,3,0,1,0,1,2,15575.12,100060.31,33,14,2,48,3381.25
TXN002505,1,0,0,0,0,0,9996.28,102583.53,22,13,1,47,1201.22
TXN002506,3,0,1,1,1,2,65466.99,59464.26,68,4,21,26,4231.58
TXN002507,4,0,1,1,0,0,38897.46,30059.05,60,6,2,13,1635.05
TXN002508,1,0,0,0,1,1,53308.69,87317.77,67,11,12,40,3163.25
TXN002509,2,0,0,0,0,1,65430.79,97525.08,32,1,19,12,3609.14
TXN002510,2,0,1,1,2,1,5757.31,130431.13,19,3,8,2,4582.25
TXN002511,5,1,1,0,1,0,29648.84,77821.6,41,5,22,23,2074.57
TXN002512,1,0,1,1,2,0,46360.18,100397.45,30,10,16,31,3668.09
TXN002513,0,0,1,1,1,2,27025.45,17617.24,40,13,13,36,3674.02
TXN002514,1,0,1,0,1,2,5372.65,135233.21,29,9,19,7,2641.34
TXN002515,4,0,0,1,1,2,9124.32,55810.21,63,13,7,34,2581.25
TXN002516,0,0,0,1,1,1,80273.91,98510.96,50,2,3,22,4471.99
TXN002517,6,1,0,0,0,2,91182.98,138247.23,61,1,0,15,4553.66
TXN002518,6,1,0,1,0,1,15647.21,123473.61,62,11,9,35,4711.35
TXN002519,6,1,1,0,1,0,25301.56,99278.54,42,0,12,8,3707.01
TXN002520,2,0,0,1,0,1,65398.82,108505.1,52,3,1,38,3939.85
TXN002521,1,0,0,1,1,1,95450.04,138926.72,52,1,4,17,5332.21
TXN002522,6,1,0,0,1,1,30309.18,123693.05,18,13,5,48,5238.6
TXN002523,3,0,1,0,2,0,85593.76,95380.27,60,2,0,30,3947.69
TXN002524,5,1,0,0,1,0,50849.45,102218.38,21,11,4,37,3747.82
TXN002525,3,0,1,0,1,2,95677.58,30617.58,48,9,23,41,4412.54
TXN002526,6,1,0,0,0,2,14057.74,75823.48,45,10,14,36,3984.89
TXN002527,5,1,1,0,1,2,97380.4,52139.67,28,14,7,46,5103.21
TXN002528,4,0,0,1,1,0,44377.37,70475.89,49,10,17,33,2864.74
TXN002529,3,0,1,0,2,0,95317.37,102714.56,19,10,17,46,4242.33
TXN002530,1,0,0,1,0,0,46139.68,30881.15,68,5,3,40,1840.2
TXN002531,1,0,1,0,0,0,53243.17,12432.63,61,9,19,5,1308.82
TXN002532,3,0,1,1,2,0,80575.11,65569.42,30,2,19,35,4505
TXN002533,6,1,0,1,1,1,72401.54,55105.8,34,2,6,13,6090.36
TXN002534,1,0,1,0,2,2,62150.53,68860.49,68,3,7,40,4555.14
TXN002535,4,0,1,1,0,1,41989.51,140370.93,21,2,23,23,3758.89
TXN002536,0,0,0,1,2,2,79347.62,108991.77,48,14,19,32,5470.9
TXN002537,6,1,0,1,0,1,94848.72,55844.23,55,5,12,41,5155.79
TXN002538,4,0,1,0,2,0,1476.18,35099.04,20,8,3,49,1590.94
TXN002539,5,1,0,0,1,2,58990.59,96586.96,60,7,21,18,5180.91
TXN002540,4,0,0,1,1,1,86665.1,102060.68,29,1,20,28,6124.71
TXN002541,6,1,0,0,0,2,65484.7,77707.18,61,2,17,5,5061.39
TXN002542,5,1,1,0,2,0,80182.51,39786.51,35,14,12,2,3075.24
TXN002543,6,1,1,1,0,0,89558.58,13997.74,47,14,13,17,2866.35
TXN002544,1,0,1,1,1,2,75219.63,47192.5,63,7,8,20,4374.87
TXN002545,0,0,1,0,0,2,71843.23,74003.87,28,2,11,28,5292.11
TXN002546,6,1,1,0,1,0,96492.22,120310.8,41,4,8,41,5627.17
TXN002547,6,1,1,0,0,0,86436.62,129525.54,38,11,0,35,3879.67
TXN002548,1,0,1,1,2,0,81630.1,67810.84,66,10,8,30,3587.13
TXN002549,2,0,0,0,1,1,9097.13,121457.37,65,11,6,7,1947.14
TXN002550,1,0,1,0,0,2,24283.47,149069.4,52,11,0,31,2995.71
TXN002551,5,1,1,0,1,0,55897.22,110325.45,21,8,1,15,3232.11
TXN002552,1,0,0,1,2,2,71101.23,112003.86,43,1,17,21,6733.7
TXN002553,1,0,0,1,1,1,30669.88,137335.11,25,8,7,1,4446.74
TXN002554,0,0,0,1,2,1,9786.15,57340.18,41,9,0,14,2701.08
TXN002555,1,0,1,0,1,0,31454.37,11568.76,60,4,2,39,1816.42
TXN002556,6,1,0,0,2,2,77217.4,148176.82,62,14,0,16,4841.96
TXN002557,0,0,1,1,1,1,87801.4,78665.53,29,8,20,12,4456.44
TXN002558,3,0,1,0,2,2,91333.91,119994.86,22,3,19,34,6533.02
TXN002559,2,0,1,0,0,2,38197.23,123748.76,33,7,2,24,4132.34
TXN002560,0,0,0,0,0,0,37567.59,65652.33,49,7,7,9,1876.8
TXN002561,5,1,0,1,1,1,40967.39,85778.23,46,2,11,44,6095.1
TXN002562,3,0,1,0,2,1,37893.04,85588.17,50,4,6,10,4090.45
TXN002563,0,0,1,0,0,1,66786.56,40830.24,58,9,19,32,3353.75
TXN002564,0,0,1,1,1,2,36153.16,26469.45,31,0,0,13,3917.25
TXN002565,2,0,0,0,0,1,2524.22,86100.12,42,12,22,33,2382.32
TXN002566,6,1,1,1,2,1,44182.95,26820.05,25,5,2,21,4835.89
TXN002567,5,1,0,0,1,2,22803.13,58452.42,44,8,20,43,3656.93
TXN002568,4,0,1,1,2,1,3366.31,36051.67,52,11,11,3,2564.34
TXN002569,4,0,0,1,2,1,47348.87,108968.26,39,13,7,43,4345.04
TXN002570,0,0,1,0,2,2,20992.48,132081.24,24,0,8,25,5882.76
TXN002571,1,0,0,0,0,1,45547.81,90908.05,53,1,14,0,3457.47
TXN002572,5,1,0,1,1,0,28136.12,67421.81,64,13,10,9,2499.12
TXN002573,3,0,0,0,2,2,60569.03,149529.97,29,6,22,35,6039.79
TXN002574,1,0,0,1,0,1,99092.3,12969.28,26,5,5,1,4545.16
TXN002575,1,0,0,0,2,0,54949.58,52607.75,67,9,4,28,2533.8
TXN002576,5,1,0,0,0,2,64866.14,49014.24,62,10,4,24,3808.65
TXN002577,6,1,1,0,1,1,91967.94,59868.5,52,2,15,22,5213.71
TXN002578,0,0,1,0,1,2,37713.04,42283.4,56,1,14,29,3182.82
TXN002579,0,0,1,1,1,0,17071.57,46996.8,36,6,10,24,2775.29
TXN002580,0,0,1,1,1,2,28638.33,46074.8,45,9,19,12,4115.04
TXN002581,0,0,0,0,2,1,40578.1,80804.17,46,9,22,39,3269.33
TXN002582,4,0,1,0,0,0,64679.26,64747.74,25,4,16,33,3558.29
TXN002583,0,0,0,0,1,2,956.51,99499.21,60,5,18,34,3972.05
TXN002584,4,0,0,0,2,1,85411.63,82016.16,44,14,21,14,3872.59
TXN002585,4,0,0,0,1,1,8071.35,35679.06,22,8,16,38,2912.15
TXN002586,6,1,1,1,1,0,90115.19,123406.3,65,12,14,41,5555.44
TXN002587,0,0,0,1,1,0,94968.73,76107.33,46,6,12,19,4567.18
TXN002588,2,0,1,0,0,2,99015.23,31452.41,52,3,22,42,4211.86
TXN002589,3,0,1,1,0,1,81046.26,33363.18,50,10,17,21,3025.37
TXN002590,1,0,1,1,0,0,14614.62,121575.58,49,8,22,24,1870.1
TXN002591,4,0,1,0,1,1,70763.62,108419.05,38,2,15,13,4724.78
TXN002592,5,1,1,1,2,2,20730.47,80913.91,27,14,19,18,4696.61
TXN002593,5,1,0,1,2,0,89764.22,52851.41,59,3,20,45,5322.42
TXN002594,3,0,0,1,2,2,32002.29,74473.09,33,9,0,21,4785.17
TXN002595,5,1,1,1,1,2,33016.2,99107.7,28,2,19,22,5879.4
TXN002596,2,0,0,0,0,0,91806.5,133099.52,36,9,12,0,3395.08
TXN002597,5,1,1,1,2,2,1816.49,87821.5,69,10,3,38,5100.67
TXN002598,1,0,0,1,1,1,19799.63,48742.94,30,14,11,29,3893.87
TXN002599,1,0,0,1,1,0,42482.26,15983.59,32,11,14,4,2835.32
TXN002600,4,0,0,0,2,1,70221.8,34563.71,59,2,19,29,3767.21
TXN002601,0,0,0,1,2,2,64932.83,101024.87,53,11,11,6,5616.72
TXN002602,6,1,0,1,1,0,67106.48,32461.18,49,14,18,12,3632.19
TXN002603,2,0,0,1,2,1,88062.19,77415.54,36,0,18,30,5461.41
TXN002604,4,0,0,0,1,1,12542.53,107853.7,32,4,14,6,3906.22
TXN002605,2,0,0,0,2,1,52455.09,53151.49,55,3,20,28,4034.28
TXN002606,0,0,0,0,0,1,72685.03,103674.82,39,10,4,24,3869.48
TXN002607,5,1,0,0,1,1,63793.79,91350.09,66,8,10,12,4367.16
TXN002608,5,1,0,0,0,2,45107.25,71451.47,30,14,17,47,4435.35
TXN002609,6,1,0,1,2,2,2202.9,135614.37,37,3,9,14,6397.97
TXN002610,0,0,0,0,1,2,6515,106888.24,66,2,12,29,4144.62
TXN002611,4,0,1,1,2,2,12334.66,60483.58,32,5,18,6,4408.08
TXN002612,6,1,0,0,1,2,34651.16,122597.03,24,11,19,4,4739.15
TXN002613,0,0,0,0,2,2,12206.52,113334.31,39,11,14,13,3644.26
TXN002614,3,0,0,0,0,2,42895.19,120835.76,60,9,17,29,2994.59
TXN002615,1,0,0,1,0,1,18274.88,99733.84,67,10,7,22,2540.9
TXN002616,6,1,0,1,2,2,78027.04,63111.89,37,4,22,15,6767.99
TXN002617,6,1,0,1,0,1,87213.02,58800.99,36,3,2,23,4646.73
TXN002618,4,0,1,0,0,0,39269.93,101581.19,44,0,10,42,3385.53
TXN002619,2,0,1,0,2,2,51377.51,28326,25,10,4,20,4297.28
TXN002620,3,0,1,0,1,1,95372.88,124788.01,35,12,11,42,4849.42
TXN002621,4,0,0,0,2,0,53783.02,61846.95,27,2,0,29,3267.75
TXN002622,0,0,0,0,1,0,99509.78,98252.08,67,13,5,11,3537.6
TXN002623,0,0,0,0,0,1,14642.03,79868.95,66,12,5,44,2329.34
TXN002624,0,0,1,1,0,1,86291.53,82705.71,58,12,11,39,3807.84
TXN002625,0,0,0,1,0,1,49971.7,113320.86,52,3,20,29,4176.57
TXN002626,2,0,0,0,0,2,2760.05,97733.81,32,9,14,37,2917.14
TXN002627,3,0,1,1,0,0,97236.18,45043.26,40,10,3,21,2914.64
TXN002628,5,1,1,1,1,2,96522.27,20391.63,29,7,17,1,4842.58
TXN002629,1,0,0,1,1,2,38635.45,127632.77,66,8,11,22,4847.02
TXN002630,2,0,0,0,1,2,95437.14,133885.17,44,13,6,41,5056.3
TXN002631,2,0,0,0,2,0,14530.46,33029.51,23,7,4,22,2195.67
TXN002632,5,1,0,0,0,0,68170.96,53326.79,41,8,22,21,2538.61
TXN002633,5,1,1,0,0,0,19596.93,49527.93,39,9,22,29,801.99
TXN002634,1,0,0,1,0,1,25041.4,141242.8,26,0,22,26,3951.7
TXN002635,1,0,0,0,2,2,78044.08,38668.83,27,10,2,33,4417.3
TXN002636,5,1,1,0,2,1,38047.13,33315.49,20,0,4,10,4800.19
TXN002637,0,0,0,0,2,1,1209.19,35457.4,23,13,16,28,2252.33
TXN002638,2,0,0,1,0,2,41716.72,112181.68,43,2,5,36,4642.14
TXN002639,4,0,1,1,1,0,23192.9,134322.78,62,12,19,5,1855.33
TXN002640,1,0,1,1,2,2,68491.33,65071.44,31,3,1,15,5672.56
TXN002641,1,0,0,1,2,1,19847.65,29051.19,53,1,18,19,3798.26
TXN002642,5,1,1,1,1,0,84304.23,92001.08,59,9,14,9,4575.03
TXN002643,3,0,1,0,2,0,27075.75,39390.89,36,6,2,45,1627.91
TXN002644,4,0,0,1,1,1,39606.31,18981.2,65,8,0,37,1940
TXN002645,4,0,1,1,0,0,30154.67,134072.39,56,10,22,36,1883.07
TXN002646,1,0,0,0,1,0,64570.37,131917.78,40,5,18,9,4369.87
TXN002647,0,0,0,0,1,2,10565.77,146627.42,22,3,6,43,4431.03
TXN002648,3,0,0,0,0,2,48070.89,76360.67,61,5,9,24,3559.58
TXN002649,4,0,0,1,2,1,33778.25,51160.17,32,0,8,21,4802.33
TXN002650,1,0,1,0,0,1,88471.73,117769.72,47,5,15,31,3992.07
TXN002651,4,0,0,1,2,1,7804.5,35269.29,50,3,14,16,3900.17
TXN002652,6,1,0,0,2,0,83054.66,44060.89,55,2,12,25,4609.27
TXN002653,3,0,0,1,1,1,17184.21,45795.57,36,5,21,15,2646.24
TXN002654,3,0,0,1,0,2,9313.48,143226.72,22,8,7,9,5310.67
TXN002655,6,1,1,1,1,0,20631.12,112175.21,26,7,10,16,3579.67
TXN002656,2,0,1,1,0,1,10713.97,28717.27,24,7,0,1,1809.52
TXN002657,6,1,1,0,0,0,52337.9,22998.42,41,8,23,1,1254.85
TXN002658,5,1,0,0,1,0,98827.39,127994.08,58,5,7,28,4615.11
TXN002659,5,1,1,1,2,0,3915.57,122318.41,33,7,11,45,4420.39
TXN002660,1,0,1,0,2,1,46382.27,103939.24,54,6,18,3,3160.68
TXN002661,3,0,0,1,0,0,38914,37454.09,27,11,5,29,1990.56
TXN002662,2,0,1,0,2,0,34290.84,77239.7,38,0,15,11,3024.88
TXN002663,2,0,0,0,1,0,33520.43,94381.63,38,5,13,33,3659.97
TXN002664,4,0,1,1,1,2,89553.77,140499.25,64,11,21,13,4484.29
TXN002665,4,0,1,1,1,1,2388.13,33719.32,32,13,6,23,2345.31
TXN002666,6,1,1,0,0,2,77604.18,82162.55,30,13,2,23,4277.75
TXN002667,2,0,1,1,0,0,25666.85,32085.23,69,10,9,17,1177.56
TXN002668,6,1,0,0,2,0,38637.9,72138.91,67,3,0,24,3100.88
TXN002669,6,1,0,0,1,2,42304.92,38018.9,24,2,5,24,5090.2
TXN002670,4,0,1,0,1,0,30820.81,127066.07,57,2,4,40,3027.19
TXN002671,3,0,0,1,0,2,9809.11,45663.08,25,12,14,24,3320.31
TXN002672,6,1,1,1,0,0,11875.92,68394.66,60,11,17,27,2078.81
TXN002673,0,0,1,0,0,0,30164.05,67090.27,58,9,3,29,601.17
TXN002674,3,0,1,1,1,0,82270,131281.29,55,14,4,24,3859.6
TXN002675,2,0,1,1,1,0,13895.45,116091.65,69,12,9,23,2272.45
TXN002676,2,0,1,0,2,1,74392.66,18060.57,19,12,3,39,3158.31
TXN002677,6,1,1,1,1,1,29242.54,19392.24,54,11,9,38,3093.13
TXN002678,3,0,0,1,2,1,88404.76,87167.61,39,12,19,12,5333.76
TXN002679,4,0,0,0,2,2,43118.68,69880.66,21,12,21,1,4449.92
TXN002680,4,0,1,1,1,2,17586.47,48581.79,69,7,3,33,3442.68
TXN002681,5,1,0,0,2,2,98591.52,120966.93,64,14,11,15,6523.48
TXN002682,2,0,1,1,2,2,18075.13,28008.92,24,0,8,47,5460.55
TXN002683,1,0,0,1,0,1,56978.17,146367.97,18,14,1,23,3583.5
TXN002684,5,1,0,0,1,2,57144,13374.35,36,6,4,49,5660.26
TXN002685,4,0,0,0,2,2,37594.94,26552.3,47,10,15,1,3188.59
TXN002686,3,0,1,1,2,2,95173.11,53584.33,67,9,18,28,5251.96
TXN002687,4,0,0,0,2,0,84465.52,81280.87,19,3,23,38,4038.5
TXN002688,3,0,1,0,1,2,83067.05,40259.06,30,14,13,38,4144.37
TXN002689,5,1,1,1,0,0,97428.12,113070.12,45,0,14,16,6061.63
TXN002690,2,0,1,0,0,2,45982.38,60055.87,31,13,18,22,2714.84
TXN002691,4,0,0,1,1,2,10169.98,15395.37,20,13,23,11,2790.99
TXN002692,6,1,0,1,1,0,76662.86,132881.08,33,1,23,12,4203.81
TXN002693,3,0,0,0,1,2,38390.85,142141.19,42,14,17,4,4135.31
TXN002694,2,0,1,1,1,0,19439.34,96598.91,63,6,10,14,3064.16
TXN002695,1,0,1,0,0,2,48583.11,122915.09,64,9,12,1,3499.99
TXN002696,3,0,0,1,2,2,92609.03,26955.62,20,0,9,5,6000.22
TXN002697,5,1,1,0,2,0,17550.02,47634.84,51,5,6,35,2607.16
TXN002698,1,0,0,0,1,1,84945.53,55532.44,20,3,21,22,4107.42
TXN002699,1,0,0,1,1,0,42111.39,144505.44,58,2,0,12,3063.75
TXN002700,0,0,0,0,2,1,14111.8,81711.17,46,6,17,1,3874.75
TXN002701,4,0,0,0,0,0,84914.04,11037.9,57,8,3,4,1920.66
TXN002702,3,0,1,0,1,1,96977.22,63226.02,36,4,15,39,5214.68
TXN002703,1,0,0,1,1,2,29481.44,11085.08,37,5,17,15,3839.84
TXN002704,0,0,0,1,0,1,30701.85,43292.8,38,6,20,38,2741.16
TXN002705,5,1,0,0,0,2,39359.33,73658.01,37,9,18,34,4012.6
TXN002706,2,0,0,0,0,0,81505.97,55275.03,45,12,14,40,2467.99
TXN002707,6,1,0,1,1,1,1536.51,14582.79,64,11,21,44,2593.82
TXN002708,6,1,0,1,0,2,22783.68,26287,44,5,9,33,4952.26
TXN002709,3,0,0,1,1,0,70737.03,87124.12,61,5,6,18,4241.44
TXN002710,1,0,1,0,1,1,40861.13,107384.69,63,2,20,42,3709.42
TXN002711,6,1,1,1,0,2,33364.41,66636.86,67,10,0,25,2729.76
TXN002712,4,0,1,0,2,1,87292.15,112407.44,42,2,0,41,4997.94
TXN002713,6,1,1,1,0,1,91774.73,32866.6,19,13,0,42,3809.84
TXN002714,6,1,0,0,2,2,94824.63,27088.11,60,14,18,16,5689.87
TXN002715,6,1,1,1,0,2,27618.78,127523.52,41,14,6,48,4955.78
TXN002716,0,0,1,0,0,0,91295,57489.87,50,4,14,34,3157.66
TXN002717,1,0,1,1,1,2,73828.07,70514.71,36,6,12,11,4312.63
TXN002718,4,0,0,1,1,2,15844.37,142661.42,43,11,8,34,4639.06
TXN002719,1,0,1,0,1,1,61221.87,69375.73,63,12,13,36,2821.87
TXN002720,3,0,1,1,1,2,3120.31,10488.61,58,5,5,5,2854.43
TXN002721,3,0,0,1,1,1,70983.63,141316.07,20,1,6,9,5305.98
TXN002722,3,0,1,1,1,1,73489.97,11976.61,44,2,13,42,4509.5
TXN002723,5,1,0,1,1,2,79039.18,102720.08,31,11,10,22,5530.72
TXN002724,6,1,1,0,2,2,17666.24,55204.73,37,4,2,18,3741.13
TXN002725,5,1,0,0,2,2,63010.87,75854.71,52,14,10,42,5126.82
TXN002726,0,0,1,1,1,2,18296.24,86619.92,40,12,7,7,3298.65
TXN002727,3,0,1,0,2,0,94691.68,67184.41,42,6,5,8,3856.24
TXN002728,4,0,1,0,0,1,67663.56,118411.63,21,12,2,2,2125.37
TXN002729,1,0,0,0,2,0,9984.92,140298.9,19,12,11,32,3011.22
TXN002730,6,1,1,0,1,0,19109.71,22097.69,19,5,17,1,2151.88
TXN002731,2,0,0,0,2,1,66514.28,122035.4,42,12,10,33,4955.84
TXN002732,4,0,0,1,0,0,47928.71,28013.96,64,9,6,34,2062.02
TXN002733,6,1,0,0,2,2,73761.62,21238.81,40,2,9,17,5565.67
TXN002734,5,1,0,1,1,2,28438.49,143816.4,38,6,15,26,5730.4
TXN002735,5,1,1,0,0,2,65962.79,78501.69,62,4,15,48,4778.16
TXN002736,4,0,1,1,0,2,18107.54,31364.46,42,9,14,43,2486.43
TXN002737,5,1,1,1,2,1,54599.17,89794,44,13,12,26,5720.27
TXN002738,3,0,0,1,0,2,95801.06,46853.2,69,14,3,37,4037.81
TXN002739,0,0,1,0,0,1,63008.11,75003.26,28,3,3,38,2999.78
TXN002740,1,0,0,0,0,1,5474.36,97452.34,31,11,5,16,1587.22
TXN002741,0,0,0,1,1,1,98881.83,131697.78,34,5,17,8,5326.69
TXN002742,6,1,0,1,0,1,16108.2,10431.4,32,1,0,31,3364.95
TXN002743,1,0,1,0,2,0,71947.88,39979.69,63,6,9,22,2442.4
TXN002744,1,0,1,0,2,0,53486.74,23477.88,68,1,2,43,2603.32
TXN002745,0,0,0,1,0,2,29788.89,23593.68,48,6,13,13,3726.16
TXN002746,4,0,1,0,2,1,18142.39,142408.84,51,7,10,10,3462.55
TXN002747,1,0,1,0,0,2,18181.39,141051.61,53,1,4,3,3069.4
TXN002748,0,0,0,0,2,2,85910.77,114903.13,57,7,1,37,5737.33
TXN002749,1,0,0,0,0,2,87354.8,100028.83,61,11,8,47,4094.61
TXN002750,2,0,1,0,0,2,46781.98,128715.86,30,12,16,15,3521.72
TXN002751,4,0,0,0,0,1,10810.34,18177.22,35,6,18,35,1984.07
TXN002752,3,0,0,1,1,1,88474.43,26728.01,34,14,20,24,3555.12
TXN002753,1,0,1,1,2,0,48958.14,54395.81,62,2,16,4,3023.77
TXN002754,2,0,1,1,0,1,44156.86,126548.93,61,12,19,9,2700.22
TXN002755,3,0,0,1,1,1,41032.02,76112.56,56,6,9,4,3972.9
TXN002756,3,0,1,1,1,2,36818.91,80500.47,45,0,16,40,4819.96
TXN002757,6,1,0,1,0,1,52837.54,42097.16,43,1,10,17,4899.71
TXN002758,1,0,0,0,0,2,60651.85,100774.25,65,4,6,22,4088.69
TXN002759,0,0,1,0,0,1,46910,134297.9,31,10,0,37,2479.16
TXN002760,1,0,0,1,0,0,89716.49,56131.99,54,12,15,13,2750.48
TXN002761,2,0,0,1,0,2,32107.29,96686.03,28,8,2,22,4001.83
TXN002762,3,0,0,1,2,1,58042.03,56472.85,49,0,14,47,5936.35
TXN002763,1,0,1,0,0,1,30345.42,120980.68,41,4,3,34,2970.45
TXN002764,0,0,1,0,0,2,75458.33,76494.36,48,5,3,32,3523.21
TXN002765,6,1,1,0,2,0,10661.05,57525.66,57,13,22,37,2485.75
TXN002766,1,0,0,0,1,0,19275.55,68806.84,58,13,4,0,779.49
TXN002767,4,0,0,1,2,1,80219.54,22771.85,67,2,14,5,5523.68
TXN002768,6,1,1,1,1,1,18728.16,131256.4,25,4,10,20,5032.79
TXN002769,0,0,1,1,1,1,62761.76,144129.67,56,1,23,26,4360.16
TXN002770,2,0,1,1,2,2,97039.22,76837.99,25,10,18,4,5942.67
TXN002771,3,0,0,0,0,2,52527.62,40987.21,64,7,7,26,3170.85
TXN002772,1,0,1,0,1,2,19145.95,103051.87,48,11,10,43,3740.58
TXN002773,0,0,0,1,0,1,32408.76,73333.41,36,2,10,5,3728.31
TXN002774,6,1,1,0,2,0,82434.08,45322.01,53,4,8,39,4010.23
TXN002775,4,0,0,0,1,2,35490.26,15380.64,56,12,13,24,2950.58
TXN002776,0,0,0,0,0,0,72489.38,134558.62,49,11,13,4,3160.94
TXN002777,5,1,1,0,1,1,77846.33,121542.81,38,0,12,14,5777.36
TXN002778,4,0,0,1,1,2,50367.69,126060.85,40,4,0,45,5780.3
TXN002779,6,1,1,0,2,2,78429.73,71577.56,53,0,8,47,6669.12
TXN002780,2,0,0,1,0,2,32031.85,115455.75,32,8,7,37,4483.43
TXN002781,3,0,0,0,0,1,51857.88,91371.54,19,1,17,16,3999.97
TXN002782,6,1,1,0,1,1,68812.55,62468.54,29,5,2,16,3973.96
TXN002783,2,0,0,1,0,1,17223.28,127983.89,55,8,22,47,3348.5
TXN002784,1,0,1,1,1,0,27725.39,149826.06,23,2,2,32,3926.42
TXN002785,0,0,1,0,2,0,65377.64,135899.52,63,5,1,17,2906.04
TXN002786,5,1,1,0,2,2,65708.33,118666.88,55,0,3,35,6604.87
TXN002787,4,0,0,1,0,2,49583.61,114651.12,18,13,8,2,5251.57
TXN002788,4,0,0,0,2,1,79660.74,101034.84,55,14,14,24,4571.96
TXN002789,0,0,0,0,2,1,48464.46,129506.45,67,6,17,34,3717.34
TXN002790,5,1,1,1,0,1,88191.57,79031.37,43,1,16,44,5533.43
TXN002791,0,0,1,0,1,2,73722.39,35442.13,65,4,22,19,3137.11
TXN002792,1,0,0,0,2,1,31812.14,117526.96,40,4,10,35,4504.79
TXN002793,2,0,0,0,0,0,39827.77,138730.89,18,11,0,42,2598.24
TXN002794,6,1,1,0,0,0,66934.83,57789.32,38,0,5,30,3304.28
TXN002795,4,0,0,0,0,2,89498.04,119617.66,36,10,13,20,5675.02
TXN002796,1,0,1,1,2,2,18281.52,48321.18,46,14,4,36,2356.55
TXN002797,2,0,0,0,2,0,51709.02,141964.04,67,6,23,33,3429.58
TXN002798,1,0,1,1,1,1,12319.05,105684.54,43,3,2,37,3654.93
TXN002799,5,1,0,1,1,2,28305.79,89698.64,51,3,18,36,5205.33
TXN002800,4,0,0,0,1,2,68755.15,119181.82,68,6,0,0,3651.79
TXN002801,6,1,1,1,1,2,8234.6,123852.36,34,9,3,30,5040.73
TXN002802,0,0,1,0,1,0,66404.68,134931.79,35,12,15,22,4013.77
TXN002803,0,0,1,1,1,2,90130.71,136156.73,49,0,5,42,7367.59
TXN002804,2,0,0,1,0,0,96952.34,17376.72,21,13,4,37,2874.18
TXN002805,6,1,1,1,1,0,22054.9,27207.07,47,5,6,48,3783.7
TXN002806,3,0,1,0,2,1,75015.35,125648.52,48,0,9,10,5204.28
TXN002807,5,1,0,1,1,1,92673.86,142447.23,35,12,0,38,6094.63
TXN002808,2,0,1,1,2,1,9591.25,53074.06,22,5,18,47,3808.31
TXN002809,3,0,1,1,1,2,41695.35,11204.25,49,9,13,19,3167.08
TXN002810,1,0,1,0,0,0,91981.27,55178.73,46,14,3,36,2607.14
TXN002811,5,1,0,0,0,2,20677.36,63600.98,29,1,14,6,5164.56
TXN002812,1,0,0,1,2,0,93409.19,116544.67,32,9,5,34,5020.31
TXN002813,6,1,0,1,1,2,52955.61,16661.85,32,10,19,1,5045.38
TXN002814,4,0,1,1,0,0,10439.36,39769.63,52,0,22,32,1648.48
TXN002815,5,1,0,1,0,1,45262.79,135155.6,52,7,9,39,5994.18
TXN002816,3,0,1,0,1,1,32962.99,31674.86,60,6,14,23,1908.84
TXN002817,4,0,1,0,2,2,28579.31,116294.67,69,1,18,38,4693.22
TXN002818,0,0,1,0,2,0,54376.82,60583.46,31,1,7,9,2889.47
TXN002819,3,0,0,1,2,1,48617.47,102772.43,56,4,12,45,4735.4
TXN002820,2,0,0,0,0,0,48455.73,20338.51,35,3,22,8,1616.14
TXN002821,0,0,1,1,1,2,9270.1,50118.11,55,11,18,42,3016.41
TXN002822,0,0,1,1,0,1,80330.66,69470.56,39,3,15,32,4041.79
TXN002823,2,0,0,1,0,2,48403.21,130009.77,55,8,20,20,4793.04
TXN002824,5,1,0,0,0,2,82180.13,88889.42,28,10,17,13,5677
TXN002825,0,0,0,1,0,0,82547.17,16331.54,20,0,8,49,4329.41
TXN002826,6,1,1,0,1,2,32054.96,122261.32,31,13,23,22,3278.01
TXN002827,3,0,0,1,0,2,932.46,17633.01,61,12,14,11,2350.78
TXN002828,4,0,0,0,0,0,91168.94,140811.32,42,9,7,21,3808.38
TXN002829,0,0,0,1,2,0,76189.12,39640.44,31,8,16,27,3923.29
TXN002830,3,0,1,0,0,2,11171.57,78309.66,64,11,3,26,2079.87
TXN002831,1,0,0,1,1,1,70321.84,20119.34,48,2,22,9,3654.84
TXN002832,3,0,1,0,0,1,2492.32,88639.73,42,7,21,17,1293.11
TXN002833,4,0,1,1,1,0,3262.03,79612.02,58,4,8,23,1938.27
TXN002834,3,0,1,1,1,2,52819.41,67434.79,36,9,7,2,4579.47
TXN002835,2,0,0,1,1,1,10055.72,14980.21,29,14,8,3,2708.29
TXN002836,4,0,0,0,2,0,96451.48,133051.09,24,2,3,29,5188.01
TXN002837,5,1,0,1,2,0,89436.21,122369.12,66,8,7,20,6081.3
TXN002838,1,0,1,1,0,0,65156.3,98624.2,31,8,21,21,3554.96
TXN002839,2,0,0,1,0,2,6839.04,90112.2,46,7,16,27,3760.43
TXN002840,5,1,1,0,0,0,32821.11,107292.5,64,2,5,8,2733.38
TXN002841,3,0,0,1,1,1,37486.44,30158.6,31,2,9,43,4454.17
TXN002842,4,0,0,1,1,2,48347.54,140570.19,40,9,1,40,4712.55
TXN002843,1,0,0,0,1,1,17305.84,49854.26,68,14,11,40,2358.41
TXN002844,2,0,0,1,0,1,57962.41,101908.64,68,11,18,15,3448.77
TXN002845,5,1,1,0,0,1,43859.18,94945.8,31,14,4,36,2613.96
TXN002846,5,1,1,1,0,2,94756.05,99125.96,40,14,15,4,4843.38
TXN002847,1,0,1,0,0,1,93651.43,133053.3,25,10,4,13,3469.44
TXN002848,6,1,1,0,2,0,56764.66,51427.57,30,9,0,13,3244.63
TXN002849,3,0,0,0,2,0,64612.76,114852.75,53,2,9,46,4530.84
TXN002850,1,0,1,1,2,1,14210.75,93774.75,61,13,1,15,2606.95
TXN002851,5,1,1,1,0,0,22720.66,20648.45,18,10,15,38,3162.43
TXN002852,0,0,1,0,2,2,90121.18,67981.66,54,5,8,42,5659.37
TXN002853,2,0,0,1,2,2,70067.01,127313.22,43,11,6,3,5457.47
TXN002854,1,0,1,1,0,0,19348.3,54148.63,21,1,12,36,2403.61
TXN002855,6,1,1,0,2,0,57235.93,77516.94,33,8,3,13,3796.93
TXN002856,5,1,0,0,0,2,93508.74,78409.4,42,1,6,40,5685.84
TXN002857,3,0,0,0,0,1,34844.53,96521.38,36,9,9,22,3458.32
TXN002858,5,1,1,0,0,2,18989.13,133762.5,37,7,11,8,4360.72
TXN002859,3,0,1,1,1,1,94231.52,34295.49,43,9,1,23,3754.25
TXN002860,1,0,0,1,0,0,46395.9,80646.36,68,3,4,10,2312.4
TXN002861,3,0,1,1,2,0,42015.58,69397.42,49,3,14,27,4102.03
TXN002862,4,0,0,1,2,1,27122.94,51428.81,20,4,10,18,4948.12
TXN002863,4,0,1,1,0,1,89212.74,138745.14,65,13,1,18,3502.2
TXN002864,4,0,1,1,1,2,84638.87,11143.95,24,0,14,11,5725.51
TXN002865,6,1,1,0,1,1,40597.54,27094.67,49,3,18,46,3670.96
TXN002866,6,1,1,1,1,0,3546.02,112668.22,22,5,4,33,3662.69
TXN002867,0,0,1,1,2,0,44941.82,46881.82,38,11,15,11,3807.07
TXN002868,6,1,0,1,1,0,18495.37,111245.1,47,9,20,2,3243.77
TXN002869,1,0,0,0,1,1,14702.04,126515.51,37,1,7,29,4190.07
TXN002870,5,1,1,0,0,1,39612.81,45646.24,46,13,6,46,2573.08
TXN002871,5,1,1,1,1,0,10358.16,36872.2,41,10,2,45,2528.06
TXN002872,0,0,1,0,1,1,95767.72,30342.09,18,2,20,34,4577.23
TXN002873,6,1,0,0,1,2,5230.15,38012.41,60,10,7,14,2939.4
TXN002874,3,0,0,1,0,2,40436.28,47405.95,42,13,4,42,3140.71
TXN002875,0,0,0,1,0,1,16688.92,131624.97,44,3,13,21,4202.09
TXN002876,3,0,0,1,1,1,69036.73,117800.62,42,2,1,8,4818.39
TXN002877,3,0,0,0,2,0,8341.74,10258.2,38,8,9,27,2443.41
TXN002878,2,0,0,0,2,1,54907.15,132376.68,34,5,17,28,5144.88
TXN002879,5,1,0,1,0,0,77423.6,21033.72,45,10,16,38,4452.88
TXN002880,4,0,0,0,1,2,95030.95,101737.19,49,4,5,38,5921.72
TXN002881,6,1,1,0,2,1,70003.49,31206.47,61,4,16,38,5533.59
TXN002882,3,0,0,0,1,2,10399.43,18718.61,67,1,23,16,3275.98
TXN002883,2,0,0,1,0,1,9307.79,116367.9,51,11,16,3,2453.03
TXN002884,5,1,0,1,2,1,73294.01,75408.44,39,13,23,3,5407.12
TXN002885,4,0,0,1,0,0,21925.28,93868.75,59,12,21,6,1958.3
TXN002886,3,0,1,1,1,0,45000.31,69549.42,36,8,18,1,3073.62
TXN002887,3,0,0,1,0,1,97673.8,19404.06,65,1,15,36,5006.52
TXN002888,0,0,1,0,0,1,82080.73,113546.54,25,4,22,9,3573.41
TXN002889,0,0,1,0,0,0,84736.04,124849.16,19,6,1,17,3169.6
TXN002890,5,1,1,0,0,2,86146.61,15798.88,22,2,4,27,4682.7
TXN002891,4,0,0,0,2,1,62144.76,62600.41,45,12,11,45,5027.84
TXN002892,3,0,0,0,1,0,74521.43,88024.32,21,7,0,34,2919.53
TXN002893,5,1,0,0,2,1,36216.61,94725.68,53,4,4,34,4330.21
TXN002894,5,1,1,1,1,0,99845.4,90941.41,18,9,7,29,4944.31
TXN002895,1,0,1,1,1,2,28322.41,107011.69,32,11,9,20,4269.57
TXN002896,6,1,1,0,1,1,59205.74,145354.27,30,2,2,24,5092.94
TXN002897,0,0,1,1,1,1,28565.14,64682.11,48,2,5,12,3809.19
TXN002898,4,0,0,0,1,2,11651.07,87927.3,34,14,12,6,3124.69
TXN002899,3,0,0,0,2,1,56974.79,107871.01,23,2,19,5,4635.29
TXN002900,5,1,0,1,1,1,35658.19,92939.34,41,10,7,19,4790.73
TXN002901,3,0,1,1,0,1,58530.32,64145.14,69,11,17,44,3522.99
TXN002902,1,0,1,0,2,0,56088.51,97371.1,30,2,4,4,3638.33
TXN002903,4,0,0,1,2,0,54454.54,101015.61,38,3,5,37,5051.71
TXN002904,5,1,0,0,1,1,12768.46,91895.59,41,9,23,43,3402.68
TXN002905,3,0,1,0,0,2,44297.99,38715.49,39,0,1,39,3164.18
TXN002906,0,0,0,0,0,2,81294.39,80837.39,46,11,6,24,4333.6
TXN002907,6,1,0,0,1,1,31856.78,133809.95,41,2,15,17,5121.69
TXN002908,1,0,1,0,1,0,44661.23,131604.26,61,9,9,23,3166.04
TXN002909,4,0,1,1,0,0,49636.24,115110.31,29,9,19,14,3445.72
TXN002910,1,0,1,0,2,1,86341.77,107607.37,37,4,9,7,4992.58
TXN002911,0,0,0,1,2,0,65732.18,31459.08,59,12,1,12,2953
TXN002912,4,0,1,0,1,0,10470.15,74325.05,51,7,7,38,2264.86
TXN002913,1,0,0,1,2,2,86584.51,25533.18,32,7,1,47,5636.14
TXN002914,2,0,0,0,2,1,83290.56,124419.82,68,8,1,24,4629.06
TXN002915,0,0,1,1,0,0,75487.78,50746.05,21,8,12,22,3244.57
TXN002916,0,0,0,0,2,0,46872.77,117361.22,31,12,3,4,3078.24
TXN002917,0,0,1,0,0,0,75875.77,124041.04,18,5,6,21,3616.67
TXN002918,2,0,1,1,1,1,48134.84,134949.45,50,12,13,46,4064.08
TXN002919,2,0,0,1,1,1,73794.04,115536.21,67,9,19,21,3826.89
TXN002920,3,0,0,1,0,0,88070.96,89062.06,64,14,4,24,2876.95
TXN002921,5,1,1,1,0,2,89108.89,93745.89,60,6,0,46,5311.97
TXN002922,6,1,1,1,1,2,45730.57,54881.52,67,11,0,0,4341.47
TXN002923,1,0,1,1,0,1,86004.6,34779.47,46,12,18,3,3116.36
TXN002924,3,0,1,0,1,2,10595.01,28289.07,27,10,5,31,2814.6
TXN002925,1,0,1,0,1,0,10631.03,35483.29,53,11,15,25,897.83
TXN002926,6,1,1,0,1,1,55052.56,140753.26,31,13,11,35,4465.23
TXN002927,5,1,0,1,1,1,65358.54,33020.66,39,3,0,14,4193.52
TXN002928,2,0,0,1,1,2,15722.88,111323.24,67,2,11,34,4428.61
TXN002929,5,1,0,1,1,1,47481.91,35848,50,14,19,37,4203.69
TXN002930,2,0,0,0,2,2,9889.09,146540.57,45,10,17,26,4570.84
TXN002931,6,1,1,1,2,2,60408.9,61321.83,24,2,1,13,6537.3
TXN002932,5,1,0,0,1,0,85581.86,67699.1,53,1,17,33,5003.52
TXN002933,3,0,0,1,2,2,73895.08,66631.62,53,7,9,24,5846.37
TXN002934,4,0,1,1,0,2,38140.01,124304.29,67,6,9,26,3478.29
TXN002935,3,0,0,1,0,1,99382.48,40560.67,58,7,22,20,4516.58
TXN002936,1,0,1,0,1,0,66462.03,126343.46,51,12,22,47,2808.34
TXN002937,3,0,1,1,2,0,81617.22,101988.24,54,5,5,34,3773.7
TXN002938,6,1,1,0,0,2,67134.89,40839.22,23,12,1,5,3496.4
TXN002939,0,0,1,1,0,1,98946.92,19157.06,52,9,15,34,3401.15
TXN002940,1,0,1,1,0,1,82225.3,118498.96,44,14,4,25,3360.86
TXN002941,5,1,0,1,0,1,52182.61,40654.83,47,11,5,14,3701.8
TXN002942,1,0,0,1,2,0,37004.52,134469.36,49,9,21,4,3374.79
TXN002943,4,0,0,0,0,0,68374.41,28169.94,36,4,21,25,2724.86
TXN002944,2,0,1,1,0,2,59227.07,96291.04,39,0,21,32,4826.27
TXN002945,5,1,0,0,0,2,63120.38,106903.58,38,7,0,24,4771.4
TXN002946,1,0,0,1,1,1,34629.67,102078.34,22,1,3,16,4695.01
TXN002947,5,1,0,1,0,2,43158.48,54244.17,38,0,16,43,5776.35
TXN002948,5,1,0,1,0,1,56030.61,132573.29,58,8,12,19,5102.07
TXN002949,5,1,1,0,2,0,84008.7,117772.74,37,13,11,41,4909.55
TXN002950,2,0,0,1,0,2,76409.44,81428.89,55,10,12,1,5099.88
TXN002951,6,1,1,0,0,1,12306.26,94461.02,48,10,18,7,2838.29
TXN002952,3,0,1,0,0,0,24932.65,89291.97,54,7,15,18,1350.25
TXN002953,5,1,0,1,1,1,3152.44,142537.8,23,10,10,28,4373.83
TXN002954,0,0,1,0,2,2,1292.08,135497.85,48,8,17,47,3888.21
TXN002955,6,1,1,1,2,1,22825.36,42969.62,64,4,17,18,4452.33
TXN002956,4,0,1,0,1,0,80032.43,46786.37,60,2,21,8,2241.76
TXN002957,2,0,1,0,1,2,90522.39,147401.33,41,13,0,7,4023.34
TXN002958,1,0,1,0,2,0,39480.95,43118.5,35,10,3,48,1808.6
TXN002959,2,0,1,0,0,2,56538.26,143487.11,46,7,8,14,4578.27
TXN002960,1,0,1,1,2,1,70752.23,100965.52,68,3,2,33,5099.83
TXN002961,2,0,0,0,1,0,95317.2,17015.32,29,13,7,3,3002.96
TXN002962,1,0,0,1,0,0,91336.76,57001.81,29,0,8,26,4196.84
TXN002963,5,1,1,0,2,1,6190.63,76661.57,46,8,17,37,3031.92
TXN002964,3,0,1,1,0,0,25192.5,126633,24,10,4,46,2336.24
TXN002965,1,0,0,1,0,0,5389.88,56001.96,33,3,21,12,1373.92
TXN002966,1,0,0,0,1,0,61845.97,53480.96,29,11,4,31,2048.62
TXN002967,0,0,0,0,2,0,71194.08,138836.86,38,1,21,34,5242.03
TXN002968,1,0,0,1,1,1,31174.2,21064.81,21,9,4,47,3255.38
TXN002969,0,0,1,0,2,0,85458.26,87212.97,59,2,22,45,4097.03
TXN002970,4,0,1,0,2,0,45554.87,80593.5,34,5,15,35,3923.3
TXN002971,5,1,0,0,0,0,99838.96,18026.87,45,8,4,9,2749.23
TXN002972,0,0,0,0,0,2,539.77,22286.29,48,5,4,22,2399.36
TXN002973,3,0,0,0,0,2,11394.23,63475.44,64,11,11,22,1876.62
TXN002974,6,1,0,0,1,1,30528.43,28782.57,25,11,6,3,3219.39
TXN002975,5,1,1,0,0,1,3038.01,76930.07,63,3,2,43,3017.11
TXN002976,0,0,0,0,1,1,78342.78,95244.44,67,0,22,4,3633.57
TXN002977,5,1,0,0,0,0,5750.79,106795.54,43,14,7,3,2169.39
TXN002978,5,1,0,1,1,2,75023.47,86505.81,57,1,20,29,6575.47
TXN002979,5,1,1,0,2,2,5730.56,63152.4,63,6,19,40,4009.4
TXN002980,4,0,1,0,1,1,25646.36,28166.21,65,2,17,32,2099.4
TXN002981,3,0,1,0,1,2,84207.04,44647.96,48,1,4,47,4917.34
TXN002982,2,0,0,0,1,1,95133.98,68719.03,36,11,5,39,4392.41
TXN002983,2,0,0,0,2,0,41745.37,139376.03,24,5,21,12,3676.69
TXN002984,0,0,0,1,1,2,97008.93,38364.08,66,13,21,17,3996.42
TXN002985,5,1,1,1,2,0,62874.65,67868.19,22,3,5,31,5446.16
TXN002986,0,0,1,0,0,0,41875.59,112523.24,30,0,23,32,3051.56
TXN002987,4,0,0,1,0,2,80378.73,108728.47,35,14,5,6,4921.32
TXN002988,4,0,0,0,2,1,29885.19,145182.96,35,8,10,13,5005.16
TXN002989,1,0,1,0,1,2,26946.73,36726.18,68,14,12,39,2335.58
TXN002990,4,0,0,1,0,0,65826.49,12312.75,67,14,13,47,1648.58
TXN002991,1,0,0,1,1,1,39353.49,55125.26,37,8,16,13,3842.57
TXN002992,3,0,0,1,1,0,14023.84,30956.97,69,10,0,9,908.86
TXN002993,0,0,1,1,2,1,7162.94,86785.67,66,4,9,40,4281.17
TXN002994,6,1,0,1,0,2,78890.34,135829.07,40,7,1,38,5636.31
TXN002995,3,0,0,0,2,0,67753.12,106351.76,53,5,12,36,3963.04
TXN002996,4,0,0,0,2,1,41473.92,29011.84,66,6,16,45,3576.82
TXN002997,3,0,0,0,2,1,89674.65,26252.6,68,12,18,17,3676.02
TXN002998,3,0,1,1,2,2,41380.25,137602.97,57,5,2,18,5383.56
TXN002999,3,0,1,0,1,1,71174.4,78265.34,69,14,3,39,2741.8
TXN003000,4,0,1,1,0,1,90956.97,139314.22,50,14,5,41,3490.42
TXN003001,6,1,0,0,0,0,84151.19,113070.48,24,6,12,42,6194.47
TXN003002,5,1,1,1,0,2,51354.93,149068.78,57,2,22,36,5661.2
TXN003003,3,0,0,1,1,2,68223.32,131971.88,22,13,13,46,7034.6
TXN003004,1,0,1,0,1,0,41659.74,67989.71,49,10,8,2,1812.71
TXN003005,4,0,0,0,2,0,64896.12,116151.9,26,2,23,6,3573.3
TXN003006,3,0,1,0,2,0,26126.47,75971.94,47,9,14,6,2205.32
TXN003007,6,1,1,0,2,1,43756.84,42630.12,49,13,5,37,4036.64
TXN003008,5,1,1,1,2,2,21349.8,43744.1,56,2,19,5,5197.14
TXN003009,4,0,0,0,0,2,4299.4,65625.1,21,9,10,9,2905.28
TXN003010,2,0,0,1,2,2,59059.72,25605.27,42,5,21,43,5117.72
TXN003011,5,1,0,0,1,1,86510.72,34887.28,39,0,6,35,5410.82
TXN003012,1,0,1,0,1,2,3045.04,80085.22,25,13,17,36,2847.17
TXN003013,3,0,0,0,1,2,20004.96,143549.15,19,11,16,47,5034.32
TXN003014,6,1,0,0,2,2,46288.41,90876.09,54,12,13,26,5655.91
TXN003015,2,0,0,0,0,2,66756.73,67189.54,52,11,7,44,3445.08
TXN003016,6,1,0,1,0,0,17537.3,43978.04,54,12,7,0,1474.56
TXN003017,2,0,0,0,2,1,6141.14,37426.18,39,8,6,0,1996.65
TXN003018,4,0,0,1,2,2,52145.35,102176.98,18,12,8,47,5672.17
TXN003019,2,0,1,0,1,2,81961.62,128765.54,56,8,11,20,5110.35
TXN003020,1,0,1,1,1,2,4005.87,65839.83,59,13,2,36,2646.57
TXN003021,1,0,0,0,0,2,35262.26,87092.27,65,3,0,27,3388.24
TXN003022,0,0,1,0,1,2,66519.72,108941.75,50,1,14,48,5394
TXN003023,1,0,1,0,1,0,13508.83,18161.38,66,13,8,38,1390.07
TXN003024,5,1,0,1,2,0,23976.7,59125.59,21,6,16,35,4754.31
TXN003025,2,0,0,1,0,1,53781.52,112165.4,65,13,11,1,3319.47
TXN003026,1,0,1,0,2,1,95346.55,105846.66,26,12,16,1,3971.08
TXN003027,4,0,0,0,0,2,29090.59,17468.68,25,6,12,3,3096.62
TXN003028,6,1,1,0,2,2,49008.98,43294.59,68,14,12,1,4222.78
TXN003029,6,1,1,1,0,0,40293.12,105194.01,39,5,14,0,3362.35
TXN003030,0,0,1,0,1,1,89790.97,47998.25,66,7,20,48,3153.31
TXN003031,6,1,0,1,0,2,7653.04,124017.44,59,2,17,39,5646.13
TXN003032,2,0,1,0,0,2,56831.69,14130.68,66,1,14,17,2900.52
TXN003033,0,0,0,1,2,2,84688.91,36648.58,38,9,17,40,5801.49
TXN003034,2,0,0,1,0,1,98817.7,49383.82,65,0,4,33,4642.16
TXN003035,4,0,0,1,0,0,70023.19,139540.58,58,11,6,26,3694.5
TXN003036,0,0,0,0,0,0,38303.58,121484.65,45,2,5,35,2591.42
TXN003037,3,0,0,1,2,2,41476.52,133780.31,54,7,4,38,5579.12
TXN003038,5,1,1,0,0,2,35492.38,71667.08,19,11,18,25,3439.54
TXN003039,5,1,0,1,2,2,60559.5,125158.69,63,7,8,10,6622.43
TXN003040,2,0,0,0,1,2,74070.87,129489.1,34,14,23,39,4702.94
TXN003041,6,1,0,1,2,2,82037.02,65993.96,48,6,10,2,6998.85
TXN003042,3,0,0,1,0,1,41951.01,149224.66,62,11,2,48,4209.19
TXN003043,0,0,0,0,1,0,71812.5,129173.41,30,1,6,27,4332.55
TXN003044,3,0,1,0,0,1,91664.15,146373.58,62,2,2,35,4154.52
TXN003045,3,0,0,1,2,1,92122.07,131309.6,35,12,5,15,6059.59
TXN003046,6,1,0,1,1,2,70550.89,118668.51,41,6,18,34,6897.74
TXN003047,0,0,1,0,1,1,63871.77,142138.14,48,10,15,21,4478.66
TXN003048,4,0,0,1,1,0,53386.84,68774.69,50,7,7,15,4101.49
TXN003049,6,1,1,1,0,2,18728.17,119666.68,48,8,18,32,4253.78
TXN003050,3,0,1,0,1,0,12801.15,39804.77,44,5,20,12,1637.79
TXN003051,3,0,1,0,1,1,48828.25,112591.14,53,9,18,48,3312.79
TXN003052,4,0,1,0,1,2,16364.69,119949.46,38,2,15,27,4937.18
TXN003053,3,0,0,1,1,0,57911.49,110313.42,22,8,7,43,3831.26
TXN003054,3,0,0,1,2,0,64747.42,128973.83,28,4,9,15,5556.75
TXN003055,3,0,1,1,0,2,52798.75,67866.96,51,11,8,1,3253.2
TXN003056,5,1,1,0,0,0,4124.46,86267.54,51,3,15,25,2621.93
TXN003057,6,1,0,1,1,2,6243.93,11493.44,65,8,21,41,4262.06
TXN003058,1,0,1,0,2,2,11777.45,30447.44,20,9,13,27,3227.42
TXN003059,6,1,1,0,1,1,15787.76,100187.15,23,11,9,2,2795.28
TXN003060,4,0,1,1,0,0,98993.32,88724.41,37,1,3,43,4138.52
TXN003061,3,0,0,0,0,2,34777.25,37626.55,21,9,9,20,3041.84
TXN003062,6,1,1,1,0,1,29551.35,44085.07,54,3,19,31,3103.09
TXN003063,5,1,0,0,1,1,5700.53,58171.51,56,12,20,5,1601.93
TXN003064,4,0,0,0,1,2,63714.38,110298.06,24,5,14,4,5643.93
TXN003065,2,0,0,0,2,2,65392.98,95360.32,34,10,18,23,5668.11
TXN003066,6,1,1,1,2,0,17957.14,19739.98,55,5,10,0,2945.78
TXN003067,2,0,1,0,0,0,91964.53,116391.48,53,11,19,22,2651.16
TXN003068,3,0,0,1,0,0,80149.11,46772.34,51,10,13,15,3328.82
TXN003069,5,1,0,0,2,2,23416.77,104046.35,23,9,14,7,5638.2
TXN003070,5,1,0,0,0,1,48842.05,27270.8,56,14,3,44,3316.2
TXN003071,6,1,1,0,2,1,46109.89,149708.98,19,4,16,24,6017.94
TXN003072,4,0,1,1,1,2,35177.78,21246.92,35,9,0,45,2865.88
TXN003073,4,0,0,1,0,0,81854.65,113842.76,59,6,18,10,4041.95
TXN003074,5,1,0,1,0,1,11371.82,85786.25,44,4,4,11,3436.17
TXN003075,4,0,1,1,2,1,41823.77,22031.49,56,14,17,44,3165.55
TXN003076,5,1,0,1,1,0,43089.1,13753.46,58,5,16,7,3854.33
TXN003077,6,1,1,0,0,1,47138.2,60773.2,68,13,22,9,1758.34
TXN003078,1,0,1,0,0,0,86204.32,122311.35,36,13,9,34,3012.92
TXN003079,5,1,0,1,2,1,22207.6,15761.17,49,0,8,37,4511.45
TXN003080,2,0,0,1,1,1,10740.86,108615.81,41,7,3,20,3030.5
TXN003081,4,0,1,1,2,1,61971.94,101752.68,51,13,19,17,3913.22
TXN003082,5,1,1,1,1,0,17796.53,47175.27,42,4,18,17,3829.77
TXN003083,5,1,1,0,1,1,7955.74,20848.89,41,4,2,25,2600.95
TXN003084,6,1,1,1,2,1,42951.6,138145.07,42,13,17,19,6203.12
TXN003085,4,0,1,1,2,1,22354.82,52048.97,29,9,2,24,3579.55
TXN003086,1,0,0,1,1,2,36441.05,25593.65,47,5,20,30,4487.59
TXN003087,6,1,1,1,2,1,26341.25,105412.39,68,5,7,17,4408.38
TXN003088,1,0,1,0,0,1,9717.33,40335.37,23,7,23,15,1191.3
TXN003089,6,1,1,0,0,0,56254.55,76588.31,47,3,4,44,2843.77
TXN003090,4,0,0,1,0,0,3188.33,17056.78,50,14,0,42,290.41
TXN003091,0,0,0,0,0,2,96654.35,149017.75,32,3,17,17,5625.46
TXN003092,4,0,1,0,0,0,34462.39,72666.96,46,14,23,47,884.15
TXN003093,4,0,1,1,2,0,69668.17,149875.4,68,2,13,13,5307.33
TXN003094,1,0,0,1,1,0,81131.11,63994.48,31,8,6,6,3687.8
TXN003095,1,0,0,0,2,2,28270.93,58699.36,42,7,8,37,4699.83
TXN003096,4,0,0,0,0,2,74999.5,138040.13,62,4,13,48,4729.03
TXN003097,4,0,0,0,0,1,83325.88,56125.22,22,10,15,28,3822.08
TXN003098,4,0,1,0,2,1,24511.06,70480.78,19,7,15,22,3345.74
TXN003099,1,0,0,0,2,0,99253.22,20935.46,64,5,21,46,3810.81
TXN003100,4,0,1,1,1,1,2558.52,143764.73,33,4,5,41,4348.99
TXN003101,4,0,1,0,0,1,22091.55,21921.17,56,12,6,48,764.43
TXN003102,3,0,0,0,2,2,78112.07,117965.89,55,8,0,33,5649.54
TXN003103,0,0,0,0,1,2,19816.04,85406.16,34,8,10,16,3732.92
TXN003104,2,0,0,0,0,1,69976.86,18596.72,48,14,8,44,3290.28
TXN003105,0,0,0,0,0,1,85625.28,10238.54,18,10,0,17,2513.3
TXN003106,3,0,1,0,0,1,95941.82,140977.51,23,7,23,18,4541.97
TXN003107,2,0,1,0,2,0,47687.63,113904.28,48,11,17,1,2841.7
TXN003108,6,1,1,0,0,2,97125.36,106101.07,23,12,9,28,5555.41
TXN003109,4,0,0,1,0,1,41456.42,71397.91,53,9,12,1,3149.6
TXN003110,3,0,1,1,1,1,22203.74,43405.93,25,2,22,17,3050.32
TXN003111,6,1,0,0,2,0,51635.22,105180.83,46,12,4,38,3921.57
TXN003112,4,0,1,1,1,2,65157.41,95162.15,26,14,7,41,4950
TXN003113,1,0,0,1,2,0,46067.35,111687.91,39,8,12,35,4677.56
TXN003114,5,1,1,1,0,0,56913.76,61210.95,27,5,15,35,4078.81
TXN003115,3,0,1,1,1,1,41932.71,148169.33,41,8,6,20,4498.02
TXN003116,1,0,0,1,2,0,52713.81,19381.21,57,0,7,32,3365.84
TXN003117,3,0,1,1,2,0,95283.27,21158.23,19,0,17,1,4973.84
TXN003118,3,0,1,0,0,1,50233.2,138362.62,37,5,8,9,3231.26
TXN003119,1,0,0,0,0,2,25691.37,100678.9,34,11,21,14,2276.65
TXN003120,2,0,0,1,1,1,75995.29,55686.77,50,3,10,11,5465.78
TXN003121,0,0,0,0,1,2,34089.65,116673.39,31,4,21,2,4797.61
TXN003122,4,0,0,1,2,0,81712.61,73388.27,49,4,21,3,4278.94
TXN003123,3,0,0,0,1,0,6155.78,12957.01,54,2,16,8,1980.54
TXN003124,4,0,1,0,0,1,33551.71,101154.51,41,8,13,45,2845.09
TXN003125,5,1,0,0,1,1,9888.81,44035.67,58,14,22,41,2160.37
TXN003126,1,0,1,1,1,1,8989.12,26146.92,37,0,1,9,2318.52
TXN003127,4,0,1,0,2,0,66009.76,41538.25,66,5,14,30,2899.68
TXN003128,1,0,0,0,0,0,38840.81,76662.1,23,1,17,36,2864.81
TXN003129,4,0,1,1,2,2,87212.15,16979.9,50,1,4,10,5028.46
TXN003130,0,0,1,1,0,1,51882.31,133641.33,67,8,21,26,2279.65
TXN003131,0,0,0,0,0,0,29886.65,88388.52,45,9,0,45,1468.25
TXN003132,0,0,1,1,2,2,72228.44,51019.47,28,1,15,5,5412.08
TXN003133,0,0,0,0,1,1,62589.67,106180.68,53,8,11,42,4377.51
TXN003134,0,0,0,0,2,1,80059.66,122593.11,37,11,13,29,4966.19
TXN003135,0,0,0,1,1,2,64537.03,95949.45,23,11,16,42,5734.16
TXN003136,1,0,1,1,2,2,17117.84,38349.26,25,7,0,34,3741.07
TXN003137,3,0,1,0,2,2,67195.85,25440.38,36,6,13,44,4286.75
TXN003138,4,0,1,1,1,0,39459.15,130385.96,32,7,14,17,3156.59
TXN003139,0,0,1,0,1,1,46582.73,42856.24,39,12,22,49,1903.82
TXN003140,1,0,0,1,1,1,92195.68,12811.54,68,11,11,5,3411.51
TXN003141,1,0,1,1,2,2,36316.42,100006.3,19,8,16,12,4855.31
TXN003142,1,0,0,1,1,0,61389.93,31403.95,45,14,8,37,3229.57
TXN003143,3,0,1,1,1,2,36666.43,148735.77,53,9,2,11,4355.2
TXN003144,4,0,1,1,1,0,9925.38,131762.32,53,8,11,6,1956.72
TXN003145,3,0,1,0,0,1,45625.77,95182.4,61,2,12,13,2774.11
TXN003146,2,0,1,0,1,1,59907.62,126741.19,35,14,1,8,2855.91
TXN003147,6,1,1,0,1,0,41046.58,75875,29,9,21,34,2602.97
TXN003148,1,0,0,1,1,1,39371.29,120388.07,36,0,14,46,5403.72
TXN003149,2,0,1,0,0,1,82127.66,100514.7,43,14,1,6,2117.09
TXN003150,5,1,1,0,0,2,3453.67,14010.25,42,7,4,38,2635.51
TXN003151,0,0,1,1,1,0,29910.75,142826.07,45,12,20,20,2568.87
TXN003152,6,1,1,1,1,1,81269.85,130528.74,32,12,8,18,5595.56
TXN003153,0,0,0,1,1,1,92092.75,143477.03,27,9,13,26,6417.94
TXN003154,3,0,1,0,1,0,41523.81,112391.23,56,3,12,1,3221.57
TXN003155,6,1,0,0,0,1,88935.03,67688.53,51,4,3,13,3918.1
TXN003156,4,0,1,1,1,0,20293.55,38977.93,30,13,7,36,2995.14
TXN003157,2,0,0,0,0,0,22531.99,35199.49,33,10,22,32,1464.95
TXN003158,4,0,0,0,2,2,84696.04,30288.27,57,5,6,43,4902.44
TXN003159,3,0,0,1,0,0,90374.15,40885.35,48,5,16,11,3119.81
TXN003160,0,0,0,0,2,2,22669.17,87089.04,18,6,21,20,4495.47
TXN003161,6,1,0,1,0,1,6402.76,105724.31,66,13,5,29,3412.06
TXN003162,4,0,1,0,0,0,9487.25,53967.92,64,9,7,21,1361.28
TXN003163,4,0,0,1,0,2,26507.39,86824.58,40,2,21,1,4146.78
TXN003164,0,0,1,0,1,0,76264.18,57775.37,31,1,7,28,3302.54
TXN003165,6,1,0,0,0,1,51244.19,107511.4,56,11,12,23,3687.05
TXN003166,2,0,0,1,1,2,45831.09,148388.07,47,8,21,31,5446.15
TXN003167,0,0,1,1,0,2,58621.92,106462.38,68,13,7,44,3495.88
TXN003168,4,0,0,1,0,2,89077.2,18264.28,59,1,4,11,5182.05
TXN003169,2,0,0,1,2,1,9497.82,76812.89,37,8,8,6,3510.23
TXN003170,2,0,0,0,0,2,69625.05,117854.25,42,9,19,1,4479.85
TXN003171,0,0,0,1,1,1,92715.69,85913.82,28,14,21,39,5078.22
TXN003172,4,0,1,1,2,1,21728.33,143148.82,43,3,1,18,5493.02
TXN003173,3,0,0,1,2,0,83858.35,17668.04,69,10,2,17,3011.73
TXN003174,4,0,0,1,0,1,69953.46,50761.78,38,0,3,33,4140.53
TXN003175,1,0,1,1,0,2,1939.62,40900.54,22,2,18,1,2965.95
TXN003176,6,1,1,0,2,2,23545.36,117467.11,24,9,6,44,5415.07
TXN003177,5,1,0,1,1,1,60781.55,83331.03,29,14,8,37,4771.11
TXN003178,3,0,0,1,0,1,50488.83,29368.19,19,13,5,39,3503.23
TXN003179,2,0,1,1,2,0,53029.66,49983.06,56,1,2,18,3803.69
TXN003180,3,0,0,0,1,0,23577.08,83172.31,38,3,13,5,2625.47
TXN003181,6,1,1,0,0,2,67662.85,149458.06,49,1,12,40,5793.57
TXN003182,2,0,0,0,2,1,27008.63,61000.93,22,11,12,46,3535.71
TXN003183,6,1,1,1,2,2,39248.78,31955.65,44,9,0,16,4196.89
TXN003184,2,0,1,1,0,1,37207.13,79589.31,48,5,14,22,3557.55
TXN003185,3,0,1,0,1,2,67366.49,53426.09,29,10,4,39,4038.82
TXN003186,2,0,0,0,1,2,9480.15,89235.36,53,9,20,8,3320.72
TXN003187,2,0,0,1,2,2,20951.42,75339.44,38,0,1,36,5642.36
TXN003188,1,0,0,1,1,1,20449.46,106528.59,36,4,4,37,4263.74
TXN003189,4,0,0,1,2,0,11288.26,138000.7,20,8,16,20,4222.99
TXN003190,4,0,1,0,0,0,21155.7,38072.01,34,14,0,20,1006.35
TXN003191,5,1,1,1,1,1,60902.5,124965.21,47,0,3,26,5880.97
TXN003192,5,1,1,1,0,0,73350.73,142897.2,53,3,14,10,4610.12
TXN003193,1,0,0,0,2,2,66200.19,62305.36,26,1,14,38,5839.73
TXN003194,5,1,0,0,0,1,47781.22,25912.78,51,10,21,29,2123.42
TXN003195,6,1,0,0,1,1,5717.24,125067.56,46,14,15,27,3728.21
TXN003196,3,0,1,1,0,0,95921.2,108153.41,27,1,12,19,4420.15
TXN003197,0,0,0,0,1,0,17223.61,39779.71,69,4,13,46,1830.96
TXN003198,6,1,0,0,1,2,67007.93,72331.3,26,1,1,44,5412.44
TXN003199,0,0,1,1,1,1,91332.62,90918.91,57,12,20,46,4803.22
TXN003200,0,0,1,1,1,0,69928.82,33779.57,67,4,9,45,3347.83
TXN003201,1,0,0,0,1,1,22195.94,110087.8,28,0,4,37,4320.53
TXN003202,6,1,1,1,2,2,31921.73,106583.58,36,4,2,3,5708.57
TXN003203,1,0,0,0,0,2,3505.48,134197.73,39,12,19,17,2967.23
TXN003204,2,0,1,1,2,2,61469.44,89418.22,67,13,10,49,4930.28
TXN003205,0,0,1,1,0,1,61492.8,90403.82,68,14,12,28,3312.19
TXN003206,3,0,1,0,0,1,72687.31,96714.23,66,14,1,35,2115.53
TXN003207,5,1,0,0,0,1,1594.13,48329.66,69,2,6,26,2807.76
TXN003208,3,0,0,0,2,1,81875.21,116204.82,39,13,2,0,4512.05
TXN003209,5,1,0,1,1,1,74001.74,102749.9,66,11,12,34,5934.34
TXN003210,0,0,1,0,1,2,14518.22,127480.39,64,1,5,4,3565.75
TXN003211,0,0,1,1,2,2,35088.85,117602.04,33,10,8,5,5066.67
TXN003212,0,0,1,1,1,2,64033.23,99400.11,34,3,22,35,5478.37
TXN003213,1,0,1,0,0,0,49831.79,32524.9,57,0,19,4,1841.86
TXN003214,6,1,0,1,1,2,11951.88,138680.63,24,2,1,43,6156.27
TXN003215,5,1,0,1,1,1,9190.86,61409.71,48,10,11,31,4232.78
TXN003216,6,1,0,0,1,2,78254.9,145001.8,21,0,14,38,8100.17
TXN003217,1,0,1,1,0,0,16018.73,66261.91,46,7,22,44,2565.5
TXN003218,1,0,1,1,1,0,17623.22,30431.36,24,4,23,30,2025.85
TXN003219,4,0,0,0,1,0,83176.85,133877.56,60,0,15,39,5411.43
TXN003220,3,0,1,0,1,0,61407.89,121308.22,47,1,2,44,3706.88
TXN003221,3,0,0,1,2,0,60669.2,120081.45,20,8,13,43,5028.2
TXN003222,2,0,1,1,2,1,48194.9,22517.51,42,6,22,41,3941.91
TXN003223,1,0,1,1,1,2,57115,133099.18,51,2,0,9,4780.09
TXN003224,5,1,0,1,2,1,60376.08,93496.09,50,14,15,30,5360.41
TXN003225,4,0,0,0,2,1,96798.71,75849.8,48,14,23,7,3320.86
TXN003226,4,0,1,1,0,0,22685.84,137844.03,41,0,22,26,3014.33
TXN003227,6,1,0,1,2,2,21848.96,103245.79,55,1,5,28,6547.51
TXN003228,3,0,0,1,2,2,6193.24,28624.32,63,6,14,13,4198.33
TXN003229,1,0,1,1,1,2,65990.78,82735.2,21,7,14,22,5422.65
TXN003230,2,0,1,0,0,0,55129.7,99126.32,65,4,2,3,2548.56
TXN003231,1,0,1,1,0,1,11568.3,135797.1,27,12,3,33,3637.98
TXN003232,6,1,0,0,0,2,36771.62,49185.17,42,11,23,40,3621.59
TXN003233,0,0,1,0,2,1,18276.99,121192.74,54,13,16,37,3826.55
TXN003234,1,0,1,0,1,2,33482.43,121973.81,60,3,12,26,4549.06
TXN003235,6,1,1,0,0,2,95150.78,27926.93,18,9,1,18,4292.48
TXN003236,0,0,1,0,0,2,68490.22,12412.65,34,3,0,30,3478.27
TXN003237,0,0,1,1,2,2,1253.13,91397.36,63,4,19,2,3935.84
TXN003238,2,0,0,0,0,0,25624.55,120527.04,24,14,5,28,948.9
TXN003239,5,1,1,0,1,0,1530.97,87620.32,31,6,4,12,2313.33
TXN003240,3,0,1,0,0,1,71629.42,123868.65,18,13,5,26,2764.02
TXN003241,1,0,0,1,1,0,47207.47,97122.44,23,12,17,42,3465.22
TXN003242,0,0,1,0,1,2,99404.86,101460.93,56,6,20,31,4834.63
TXN003243,1,0,1,1,1,1,73491.53,13941.62,60,3,0,45,3283.56
TXN003244,5,1,0,0,2,1,52032.34,22403.75,27,0,12,48,5054.05
TXN003245,3,0,1,0,2,1,80568.19,111504.15,38,4,5,49,4691.86
TXN003246,5,1,0,1,1,2,70627.96,116798.06,20,6,19,36,6556.74
TXN003247,3,0,1,1,1,2,24755.73,85904.92,36,11,11,2,3680.77
TXN003248,4,0,0,1,0,1,53260.7,92623.12,45,3,9,38,4317.2
TXN003249,3,0,0,0,0,0,55821.87,96011.22,19,6,18,5,2880.12
TXN003250,2,0,1,1,0,2,45397.55,24698.78,44,7,2,2,3157.49
TXN003251,5,1,0,1,2,2,18329.67,103507.2,61,14,14,12,4667.75
TXN003252,0,0,0,1,0,0,22725.22,76985.8,49,1,13,10,2499.5
TXN003253,4,0,1,1,1,1,28464.22,94353.22,29,1,3,26,4663.71
TXN003254,2,0,1,1,1,0,1520.39,88839.86,18,4,6,1,2851.74
TXN003255,1,0,0,0,2,2,91735.92,116820.03,63,2,9,39,6147.67
TXN003256,5,1,1,1,2,1,68766.55,54599.56,60,3,13,43,5304.96
TXN003257,6,1,0,0,0,1,69116.92,62293.67,57,14,1,11,2620.88
TXN003258,6,1,0,1,2,0,57446.9,64824.88,46,0,0,46,4875.92
TXN003259,0,0,1,1,1,2,69086.43,116743.85,26,10,15,39,5806.91
TXN003260,3,0,1,0,1,2,98195.32,70355.77,35,3,15,11,4321.67
TXN003261,0,0,0,0,2,1,38823.45,34790.47,62,10,12,22,2738.52
TXN003262,6,1,1,0,1,2,71396.3,147625.74,53,3,0,30,6334.17
TXN003263,1,0,1,0,2,1,36273.14,79073.46,33,3,5,9,3697.69
TXN003264,4,0,0,1,1,1,85501.74,25294.73,52,2,3,34,4542.92
TXN003265,4,0,0,0,0,1,85873.85,103838.49,53,1,1,5,3565.09
TXN003266,5,1,0,1,2,2,90275.51,113482.73,21,3,6,24,8165.81
TXN003267,4,0,0,1,2,0,1043.6,80031.2,57,12,23,30,1364.69
TXN003268,5,1,0,1,2,1,30170.05,100504.01,60,7,13,29,5163.45
TXN003269,5,1,0,0,1,0,13825.47,34174.48,52,2,22,14,1545.78
TXN003270,5,1,1,0,0,0,45671.63,61509.13,36,5,0,45,2490.6
TXN003271,6,1,0,0,2,0,49797.24,32656,23,1,9,2,4109.08
TXN003272,6,1,1,1,1,0,25962.45,64212.94,48,0,5,17,3054.43
TXN003273,3,0,1,0,2,0,72482.93,88792.07,44,6,7,16,4056.8
TXN003274,2,0,0,0,1,1,27342.09,71955.52,20,11,8,13,3212.43
TXN003275,5,1,1,1,0,2,85462.19,93050.08,53,13,10,45,5911.65
TXN003276,5,1,0,0,1,0,18177.11,80246.28,53,11,23,15,1498.34
TXN003277,2,0,1,1,1,2,37039.91,54494.01,19,5,5,26,4009.27
TXN003278,0,0,0,0,2,2,62412.66,30078.24,65,12,7,42,4614.87
TXN003279,5,1,0,0,1,1,60730.84,45374.2,54,9,23,36,3987.56
TXN003280,3,0,0,0,2,0,8263.9,38099.86,32,3,15,32,3322.69
TXN003281,4,0,0,0,1,2,84702.73,109039.12,54,6,16,19,5178.47
TXN003282,4,0,1,0,0,2,60007.46,124795.36,40,5,23,24,3839.37
TXN003283,1,0,1,1,1,0,87051.03,110854.4,61,1,6,49,5016.01
TXN003284,1,0,1,0,2,1,86829.74,100122.78,68,14,7,13,3302.37
TXN003285,4,0,1,0,1,1,54818.91,53099.19,64,3,7,36,3460.69
TXN003286,4,0,1,0,1,0,91122.76,109537.98,23,13,9,4,4356.85
TXN003287,6,1,0,0,0,2,84916.58,94711.68,50,8,21,36,5017.31
TXN003288,3,0,0,0,2,1,95833.23,16565.07,22,7,8,9,3870.94
TXN003289,2,0,0,0,0,1,85124.59,137065.7,38,5,18,9,4567.59
TXN003290,1,0,0,0,1,2,82209.78,21193.54,45,12,9,8,3520.67
TXN003291,6,1,0,1,0,2,47201.37,80379.11,38,0,16,13,5675.02
TXN003292,6,1,1,1,1,2,21597.09,81829.68,41,6,8,32,5535.27
TXN003293,2,0,0,0,1,2,91115.52,127181.01,68,0,13,28,6312.36
TXN003294,6,1,0,1,0,0,72393.64,137829.45,45,13,1,23,3665.76
TXN003295,3,0,1,0,0,2,28533.91,141554.61,28,7,2,5,3631.62
TXN003296,4,0,1,1,1,1,34429.07,89754.1,39,2,19,25,3373.95
TXN003297,5,1,0,0,0,2,68764.81,105065.91,63,8,23,38,4709.8
TXN003298,2,0,0,0,0,2,48042.82,22392.78,63,12,8,43,2691.19
TXN003299,4,0,1,1,1,0,8607.51,78308.24,51,4,18,46,1761.35
TXN003300,4,0,0,0,2,0,14574.07,135699.94,54,5,17,47,3069.2
TXN003301,0,0,0,1,0,2,74692.04,73797.6,58,3,17,2,4800.97
TXN003302,2,0,0,0,0,0,33192.67,19743.15,34,5,10,47,2369.97
TXN003303,6,1,1,0,2,0,51011.12,38089.76,68,8,8,39,3399.83
TXN003304,5,1,0,0,0,0,76778.84,70130.97,32,6,11,45,4063.46
TXN003305,2,0,0,0,1,0,75241.97,43253.96,46,1,7,31,3906.29
TXN003306,6,1,1,1,0,2,17118,64920.96,51,10,17,25,3916.27
TXN003307,4,0,1,0,1,0,10290.19,56614.66,58,5,7,2,1785.86
TXN003308,5,1,1,1,2,0,59319.65,54650.07,60,10,3,11,3867.67
TXN003309,6,1,0,1,2,1,74292.47,22763.05,39,10,5,13,4723.67
TXN003310,3,0,1,0,2,2,15329.47,133580.06,44,12,20,18,3970.75
TXN003311,6,1,0,0,0,0,37509.55,106978.88,55,12,15,3,2979.36
TXN003312,0,0,1,1,2,1,87092.66,97273.47,32,11,20,11,5364.66
TXN003313,4,0,0,1,0,0,94450.2,94905.72,38,8,12,34,4047.21
TXN003314,6,1,1,0,0,2,45679.94,65510.31,69,7,15,22,3748.45
TXN003315,1,0,0,1,0,1,8411.84,125264.14,21,12,22,47,3373.03
TXN003316,1,0,0,1,2,1,26140.8,140205.6,64,10,23,2,4036.49
TXN003317,0,0,1,1,2,2,23680.51,10786.41,35,12,20,2,2967.35
TXN003318,3,0,1,0,0,1,24276.89,21087.79,24,13,19,38,1182.44
TXN003319,4,0,0,1,2,1,49641.23,104496.59,33,0,17,41,5619.58
TXN003320,2,0,1,1,0,0,58530.95,43049.34,52,4,20,15,2422.82
TXN003321,0,0,0,1,2,1,12689.7,137638.7,29,5,7,12,4380.06
TXN003322,3,0,1,1,1,2,88990.92,103437.83,24,8,0,18,5262.09
TXN003323,2,0,1,0,2,0,62187.4,61560.78,58,3,5,27,2573.63
TXN003324,1,0,0,0,2,1,59926.55,68139.54,27,12,17,37,3762.25
TXN003325,1,0,1,1,2,0,98734.26,106723.55,18,0,1,8,5210.53
TXN003326,2,0,1,1,0,2,63000.33,29734.97,29,13,7,45,3384.61
TXN003327,0,0,0,1,0,1,92931.44,133677.66,44,5,5,16,4903.06
TXN003328,1,0,0,0,1,2,28982.57,10668.04,45,8,5,6,2760.41
TXN003329,4,0,1,0,1,2,24392.88,147052.57,35,5,21,7,4821.8
TXN003330,5,1,0,1,1,1,51893.61,33470.37,18,6,13,36,4645.13
TXN003331,6,1,1,1,0,1,51106.59,113895.59,67,9,2,11,3775.36
TXN003332,2,0,1,0,1,0,23035.12,15589.46,40,3,17,27,1411.66
TXN003333,2,0,0,1,1,2,70115.74,70400.05,56,12,4,1,3851.38
TXN003334,1,0,0,1,2,1,3448.57,98243.92,34,1,21,47,4146.39
TXN003335,0,0,0,0,1,2,69217.73,19831.84,62,12,15,27,3565.06
TXN003336,4,0,0,0,2,1,45989.2,72061.09,59,2,17,24,4778.92
TXN003337,0,0,0,0,0,2,69056.25,52439.1,63,10,8,26,4025.45
TXN003338,3,0,0,0,0,0,47969.52,79754.11,18,0,21,34,2828.66
TXN003339,3,0,1,0,2,2,97744.71,80640.72,55,1,0,14,5044.71
TXN003340,5,1,1,1,1,1,33801.15,119932.42,21,6,10,48,5681.88
TXN003341,1,0,0,0,0,0,98266.01,27290.63,68,8,7,47,2786.29
TXN003342,1,0,1,0,2,0,6964.91,21580.74,32,8,7,34,1555.45
TXN003343,1,0,1,0,0,1,68534.2,66264.63,38,14,23,46,2552.9
TXN003344,5,1,1,0,0,0,45694.81,134252.79,38,8,12,32,4204.81
TXN003345,3,0,1,0,1,2,82302.69,129737.73,68,10,7,43,5291.8
TXN003346,0,0,0,0,0,2,79066.8,88399.01,39,14,15,41,4762.96
TXN003347,5,1,1,1,2,1,80120.91,134428.33,61,13,20,22,5440.95
TXN003348,5,1,1,0,1,2,9926.49,122748.1,31,0,17,26,4717.96
TXN003349,0,0,0,1,2,1,82325.39,48911.52,52,14,8,37,3785.51
TXN003350,1,0,0,1,2,0,21797,33814.88,21,6,11,7,2420.3
TXN003351,4,0,0,0,2,2,3055.19,52161.91,52,13,21,37,2806.38
TXN003352,0,0,0,0,1,1,22165,41796.5,49,6,2,3,2324
TXN003353,3,0,1,1,0,2,48188.87,97180.63,45,13,0,47,3732.82
TXN003354,2,0,0,1,2,0,74340.08,91885.88,29,14,20,4,3912.9
TXN003355,2,0,1,1,0,0,22253.93,93781.23,47,8,19,15,1689.25
TXN003356,6,1,1,0,0,2,11744.25,36502.5,26,8,19,17,3286.71
TXN003357,6,1,0,1,2,0,64773.74,120860.78,36,0,8,44,5924.82
TXN003358,5,1,0,0,0,1,98397.85,70707.65,33,9,21,44,4218.54
TXN003359,2,0,0,0,1,2,60286.6,76143.27,47,4,7,17,4867.34
TXN003360,4,0,0,1,1,2,69260.21,149574.66,18,1,12,7,6197.68
TXN003361,1,0,0,0,0,0,56336.16,49518.05,63,11,16,28,1505.79
TXN003362,3,0,0,0,0,1,78343.67,65179.32,62,5,22,20,2707.59
TXN003363,6,1,1,1,1,2,97592.54,104704.85,40,1,6,38,7286.55
TXN003364,4,0,1,1,0,2,54640.86,133257.82,29,14,14,26,4690.68
TXN003365,3,0,1,0,0,0,41970.66,27749.34,22,5,13,46,2397.49
TXN003366,3,0,1,1,0,0,86104.13,112906.41,37,6,15,1,3534.02
TXN003367,1,0,0,0,0,1,96987.97,138559.27,20,13,16,3,4168.21
TXN003368,5,1,0,1,2,1,13353.57,69209.45,19,5,15,47,5688.19
TXN003369,2,0,1,1,0,0,58028.01,50141.77,60,11,17,11,1754.83
TXN003370,1,0,1,1,1,1,79349.77,104883.2,37,10,13,15,4245.66
TXN003371,4,0,1,1,2,0,53567.27,44450.31,19,14,5,24,2744.22
TXN003372,5,1,0,0,2,2,41215.1,63800.56,65,12,19,22,4284.16
TXN003373,4,0,0,1,1,0,65695.37,135567.87,57,0,20,16,4551.87
TXN003374,5,1,0,0,0,0,27377.75,92646.56,52,3,14,41,3393.27
TXN003375,6,1,1,0,2,0,35238.81,23296.82,21,2,4,46,3640.78
TXN003376,4,0,1,1,2,2,99231.53,56157.65,53,4,16,45,5946.17
TXN003377,1,0,0,1,0,1,63828.3,97817.12,57,6,0,0,2911.83
TXN003378,5,1,0,1,0,1,87356.27,77409.67,23,11,12,20,5470.9
TXN003379,5,1,1,1,1,1,80872.97,102447.5,31,2,6,35,6279.19
TXN003380,3,0,1,1,2,0,65401.12,116601.8,32,0,18,1,4610.11
TXN003381,3,0,0,0,0,0,84152.54,77286.12,66,10,20,22,2373.16
TXN003382,0,0,1,1,0,1,29072.27,148173.24,54,10,23,39,3493.03
TXN003383,4,0,0,0,1,2,63893.09,138054.34,50,8,4,1,4579.64
TXN003384,3,0,0,0,2,2,59265.05,18387.04,61,5,8,42,4596.67
TXN003385,0,0,1,0,0,2,62430.75,47300.36,36,5,3,9,3857.58
TXN003386,6,1,1,0,1,2,17278.88,52076.09,29,3,6,42,4904.48
TXN003387,6,1,1,1,2,0,28085.68,35800.65,60,10,12,8,2943.39
TXN003388,3,0,0,1,2,1,29022.5,53682.31,26,0,7,28,5240.43
TXN003389,4,0,1,0,2,2,60393.64,69474.89,36,11,22,25,3944.65
TXN003390,5,1,1,0,2,0,97268.41,17217.14,49,8,3,35,3512.3
TXN003391,2,0,0,1,1,0,95429.72,27822.03,45,9,7,28,4293.48
TXN003392,4,0,0,0,0,0,23105.36,23474.42,45,6,15,3,968.05
TXN003393,1,0,1,1,2,1,30832.1,16484.37,48,11,12,20,2917.5
TXN003394,6,1,0,0,2,0,4088.16,77409.58,53,9,9,32,3028.33
TXN003395,3,0,0,1,0,1,40182.15,56732.43,30,13,13,30,3940.76
TXN003396,3,0,0,0,2,1,83550.08,140962.61,59,6,19,27,4854.84
TXN003397,5,1,1,0,2,1,91617.3,24386.47,50,10,9,35,4540.16
TXN003398,1,0,1,0,0,1,24031.4,139644.95,59,6,12,32,2890.16
TXN003399,5,1,0,1,0,0,26946.55,22116.39,35,6,7,3,2945.98
TXN003400,1,0,0,1,2,0,22474.56,96690.43,46,7,23,3,2893.6
TXN003401,2,0,0,1,0,0,35335.3,44682.25,62,10,19,32,1641.6
TXN003402,6,1,1,0,1,2,80573.56,125752.79,56,7,4,13,5708.52
TXN003403,3,0,0,0,1,2,64862.32,18606.48,25,2,20,47,5165.91
TXN003404,3,0,0,0,2,1,78701.12,143351.14,66,7,20,8,4098.27
TXN003405,2,0,1,0,2,1,58511.6,16616.01,39,3,18,23,3383.78
TXN003406,0,0,0,0,0,1,26144.44,43755.86,18,6,12,24,2945.22
TXN003407,6,1,1,0,0,1,23185.42,74985.86,65,4,1,6,1905.43
TXN003408,5,1,1,1,2,1,1395.57,115848.1,48,11,15,45,4469.44
TXN003409,2,0,1,1,2,2,78207.72,143155.78,37,3,13,27,7359.01
TXN003410,5,1,0,1,1,1,84788.56,69925.94,53,12,16,4,5214.09
TXN003411,4,0,0,0,0,0,76944.12,116023.41,40,3,2,45,3717.52
TXN003412,3,0,1,1,2,1,7903,111802.76,34,5,15,12,4410.02
TXN003413,5,1,0,0,2,0,76341.05,89963.65,62,1,8,1,5086.43
TXN003414,1,0,1,0,0,0,5053.86,106728.68,27,12,6,19,1013.47
TXN003415,5,1,0,1,0,0,11006.51,15329.34,26,4,1,11,2584.37
TXN003416,4,0,1,0,2,0,44327.3,71820.84,63,14,10,26,2104.42
TXN003417,6,1,1,0,2,1,47876.63,120020.5,34,7,23,6,4348.13
TXN003418,3,0,0,0,2,1,81703.8,76390.96,20,1,10,33,4965.63
TXN003419,2,0,0,0,0,1,68112.93,132290.64,50,4,13,20,4069.06
TXN003420,4,0,0,0,2,1,15755.36,126709.3,18,6,15,17,4278.65
TXN003421,3,0,0,1,2,1,23001.6,130882.44,37,4,7,9,4854.42
TXN003422,5,1,1,1,2,2,28924.68,28199.54,19,9,22,37,5190.02
TXN003423,6,1,1,0,1,0,12805.43,44179.76,33,8,21,38,2027.76
TXN003424,0,0,0,0,1,0,29120.67,14143.62,26,8,14,43,2074.83
TXN003425,6,1,0,1,0,2,72995.52,147592.1,31,7,15,20,6304.37
TXN003426,0,0,1,1,2,2,24519.45,43059.34,18,13,1,15,3542.53
TXN003427,1,0,0,1,2,1,83618.28,61393.07,52,8,3,19,5329.82
TXN003428,6,1,0,0,0,1,47216.94,48489.7,35,1,0,49,2845.08
TXN003429,3,0,0,1,0,0,32632.11,15571.11,18,2,6,45,2643.28
TXN003430,0,0,0,1,0,1,41535.6,46576.12,60,3,10,46,3556.08
TXN003431,2,0,1,0,2,0,71094.93,23747.39,22,14,17,39,1931.73
TXN003432,3,0,1,0,1,1,51920.87,65199.63,28,4,21,23,3265.79
TXN003433,2,0,0,1,0,1,1224.23,145355.38,55,14,4,46,2606.71
TXN003434,6,1,1,0,2,0,92271.22,107756.73,41,9,4,20,4497.45
TXN003435,2,0,0,1,0,2,7066.6,108966.11,56,11,19,43,3034.65
TXN003436,0,0,0,1,2,2,93892.82,73444.63,62,1,16,30,6597.35
TXN003437,3,0,0,0,0,1,3301.21,123582.56,49,12,3,49,1670.27
TXN003438,5,1,1,0,2,2,77212.44,137159.78,33,10,8,9,5859.03
TXN003439,4,0,1,1,0,1,53700.13,144617,20,9,13,19,4205.4
TXN003440,0,0,1,0,1,2,50819.75,23858.63,64,3,8,13,3933.62
TXN003441,0,0,1,0,0,2,7741.46,133150.16,25,13,22,18,2640.46
TXN003442,5,1,1,0,0,0,24255.13,41511.6,49,3,12,29,2705.76
TXN003443,3,0,0,0,1,2,77865.96,65617.37,39,4,15,15,5793.13
TXN003444,3,0,0,0,0,1,89180.35,58366.81,69,14,19,21,2898.47
TXN003445,6,1,1,0,1,0,53147.31,104518.21,65,5,12,19,3329.4
TXN003446,2,0,1,0,2,2,35657.67,93709.44,34,0,8,5,4655.15
TXN003447,6,1,1,1,1,0,6464.35,25274.68,44,12,20,44,1859.19
TXN003448,5,1,0,0,1,2,68376.76,119595.17,62,13,11,42,5464.2
TXN003449,6,1,1,1,2,1,28205.44,71550.36,20,5,11,32,5130.05
TXN003450,5,1,0,0,1,1,5973.86,10311.06,43,12,9,40,2310.53
TXN003451,3,0,0,1,1,0,66752.25,68030.46,52,14,1,18,2919.96
TXN003452,2,0,1,0,2,2,48829.12,82286.42,30,8,21,4,4492.67
TXN003453,6,1,0,1,0,2,1690.23,19642.46,34,2,4,6,3842
TXN003454,0,0,0,0,0,0,11536.94,31158.94,47,1,10,33,1401.55
TXN003455,1,0,1,1,1,0,70070.59,149100.1,46,11,23,19,3486.04
TXN003456,4,0,0,0,0,1,6835.3,131967.36,31,7,1,14,2076.66
TXN003457,0,0,1,0,0,0,86663.32,28665.84,47,1,20,37,3234.24
TXN003458,3,0,0,1,1,2,31476.96,91243.32,54,7,9,0,3918.7
TXN003459,4,0,1,1,2,0,9322.31,63094.06,61,9,7,4,2465.43
TXN003460,1,0,1,0,0,1,76095.86,86123.66,65,3,19,33,3732.75
TXN003461,1,0,0,1,1,0,52680.51,75874.93,55,8,9,20,3735.94
TXN003462,2,0,1,1,2,2,31010.68,16740.85,26,3,10,13,4676.14
TXN003463,4,0,0,0,0,0,40906.78,54158.84,65,14,8,16,1037.68
TXN003464,2,0,0,1,2,0,2630.53,27572.88,49,0,6,11,3825.58
TXN003465,0,0,1,0,1,0,66438.5,78455.53,21,7,11,26,2947.5
TXN003466,5,1,0,1,2,1,36894.48,137024.34,23,0,6,5,6635.38
TXN003467,5,1,1,0,2,1,71546.74,149374.59,68,4,15,38,5967.05
TXN003468,5,1,0,1,1,1,63003.03,142195.43,18,6,18,47,6549.17
TXN003469,4,0,0,0,0,1,65299.79,147997.6,42,2,15,24,4735.99
TXN003470,5,1,1,0,0,2,79392.82,12134.48,57,5,14,26,3946.21
TXN003471,0,0,0,1,2,2,63300.23,112122.58,55,12,13,44,5275.32
TXN003472,2,0,0,1,2,1,42163.23,48212.83,20,10,12,1,3624.51
TXN003473,4,0,0,0,2,1,39297.79,131186.52,38,0,2,21,4449.41
TXN003474,2,0,0,0,2,1,12398.42,123922.69,31,5,12,31,4386.48
TXN003475,4,0,0,1,0,0,78054.62,69314.44,47,13,6,16,2549.29
TXN003476,2,0,0,1,1,2,76230.29,76256.49,19,4,1,36,4957.62
TXN003477,1,0,0,1,1,0,25006.69,47112.83,65,1,9,1,3173.68
TXN003478,2,0,0,1,1,1,86336.85,50432.57,39,3,14,25,4515.61
TXN003479,5,1,1,1,2,2,59105.82,147364.42,30,11,2,32,6487.66
TXN003480,1,0,0,1,2,1,48129.34,134439.4,42,11,5,0,4261.42
TXN003481,2,0,0,0,1,0,2240.88,36861.66,65,10,13,39,1835.46
TXN003482,4,0,1,1,0,2,38582.75,48573.45,60,11,3,42,2782.15
TXN003483,4,0,1,1,1,0,64246.74,25210.72,28,10,14,43,2462.82
TXN003484,4,0,1,1,0,2,9429.91,148441.91,65,10,4,35,3437.19
TXN003485,3,0,0,1,2,1,46226.95,137009.38,27,6,5,38,5143.49
TXN003486,0,0,1,0,1,2,99346.88,87293.72,66,5,18,24,5284.21
TXN003487,4,0,1,0,1,0,71795.59,107005.03,61,10,17,12,2922.86
TXN003488,1,0,0,0,2,0,54913.65,114712.57,54,9,19,38,3368.77
TXN003489,4,0,0,0,0,0,53536.77,38533.57,42,5,5,35,1839.99
TXN003490,3,0,1,1,1,0,4854.63,140853.29,61,8,3,11,1821.6
TXN003491,5,1,1,0,1,1,95752.79,83743.98,52,1,11,20,5313.13
TXN003492,1,0,0,1,0,0,92853.68,22943.22,36,0,23,22,3987
TXN003493,3,0,0,1,1,1,68399.27,65591.57,45,1,23,17,4301.4
TXN003494,5,1,0,0,1,2,10351.66,94230.52,59,2,13,12,5093.15
TXN003495,6,1,0,0,2,0,21179.47,59395.25,65,8,6,18,2435.19
TXN003496,6,1,0,1,0,2,18799,107888.62,68,13,1,34,3001.47
TXN003497,1,0,1,0,1,2,52198.06,133487,60,11,1,45,3465.66
TXN003498,2,0,0,0,1,1,21176.49,118064.9,65,9,20,47,3347.01
TXN003499,0,0,0,1,2,0,69732.16,99972.12,27,8,19,33,4553.82
TXN003500,0,0,0,1,1,1,54750.37,81702.05,32,11,3,0,3962.9
TXN003501,3,0,0,1,2,0,2256.99,45624.89,49,4,19,45,3501.91
TXN003502,5,1,0,1,1,2,74533.7,73692.46,20,6,22,21,5674.71
TXN003503,0,0,1,1,2,1,19288.46,51013.41,41,2,2,27,3929.64
TXN003504,5,1,0,0,0,0,82576.07,140763.27,27,9,1,3,4349.37
TXN003505,5,1,1,1,0,2,35827.02,137023.56,61,1,20,36,5850.18
TXN003506,3,0,0,1,1,1,34192.66,31815.69,47,5,5,6,2609.43
TXN003507,3,0,1,1,1,1,1675.82,125166.83,58,5,13,10,2658.21
TXN003508,3,0,1,0,2,1,98779.03,108408.06,68,4,7,11,4765.21
TXN003509,0,0,0,1,2,1,61394.43,146529.64,50,0,10,39,6198.87
TXN003510,6,1,0,1,0,2,42561.65,74862.92,62,9,18,38,5097.01
TXN003511,3,0,0,0,1,2,10113.83,111104.41,42,1,14,34,4146.26
TXN003512,0,0,0,1,2,2,70065.23,82503.75,56,6,19,33,5937.64
TXN003513,3,0,0,1,0,2,28631.68,19716.07,69,9,19,17,2351.51
TXN003514,4,0,1,1,0,0,98833.94,16547.06,56,14,19,9,2245.17
TXN003515,5,1,0,0,2,2,95079.46,27095.6,42,14,22,14,4789.71
TXN003516,3,0,0,0,1,1,73662.02,51466.75,55,1,19,25,4206.31
TXN003517,1,0,1,1,0,1,97121.66,46275.83,29,4,13,48,4624.66
TXN003518,5,1,0,1,2,1,11010.57,111965.73,21,14,22,2,3246.9
TXN003519,5,1,1,1,0,1,28351.58,110229.18,45,10,3,12,3637.91
TXN003520,3,0,0,0,1,0,25697.71,145995.24,37,9,9,33,3636.92
TXN003521,6,1,1,0,2,1,7665.26,53454.72,27,12,7,46,3158.52
TXN003522,2,0,0,0,1,1,97236.55,141383.29,48,3,4,16,5502.38
TXN003523,6,1,1,0,1,1,6467.42,95799.08,36,14,17,0,2437
TXN003524,3,0,1,0,0,2,85740.55,79343.22,19,9,16,13,3708.28
TXN003525,5,1,0,0,1,2,76932.06,103497.79,21,0,4,0,5999.1
TXN003526,1,0,0,1,0,0,37898.78,108385.76,32,4,2,23,2958.31
TXN003527,5,1,0,0,2,0,2371.33,34070.06,55,0,9,10,2664.96
TXN003528,6,1,1,1,2,0,1106.54,115240.17,50,2,20,2,4354.39
TXN003529,1,0,1,0,0,1,20797.39,111524.19,35,11,3,12,1303.86
TXN003530,0,0,1,1,0,0,49640.72,149654.52,57,8,18,21,2892.79
TXN003531,4,0,0,0,0,2,46062.04,137672.69,49,6,22,40,3759.07
TXN003532,5,1,0,1,1,2,58736.61,105852.43,49,1,4,46,7144.78
TXN003533,3,0,1,1,2,2,77309.95,109730.92,30,4,0,40,5300.56
TXN003534,0,0,0,1,2,1,38046.78,142437.99,68,14,3,29,4400.39
TXN003535,4,0,1,0,1,1,16456.19,145404.96,33,3,0,24,3212.03
TXN003536,3,0,0,0,0,0,80104.87,125775.13,50,12,14,6,2440.76
TXN003537,2,0,0,0,2,0,33602.72,117435.1,51,6,2,24,2955.78
TXN003538,3,0,1,1,1,0,29044.75,25591.22,68,13,9,38,1678.78
TXN003539,1,0,0,1,0,0,76549.05,126245.11,31,14,4,24,3617.41
TXN003540,1,0,0,1,2,1,93446.87,45447.39,64,3,21,1,4590.43
TXN003541,2,0,0,0,0,2,91538.65,88929.8,19,13,10,33,4952.65
TXN003542,0,0,0,0,1,1,14175.52,66752.15,30,8,16,21,2860.54
TXN003543,4,0,0,1,2,0,50564.24,58385.02,69,2,8,0,3945.62
TXN003544,3,0,1,0,0,1,9740.59,53435,46,5,12,17,1586.67
TXN003545,1,0,0,0,0,2,96117.11,129759.79,69,4,13,15,5158.49
TXN003546,0,0,1,0,0,1,21915.17,117679.06,60,9,8,9,2249.19
TXN003547,2,0,0,0,1,2,20144.24,83282.83,59,7,16,30,3738.37
TXN003548,6,1,0,1,0,0,88944.12,103027.27,51,12,6,47,4513.33
TXN003549,5,1,1,0,2,1,96801.13,147833.91,34,13,15,12,6646.28
TXN003550,6,1,1,0,2,0,69914.41,65654.92,20,10,19,33,4369.56
TXN003551,6,1,0,1,0,0,12540,87154.08,47,13,12,33,3133.32
TXN003552,1,0,0,1,1,2,48842.63,84693.32,21,0,13,41,6117.54
TXN003553,2,0,1,0,2,2,81752.21,141036.13,48,9,17,11,5643.71
TXN003554,3,0,1,0,2,0,57461.48,59218.74,22,1,10,36,4060.86
TXN003555,6,1,1,0,2,2,13693.19,148075.67,19,6,1,39,5996.73
TXN003556,6,1,1,0,0,2,17602.83,52657.67,21,0,21,16,3799.6
TXN003557,4,0,0,1,2,0,86482.1,25246.98,61,4,5,40,4639.65
TXN003558,1,0,0,1,0,0,52939.4,36792.3,55,7,4,14,3070.84
TXN003559,1,0,0,1,0,2,70730.76,69670.99,69,9,2,12,4082.55
TXN003560,3,0,0,0,0,0,37619.72,100965.83,44,4,6,45,2658.25
TXN003561,5,1,0,0,0,0,53482.32,82355.53,44,4,2,7,2709.59
TXN003562,0,0,1,1,0,2,97721.76,62678.94,32,8,12,16,4783
TXN003563,4,0,1,0,2,1,33305.45,88684.66,56,10,22,10,2849.64
TXN003564,1,0,1,1,0,1,67641.46,127432.88,55,14,1,39,3955.86
TXN003565,4,0,0,1,0,0,17664.3,127450.34,31,10,23,45,2704.24
TXN003566,1,0,1,1,0,2,12613.12,111671.9,35,4,1,0,3139.36
TXN003567,4,0,0,1,0,0,78472.19,143342.78,46,14,17,31,3585.9
TXN003568,2,0,0,1,0,2,84488.77,92628.65,24,0,3,43,5841.28
TXN003569,6,1,0,1,0,0,66997.01,11072.07,55,2,16,9,3114.41
TXN003570,1,0,1,1,2,0,16240.49,50730.15,41,13,10,43,2409.02
TXN003571,4,0,0,0,0,2,24438.5,55951.18,55,4,6,14,2837.66
TXN003572,0,0,0,1,0,0,91161.98,86625.65,23,7,1,2,4525.74
TXN003573,2,0,1,1,2,1,29226.05,136684.53,37,9,14,8,4792.12
TXN003574,2,0,0,0,2,1,81976.62,127336.09,59,1,13,7,5078.66
TXN003575,0,0,1,1,1,2,28950.76,42504.22,53,13,13,9,2591.38
TXN003576,4,0,0,0,2,0,93976.53,82714.63,27,3,5,7,3999.27
TXN003577,3,0,1,1,2,1,91488.06,102280.81,39,11,4,15,5478.02
TXN003578,0,0,0,0,0,2,4804.69,148251.62,50,3,13,10,3293.99
TXN003579,4,0,0,0,1,2,77156.19,14382.39,40,2,20,22,5070.84
TXN003580,0,0,1,0,0,2,17361.45,74942.82,63,14,3,21,1847.55
TXN003581,0,0,0,1,1,1,21919.53,148335.21,67,5,13,39,4438.35
TXN003582,1,0,1,0,0,1,46254.6,146808.81,58,9,4,17,2385.33
TXN003583,4,0,0,1,2,1,57843.66,56301.71,59,1,11,38,5730.43
TXN003584,3,0,1,1,2,1,32917.07,10002.34,68,2,12,2,3656.85
TXN003585,6,1,0,1,1,0,57750.64,92142.84,21,1,11,7,5611.48
TXN003586,1,0,0,1,0,1,17480.51,131371.44,38,9,16,4,3214.32
TXN003587,0,0,0,1,0,2,2722.6,55401.61,30,12,17,26,3250.13
TXN003588,6,1,1,1,2,0,57336.83,140797.8,59,7,11,4,5632.36
TXN003589,5,1,1,1,2,1,51982.82,56578.34,30,1,22,18,5443.55
TXN003590,6,1,1,0,1,0,69120.57,95428.18,29,4,8,16,3884.41
TXN003591,0,0,1,1,2,2,65157.3,111086.45,41,3,18,45,6441.98
TXN003592,0,0,1,1,1,1,89799.89,58358.21,52,0,21,17,4926.5
TXN003593,4,0,0,0,1,0,46217.13,59308.9,36,12,20,1,2558.18
TXN003594,4,0,0,1,1,1,1332.76,75799.28,26,6,14,49,4048.64
TXN003595,1,0,0,0,1,0,63249.94,126931.28,30,5,8,6,4254.92
TXN003596,3,0,0,0,2,0,67675.68,24119.11,39,9,12,48,3711.22
TXN003597,1,0,0,1,1,2,52388.75,98407.11,57,11,14,49,4509.86
TXN003598,2,0,1,1,2,2,69085.83,104828.71,53,0,11,15,6576.76
TXN003599,0,0,0,0,1,1,32696.59,88102.19,45,8,9,6,3207.94
TXN003600,6,1,1,1,2,1,15306.43,141017.37,58,11,2,17,5025.09
TXN003601,5,1,0,0,1,0,66623.09,94278.7,24,3,9,43,4404.54
TXN003602,0,0,1,0,2,2,24896.05,98840.75,47,0,17,25,4288.47
TXN003603,0,0,1,1,0,2,45903.43,93966.4,48,7,9,28,4542.89
TXN003604,1,0,1,0,1,0,49416.46,111082.63,28,0,3,15,3868.8
TXN003605,5,1,0,1,1,2,47981.36,28957.32,47,1,2,45,5401.09
TXN003606,5,1,0,1,0,2,60045.69,135198.69,32,13,19,38,5581.91
TXN003607,5,1,0,0,0,0,3430.64,15948.93,30,4,17,29,2155.96
TXN003608,1,0,0,0,1,1,98973.41,99704.15,52,12,16,24,4162.85
TXN003609,0,0,1,1,2,1,71772.89,96167.33,52,0,4,7,5522.15
TXN003610,1,0,1,1,1,1,42826.08,39136.96,37,0,19,13,3569.85
TXN003611,4,0,1,1,2,0,19537.34,15699.54,60,14,9,21,2072.88
TXN003612,4,0,1,0,0,1,8477.64,29436.96,40,5,1,13,559.62
TXN003613,1,0,0,1,2,0,67382.95,48034.09,54,13,21,26,3890.41
TXN003614,5,1,1,0,1,0,32037.08,133494.8,37,10,20,34,2477.54
TXN003615,0,0,0,0,0,2,23333.11,129802.82,36,0,0,39,3549.39
TXN003616,1,0,1,0,0,2,38305.46,18939.78,61,4,15,11,3591.88
TXN003617,1,0,1,1,1,1,59495.85,50497.52,35,9,9,42,4040.3
TXN003618,1,0,1,0,1,0,67334.67,134504.27,21,10,2,20,2817.81
TXN003619,2,0,0,1,0,1,64694.42,43132.26,25,4,3,10,3139.37
TXN003620,4,0,0,0,2,1,86394.93,149435.14,63,1,0,2,4837.82
TXN003621,6,1,1,1,2,2,22266.36,45957.63,47,13,11,8,4585.81
TXN003622,5,1,1,1,2,1,63856.24,113475.86,65,13,12,42,5636.56
TXN003623,3,0,1,0,1,1,10560.88,68388.28,37,10,7,18,2309.01
TXN003624,6,1,0,1,0,2,55019.5,29074.24,25,2,18,41,4796.63
TXN003625,5,1,0,0,2,1,58603.86,45721.65,22,2,4,22,5204.87
TXN003626,3,0,0,0,0,1,22015.61,104516.53,58,2,11,15,3226.07
TXN003627,2,0,1,0,2,0,39473.47,57187.9,51,2,18,3,2880.8
TXN003628,1,0,0,0,0,1,82805.69,94577.95,57,10,3,31,3348.68
TXN003629,2,0,1,0,1,2,15266.7,38774.35,24,3,14,0,2801.49
TXN003630,2,0,0,0,1,2,43733.37,72801.34,67,13,12,3,2954.07
TXN003631,6,1,1,0,1,0,93306.94,81714.41,39,9,12,25,4808.52
TXN003632,0,0,1,1,2,2,50658.84,67789.84,26,12,2,26,4120.8
TXN003633,6,1,0,0,1,2,72650.8,37708.52,28,0,7,39,5726.29
TXN003634,4,0,1,0,1,2,82773.17,74617.49,29,12,21,15,3878.13
TXN003635,3,0,1,1,1,1,20775.55,107006.08,25,3,5,29,3553.92
TXN003636,1,0,1,1,0,0,22212.61,145086.79,49,3,16,37,3508.64
TXN003637,6,1,0,0,0,0,75979.85,120533.03,34,14,10,32,3357.54
TXN003638,3,0,1,0,0,0,75454.02,32605.87,43,7,6,15,2448.74
TXN003639,5,1,0,0,0,0,6488.24,48178.26,68,10,14,32,1193.63
TXN003640,3,0,0,1,0,2,32588.57,21035.35,50,3,3,19,3295.29
TXN003641,5,1,1,0,0,1,40153.98,28990.93,43,4,7,30,3355.5
TXN003642,6,1,0,1,0,2,82989.52,45095.62,39,3,1,47,5961.97
TXN003643,4,0,1,0,1,2,42475.29,37933.83,20,4,23,26,3373.84
TXN003644,6,1,0,0,1,2,92629.92,39910.9,48,2,10,31,5820.61
TXN003645,5,1,1,1,2,2,99662.47,42307.83,31,2,7,21,7598.95
TXN003646,3,0,0,0,1,0,78182.25,52095.02,35,7,21,35,3192.18
TXN003647,3,0,1,0,0,0,66805.48,27582.05,51,11,18,26,1433.67
TXN003648,5,1,1,0,0,1,39493.77,48896.9,57,13,4,24,1561.39
TXN003649,2,0,1,1,2,2,7170.42,106377.66,34,0,17,1,5028.81
TXN003650,4,0,1,0,1,0,57527.31,43096.14,58,2,5,45,2744.51
TXN003651,0,0,0,0,1,1,36489.64,34057.38,29,1,18,37,3048.01
TXN003652,1,0,0,1,2,2,35414.36,19477.39,56,9,19,22,3785.61
TXN003653,3,0,1,1,0,2,68927.07,79996.01,50,14,4,11,3585.84
TXN003654,1,0,0,0,0,0,46632.12,127877.58,49,10,12,36,2968.38
TXN003655,0,0,1,0,0,2,75333.34,18262.33,38,5,22,45,3051.93
TXN003656,6,1,1,1,0,2,40118.24,85925.64,31,7,11,36,4743.09
TXN003657,1,0,0,0,2,0,15510.91,101086.65,19,5,8,49,3687.35
TXN003658,0,0,0,0,1,1,46404.08,92944.63,66,3,4,47,3471.04
TXN003659,5,1,1,1,0,1,95125.75,132867.25,24,2,16,20,6170.91
TXN003660,2,0,0,0,1,0,80251.7,131295.38,32,3,17,47,5413.12
TXN003661,3,0,1,0,1,0,20972.05,18023.06,48,12,2,41,752.61
TXN003662,0,0,0,1,0,1,39434.4,60532.16,45,7,18,10,3513.11
TXN003663,1,0,0,0,0,1,92815.31,103916.18,58,8,14,20,3557.27
TXN003664,3,0,0,0,0,0,12808.06,143342.25,25,7,16,36,2352.44
TXN003665,2,0,0,0,1,0,25768.05,122655.87,24,8,8,3,2496.3
TXN003666,5,1,0,1,2,0,26591.15,34722.5,53,7,3,25,3092.47
TXN003667,6,1,1,0,0,2,57307.82,49089.24,27,12,8,19,3209.68
TXN003668,3,0,0,1,1,0,41367.97,116903.14,56,4,3,6,3448.62
TXN003669,6,1,0,1,1,2,8447.13,76006.48,64,4,23,37,4688.76
TXN003670,0,0,1,0,0,1,63103.55,86622.34,47,0,2,46,3140.02
TXN003671,2,0,1,1,2,1,10358.25,95257.17,62,7,8,26,3361.67
TXN003672,1,0,1,0,0,0,60838.29,24460.81,57,10,10,46,1762.56
TXN003673,2,0,0,0,0,0,50947.33,129834.68,58,1,10,16,3305.62
TXN003674,2,0,0,0,2,1,49620.03,130838.82,58,5,19,31,4999.02
TXN003675,4,0,1,1,0,1,7215.88,75553.52,22,5,7,9,3198.34
TXN003676,2,0,1,0,0,1,64102.43,97758.33,38,11,1,49,2517.31
TXN003677,2,0,1,0,2,1,43416.37,102386.58,23,9,15,10,3870.13
TXN003678,3,0,1,0,1,0,41405.06,36561.16,33,3,22,17,1593.38
TXN003679,1,0,0,1,1,2,59846.91,25761.88,33,8,1,1,4490.45
TXN003680,3,0,0,1,1,1,60821.68,12894.21,41,2,20,34,4201.9
TXN003681,3,0,0,0,1,1,1995.81,137803.46,63,7,20,5,3055.46
TXN003682,0,0,0,0,1,2,12959.98,58399.86,36,1,19,2,3432.89
TXN003683,3,0,0,0,0,0,24033.56,22016.33,36,4,23,6,1384.14
TXN003684,4,0,1,0,2,2,67958.74,75212,65,12,4,34,4419.04
TXN003685,4,0,0,1,1,0,57885.74,20587.52,54,12,8,46,3355.15
TXN003686,6,1,1,1,2,0,75884.1,21935.11,50,14,1,12,2694.51
TXN003687,0,0,1,1,1,0,74190.48,78443.95,22,14,8,37,3548.17
TXN003688,6,1,1,1,0,0,85391.7,81237.13,26,14,10,1,4169.22
TXN003689,6,1,0,1,1,0,37993.08,91220.03,38,5,7,1,3802.79
TXN003690,5,1,1,1,1,1,34833.85,101883.61,24,1,6,7,5294.27
TXN003691,1,0,0,1,2,0,83186.03,103557.43,59,6,5,8,4792.83
TXN003692,1,0,1,0,2,1,24141.35,70619.54,42,14,19,33,2914.44
TXN003693,3,0,0,0,0,0,46386.65,100094.63,64,10,14,38,2482.17
TXN003694,3,0,1,0,2,1,19835.4,52663.57,38,10,14,30,3170.39
TXN003695,5,1,0,0,2,2,91427.15,71783.15,61,4,6,28,6589.47
TXN003696,3,0,1,0,2,2,41076.4,65065.79,30,9,21,48,4601.15
TXN003697,1,0,1,0,0,1,21642.45,56075.4,67,12,7,46,1311.52
TXN003698,6,1,1,1,0,0,69355.33,43399.92,38,3,16,35,4207.27
TXN003699,2,0,1,0,0,1,24842.15,20984.26,27,3,18,21,2614.2
TXN003700,4,0,0,1,2,1,94378.61,80827.47,41,1,23,22,5307.36
TXN003701,2,0,0,0,2,0,37077.89,85220.35,44,11,1,12,2012.32
TXN003702,2,0,0,1,0,2,66631.75,57061.71,50,8,8,34,4733
TXN003703,1,0,1,1,2,1,34851.87,146618.14,43,0,1,43,5611.06
TXN003704,2,0,1,0,2,2,80820.94,87974.57,53,0,12,2,5532.46
TXN003705,5,1,1,0,1,2,89743.81,134461.47,34,3,11,8,6572.71
TXN003706,0,0,1,0,0,2,78897.88,89811.94,38,2,22,47,4651.62
TXN003707,3,0,1,0,0,1,84925.65,36588.22,62,8,3,17,2274.69
TXN003708,0,0,1,0,2,1,10637.14,146447.16,19,12,18,25,4374.71
TXN003709,6,1,0,1,2,0,92444.44,133946.9,32,6,7,28,6073.51
TXN003710,4,0,0,0,1,0,62617.92,75978.31,61,10,12,47,3108.16
TXN003711,3,0,0,1,0,1,86987.14,44028.1,19,1,13,11,4857.47
TXN003712,2,0,0,1,0,0,68601.46,41173.75,24,3,6,38,2728.42
TXN003713,4,0,0,1,2,2,20583.84,122842.86,53,4,0,22,4453.18
TXN003714,3,0,0,0,0,2,61150.73,19676.61,63,9,10,18,2588.91
TXN003715,5,1,0,0,2,1,9549.15,99328.45,67,11,22,23,3652.38
TXN003716,5,1,0,0,1,2,69724.44,99618.89,60,13,16,43,4623.4
TXN003717,5,1,1,0,2,1,41195.61,35543.64,49,3,16,42,4866.1
TXN003718,5,1,1,0,1,1,15597.45,108687.73,20,12,14,43,3376.92
TXN003719,2,0,1,0,2,1,97933.37,108756.88,20,13,20,29,5060.84
TXN003720,0,0,1,1,1,2,90157.9,59004.32,67,3,9,30,4879.62
TXN003721,3,0,1,0,1,1,89407.6,77672.63,50,3,15,18,4529.49
TXN003722,2,0,1,1,0,1,78987.62,126586.9,62,7,4,20,4419.68
TXN003723,5,1,1,1,2,0,69352.12,83241.46,42,6,1,48,5023.7
TXN003724,6,1,0,0,0,2,65680.41,96541.99,54,3,6,46,4990.58
TXN003725,0,0,0,0,0,1,11056.34,67787.75,53,10,2,9,1810.91
TXN003726,6,1,1,0,2,0,90106.34,30943.87,52,0,14,3,4819.88
TXN003727,4,0,0,0,0,1,88172.28,149729.33,36,5,10,17,3907.6
TXN003728,6,1,0,0,0,2,74911.34,84415.11,62,4,0,44,4866.66
TXN003729,4,0,0,0,0,0,92767.84,57102.5,65,10,22,36,3469.87
TXN003730,4,0,0,1,2,0,55531.8,109930.23,36,4,15,19,5221.53
TXN003731,5,1,0,1,0,1,45040.41,96915.05,50,10,10,35,4300.35
TXN003732,4,0,1,1,0,1,96810.77,42607.16,35,14,19,47,3834.9
TXN003733,1,0,0,1,0,2,46681.05,132769.57,44,11,19,31,4349.18
TXN003734,3,0,1,1,2,2,64311.78,19926.41,47,14,18,26,4581.33
TXN003735,3,0,1,1,1,1,37619.68,94797.76,48,5,6,40,3714.69
TXN003736,5,1,1,0,1,0,63814.46,76904.39,56,11,17,23,3693.76
TXN003737,1,0,0,0,1,2,72149.85,54547.78,20,7,22,28,4776.64
TXN003738,6,1,1,0,1,2,62653.22,125693.22,39,5,9,23,6062.04
TXN003739,2,0,1,1,0,0,51699.01,101878.79,69,13,7,28,3106.1
TXN003740,6,1,1,1,2,1,30361.02,116329.93,27,5,1,38,5577.86
TXN003741,2,0,1,1,0,2,64562.64,68052.22,25,6,23,17,4415.41
TXN003742,4,0,0,0,2,0,90888.68,141935.77,51,10,6,9,4787.69
TXN003743,0,0,1,0,0,2,1187.8,58261.28,59,7,7,46,2676.87
TXN003744,2,0,1,0,1,0,13825.94,84346.29,35,3,18,8,2315.66
TXN003745,0,0,1,1,1,2,12417.43,140711.02,29,6,5,49,4559.55
TXN003746,3,0,1,1,2,1,92358.93,21646.45,63,7,0,10,3488.23
TXN003747,0,0,0,1,0,0,66443.4,25233.46,49,5,22,11,2574.02
TXN003748,3,0,1,0,1,2,95202.92,149186.29,19,8,10,1,5899.6
TXN003749,1,0,1,1,2,2,58489.92,145994.76,34,12,19,25,5541.88
TXN003750,1,0,1,0,0,0,46442.42,118038.22,69,5,3,8,1701.6
TXN003751,5,1,1,0,2,0,79338.12,77786.36,29,3,11,16,4935.18
TXN003752,5,1,1,0,0,1,16513.76,80848.52,24,13,8,34,2797.63
TXN003753,4,0,1,0,0,0,38443.14,46009.8,32,5,22,45,1768.98
TXN003754,2,0,0,0,0,2,46894.29,70582.35,19,1,7,2,4079.85
TXN003755,4,0,1,0,2,1,30196.61,70388.91,44,10,5,5,3239.1
TXN003756,3,0,0,0,2,0,37442.92,15052.6,43,7,17,42,2660.11
TXN003757,4,0,0,1,0,2,8271.47,73442.15,42,13,18,22,2722.52
TXN003758,0,0,1,0,1,0,20199.37,77171.22,29,10,19,34,1848.38
TXN003759,3,0,0,1,0,2,33881.92,103209.64,34,5,17,14,4044.18
TXN003760,5,1,1,0,2,2,79691.1,82303.41,18,3,0,7,6552.19
TXN003761,1,0,0,0,0,1,18658.49,130635.61,48,6,8,31,3411.73
TXN003762,5,1,1,0,2,1,34990.72,61458.66,57,14,12,33,3649.35
TXN003763,2,0,0,1,0,0,6959.57,67360.46,22,7,11,10,2794.38
TXN003764,3,0,0,0,0,1,55931.88,90007.55,45,2,17,45,3851.7
TXN003765,3,0,1,0,1,0,61319.46,38381.18,45,9,20,2,1826.82
TXN003766,0,0,0,1,1,1,86618.89,65089.73,25,2,6,28,5091.61
TXN003767,2,0,0,1,2,1,82002.04,106063.45,69,9,10,9,4784.46
TXN003768,1,0,0,1,0,0,28895.11,67653.22,31,2,17,17,3013.76
TXN003769,6,1,0,1,2,1,14126.89,136926.31,23,2,21,17,6052.41
TXN003770,3,0,0,0,0,1,16030.28,96142.07,35,1,9,11,2765.72
TXN003771,3,0,1,0,0,1,96911.91,31527.48,54,4,7,26,3332.8
TXN003772,0,0,0,1,0,1,67485.97,78242.21,27,5,13,18,4355.72
TXN003773,4,0,0,0,1,0,4735.79,117069.02,64,0,13,40,3329.03
TXN003774,1,0,1,1,2,2,14109.54,100068.32,52,5,12,32,4710.3
TXN003775,5,1,1,1,0,0,48837.11,133936.9,52,6,6,24,4277.36
TXN003776,2,0,1,1,0,0,21178.97,114997.61,34,1,14,43,3649.72
TXN003777,3,0,0,0,2,0,80464.07,18625.93,63,0,5,1,3165.76
TXN003778,3,0,0,1,2,1,57535.1,25751.77,44,6,11,1,4176
TXN003779,5,1,0,0,0,1,61456.9,100964.82,41,5,10,4,4480.98
TXN003780,1,0,0,0,1,2,46551.14,43377.11,27,13,23,21,2884.99
TXN003781,4,0,1,0,1,1,25978.25,92296.89,68,2,17,32,2839.59
TXN003782,3,0,1,1,0,2,59145.66,120910.46,65,12,3,43,4599.98
TXN003783,1,0,0,0,1,2,71838.52,90770.42,34,1,3,4,4246.42
TXN003784,5,1,0,1,2,1,37409.33,68168.4,69,12,12,27,4743
TXN003785,0,0,0,0,1,2,50741.89,100477.84,62,1,6,13,5215.43
TXN003786,4,0,0,0,2,0,84048.56,30106.72,50,13,22,39,2509.76
TXN003787,2,0,1,0,2,0,15293.84,111249.12,50,11,18,42,2488.91
TXN003788,3,0,1,1,2,0,54749.83,107583.52,34,1,3,49,4996.95
TXN003789,1,0,0,1,2,2,35167.06,82016.47,35,7,0,9,3266.52
TXN003790,0,0,1,1,1,2,70428.08,49033.89,66,0,7,40,5193.74
TXN003791,2,0,0,1,2,0,2371.62,121658.93,61,11,11,14,2380.11
TXN003792,6,1,0,0,0,1,67212.09,81477.04,55,2,11,9,4919.35
TXN003793,1,0,1,0,2,0,10738.32,18284.77,24,7,19,3,1265.64
TXN003794,1,0,0,1,0,1,6944.39,138605.76,66,5,10,42,4378.73
TXN003795,2,0,1,1,2,1,72600.02,117480.3,43,6,20,48,4994.83
TXN003796,0,0,0,1,2,2,64214.04,91872.72,65,1,20,17,6002.87
TXN003797,6,1,1,1,1,2,89546.13,71155.57,18,13,16,16,5511.92
TXN003798,5,1,0,0,2,1,52205.67,144385.96,28,8,16,30,5693.05
TXN003799,0,0,1,1,2,1,53237.43,118502.88,27,6,22,32,4818.07
TXN003800,4,0,0,1,1,1,70848.27,84899.03,48,2,11,24,5171.27
TXN003801,3,0,0,0,1,2,32678.06,101441.55,42,8,11,11,4774.92
TXN003802,2,0,1,1,0,0,4172.79,49305.06,18,2,16,46,2987.44
TXN003803,5,1,0,0,1,1,23389.56,37400.23,60,13,8,20,2522.04
TXN003804,6,1,1,1,0,2,24182.33,48264.74,20,9,21,16,3818.43
TXN003805,2,0,1,0,2,0,33898.06,51039.05,65,7,12,19,1902.87
TXN003806,2,0,0,1,0,2,94374.54,113563.38,18,14,16,28,4866.59
TXN003807,0,0,0,1,1,0,80581.86,29608.55,24,6,0,2,2820.96
TXN003808,3,0,0,1,2,2,93627.65,118862.21,60,14,20,6,6254.51
TXN003809,4,0,0,1,0,0,99861.65,83275.34,66,12,2,32,2454.95
TXN003810,1,0,1,1,0,1,43661.01,63840.23,68,2,7,25,3527.14
TXN003811,1,0,0,0,0,2,23093.8,52055.46,31,14,7,19,2701.56
TXN003812,2,0,0,1,2,0,56220.41,81848.08,40,13,7,42,3600.6
TXN003813,3,0,0,0,0,0,88172.87,54452.58,65,4,5,36,3210.98
TXN003814,6,1,1,0,0,0,46840.32,70123.28,34,6,14,31,3364.21
TXN003815,6,1,0,0,1,1,50787.23,113462.14,31,2,20,34,5185.38
TXN003816,5,1,1,0,0,2,13876.69,97639.79,26,12,4,20,3253.78
TXN003817,0,0,0,1,2,0,42335.32,114717.53,38,1,5,40,4690.68
TXN003818,3,0,1,1,1,1,39005.98,109816.32,62,8,21,7,2945.71
TXN003819,3,0,0,1,2,1,35493.01,124110.15,19,1,22,1,5057.12
TXN003820,0,0,0,1,1,1,88786.22,38236.59,69,2,5,47,4631.05
TXN003821,6,1,1,0,1,1,6400.49,149317.22,49,14,9,15,3380.79
TXN003822,6,1,0,0,0,1,97228.64,76607.86,25,11,22,26,4096.63
TXN003823,6,1,0,0,2,1,1320.56,110552.61,53,0,18,35,4509.03
TXN003824,2,0,0,1,0,1,94586.6,104885.02,43,14,1,9,3457.69
TXN003825,3,0,1,1,1,2,55030.73,89261.01,54,12,6,27,4790.83
TXN003826,1,0,0,1,0,2,70393.3,149414.27,32,0,18,16,5511.05
TXN003827,0,0,1,1,1,1,19119.72,40424.22,51,0,12,24,4225.67
TXN003828,6,1,1,0,1,0,65594.05,69042.04,38,14,3,14,3044.53
TXN003829,5,1,1,1,2,0,88254.79,27882.28,40,9,10,17,4048.71
TXN003830,6,1,0,1,2,0,14378.27,35456.97,26,2,17,27,4035.82
TXN003831,6,1,1,0,2,1,13144.62,109814.97,57,13,20,1,2492
TXN003832,4,0,1,0,2,0,30745.8,10677.98,43,5,20,39,2420.44
TXN003833,2,0,0,1,0,2,16591.73,134574.89,60,9,10,41,4758.24
TXN003834,0,0,1,1,2,2,11509.26,98645.83,39,2,12,30,5258.32
TXN003835,4,0,1,0,2,2,67992.74,71726.71,30,3,9,30,5879.74
TXN003836,4,0,0,1,2,2,21775.75,56390.56,42,1,16,24,5232.89
TXN003837,5,1,0,0,1,1,66867.98,27678.37,24,6,3,0,4377.53
TXN003838,3,0,1,0,1,2,86261.96,139018.76,68,3,2,17,5082.22
TXN003839,5,1,0,1,2,0,65376.47,109725.13,44,10,6,15,5040.4
TXN003840,3,0,0,0,1,0,12377.02,57095.02,32,0,15,41,3172.96
TXN003841,3,0,0,1,1,2,57570.97,19931.07,29,3,20,36,4798.2
TXN003842,0,0,1,1,0,2,39666.05,55595.6,62,3,5,40,4427.05
TXN003843,6,1,1,1,1,2,34665.41,35848.8,50,14,17,41,4090.61
TXN003844,0,0,0,1,0,0,32193.88,120078.26,38,10,0,36,2631.52
TXN003845,2,0,1,0,1,0,92978.51,110743.82,42,2,18,6,3684.34
TXN003846,3,0,0,1,2,2,74379.49,79742.49,57,7,9,5,5030.74
TXN003847,4,0,0,1,1,0,13817.95,134017.75,64,6,2,13,2869.72
TXN003848,6,1,0,0,1,0,47862.55,35295.3,39,9,22,21,1988.61
TXN003849,1,0,0,1,0,1,32163.2,73275.18,31,9,10,49,4475.68
TXN003850,2,0,0,1,2,2,97804.86,109486.84,25,2,6,30,7119.3
TXN003851,0,0,1,1,0,2,97813.88,19492.33,41,3,5,44,4865.09
TXN003852,5,1,1,1,2,1,32293.68,62174.83,20,7,13,9,4768.61
TXN003853,2,0,1,0,2,1,35535.26,90033.07,29,14,19,45,3362.35
TXN003854,2,0,1,0,0,0,60141.71,61352.5,64,12,7,39,1817.43
TXN003855,6,1,0,1,1,1,48191.05,77227.86,39,9,10,45,4820.15
TXN003856,2,0,0,0,2,2,21703.54,95136.57,33,2,1,35,3518.79
TXN003857,2,0,1,0,1,2,66211.01,61574.69,24,4,6,40,4259.66
TXN003858,1,0,1,0,0,2,33745.8,24842.01,35,4,16,37,2949.24
TXN003859,5,1,0,0,0,0,65544.79,29522.23,62,14,23,33,2003.21
TXN003860,5,1,0,1,0,0,38676.31,83780.56,40,4,4,2,3564.75
TXN003861,5,1,0,0,0,2,70170.88,34463.6,43,4,5,22,4974.34
TXN003862,3,0,1,1,2,2,66946.05,134576.71,55,8,21,42,5052.52
TXN003863,4,0,0,1,0,0,51126.87,126786,19,9,16,16,3203.29
TXN003864,5,1,0,0,1,0,70621.63,58864.49,19,12,22,28,3254.7
TXN003865,2,0,1,1,1,1,46366.08,126338.2,39,4,14,0,5070.35
TXN003866,2,0,1,0,2,0,12055.76,84646.3,68,14,2,2,2095.78
TXN003867,5,1,1,1,0,0,18619.57,32267.13,55,10,17,13,1410.68
TXN003868,6,1,0,1,2,2,24976.32,95989.66,59,13,14,10,5646.07
TXN003869,5,1,0,0,2,2,6791.28,105123.16,45,10,22,29,4461.81
TXN003870,2,0,1,1,2,2,71282.43,21744.82,34,13,3,20,4480.57
TXN003871,3,0,0,0,0,1,37055.33,54023.43,68,8,22,15,1281.58
TXN003872,0,0,0,1,1,0,9805.57,10753.76,65,12,20,45,1965.67
TXN003873,0,0,0,1,1,1,82085.83,54300.03,35,8,9,8,3641.28
TXN003874,5,1,1,0,2,0,68523.6,56962.35,68,14,10,1,2604.22
TXN003875,1,0,1,0,2,0,45496.31,98229.21,19,13,22,25,2504.3
TXN003876,5,1,0,0,1,2,25118.82,37866.06,52,14,0,41,2893.74
TXN003877,6,1,0,1,1,0,15598.72,14212.74,32,10,9,2,2719.43
TXN003878,5,1,0,0,0,1,46108.23,54188.83,32,13,21,14,2565.17
TXN003879,0,0,0,0,2,2,88581.95,125586.74,61,9,14,11,5544.85
TXN003880,2,0,1,0,0,1,19245.33,65880.33,69,11,7,18,1354.95
TXN003881,5,1,1,0,1,1,57081.59,68113.13,62,3,8,40,4393.43
TXN003882,2,0,0,1,1,2,96187.76,75663.86,51,13,0,13,4599.83
TXN003883,2,0,0,1,1,0,63893.1,115250.44,67,8,20,14,3898.8
TXN003884,1,0,1,1,1,1,44276.49,77203.48,32,10,11,22,3451.14
TXN003885,2,0,0,1,0,0,71779.11,22779.59,35,14,15,10,2887.46
TXN003886,0,0,1,1,1,2,82545.5,38895.97,30,11,6,42,4819.54
TXN003887,3,0,0,1,2,0,59256.37,36305.63,55,12,11,2,3657.6
TXN003888,3,0,1,0,1,0,87247.32,81100.86,25,1,11,42,4203.95
TXN003889,4,0,0,1,2,2,51701.88,14190.13,33,2,10,0,4819.44
TXN003890,6,1,0,0,1,0,83087.89,49706.33,37,0,15,3,4605.91
TXN003891,5,1,1,0,0,1,95225.91,95007.29,43,14,7,20,5105.15
TXN003892,6,1,1,0,2,1,50373.72,59651.09,52,10,18,24,3497.92
TXN003893,0,0,0,0,0,1,60697.67,109079.7,34,6,7,19,4020.68
TXN003894,2,0,0,1,1,0,61142.02,64770.99,43,9,4,9,3161.53
TXN003895,3,0,1,1,0,1,78252.77,147096.05,35,13,16,17,4397.62
TXN003896,6,1,1,1,1,0,82385.1,145149.88,61,10,15,32,4581.9
TXN003897,0,0,0,0,0,0,3209.32,121977.7,24,13,3,34,1621.82
TXN003898,3,0,0,1,0,0,73469.28,143614.67,61,8,17,24,3988.71
TXN003899,2,0,1,1,2,0,78489.62,38668.95,52,12,11,2,2698.06
TXN003900,6,1,1,1,1,2,70192.73,115129.24,29,2,20,49,6827.65
TXN003901,3,0,1,1,0,1,71512.72,55032.21,64,7,3,12,2898.39
TXN003902,5,1,1,1,1,1,4619.58,111541.2,66,0,17,34,4421.27
TXN003903,5,1,1,1,2,0,44482.85,62345.08,61,5,6,24,4144.85
TXN003904,4,0,0,0,0,2,81908.88,50518.89,58,5,1,17,4063.44
TXN003905,4,0,0,0,1,0,93433.71,144231.31,18,4,1,29,4679.24
TXN003906,3,0,1,1,0,1,23332.06,39383.96,42,3,12,39,2673.12
TXN003907,0,0,0,0,0,1,58129.9,116199.6,33,2,3,45,4278.44
TXN003908,5,1,0,0,0,2,80530.86,104454.1,32,12,4,29,5027.43
TXN003909,0,0,1,1,0,0,75364.56,52486.87,28,13,11,23,2490.66
TXN003910,0,0,0,0,2,2,62079.57,74168.02,54,3,10,25,4837.4
TXN003911,3,0,0,1,2,0,2359.77,30012.03,56,6,2,0,2230.11
TXN003912,0,0,0,0,1,2,72526.64,138969.2,20,13,10,32,5072.03
TXN003913,5,1,1,1,1,1,77437.63,145536.77,62,6,8,7,6057.35
TXN003914,2,0,1,0,0,2,72423.53,112544.82,62,2,21,11,3668.31
TXN003915,4,0,0,0,0,1,76698.01,128918.85,68,10,7,7,4286.06
TXN003916,2,0,0,0,0,1,43376.03,21566.44,59,9,20,10,2806.68
TXN003917,0,0,0,0,2,0,99378.34,63755.61,56,2,7,13,4627.04
TXN003918,2,0,0,1,0,2,77193.3,56313.56,37,2,9,17,5720.57
TXN003919,5,1,0,0,1,2,58078.66,89093.22,40,4,5,43,5536.15
TXN003920,5,1,0,1,0,2,93452.03,35669.74,32,0,22,39,5874.82
TXN003921,0,0,1,1,2,2,90865.73,88873.38,35,9,17,0,6188.67
TXN003922,3,0,0,0,0,0,81549.42,101611.15,69,10,5,20,2672.66
TXN003923,2,0,0,0,2,0,56587.64,28529.43,56,12,20,9,1618.24
TXN003924,3,0,1,1,2,0,52946.55,28440.9,52,13,11,36,2969.25
TXN003925,3,0,0,0,2,1,33206.44,14959.27,46,14,15,28,2179.97
TXN003926,1,0,0,1,2,1,25462.36,116524.94,37,13,23,45,3835.43
TXN003927,0,0,0,0,1,1,51479.77,56341.2,59,6,20,39,3712.54
TXN003928,4,0,0,1,2,0,57989.29,41558.86,32,12,15,23,4164.14
TXN003929,5,1,1,0,1,1,24830.38,118933.22,49,7,22,43,3876.45
TXN003930,5,1,0,0,1,2,92298.82,30055.8,29,6,3,35,6056.75
TXN003931,0,0,1,1,0,1,55948.76,69805.68,65,7,17,17,2968.06
TXN003932,6,1,0,1,0,0,52887.28,114270.13,68,8,12,14,4600.72
TXN003933,6,1,0,1,2,0,43846.02,90336.52,29,3,2,31,4671.11
TXN003934,6,1,1,0,0,0,6278.09,87560.02,42,2,11,37,2462.48
TXN003935,4,0,0,0,2,0,88298.93,32044.88,51,6,19,42,3587.07
TXN003936,5,1,1,0,0,2,32040.93,35330.58,25,11,18,44,3225.15
TXN003937,0,0,1,0,2,1,64424.8,91558.23,41,8,22,19,3951.05
TXN003938,5,1,1,1,0,1,60939.64,13299.36,62,12,4,33,3582.69
TXN003939,3,0,0,1,0,0,58656.44,131676.52,18,11,18,8,3436.1
TXN003940,2,0,0,0,1,1,52808.36,59065.91,42,8,18,40,3631.35
TXN003941,2,0,0,0,0,2,18553.26,68326.27,51,11,11,33,2336.35
TXN003942,5,1,0,0,0,0,28420.27,46180.53,31,7,4,34,2518.72
TXN003943,1,0,1,1,2,1,52656.71,132733.95,53,13,1,26,4673.77
TXN003944,4,0,0,1,1,1,79039.57,99950.57,23,12,15,41,5620.37
TXN003945,6,1,0,0,2,1,43482.9,72987.19,62,2,20,17,4231.62
TXN003946,4,0,1,1,0,1,20790.29,91943.23,26,5,3,20,2794.98
TXN003947,4,0,1,0,2,0,9250.47,63251.74,65,13,21,17,2455.14
TXN003948,3,0,0,0,1,0,66469.59,75181.55,18,1,14,26,4228.45
TXN003949,4,0,1,1,2,2,42622.33,60068.51,26,5,9,30,5854.25
TXN003950,2,0,1,1,0,0,12974.4,67494.47,41,4,21,27,2506.94
TXN003951,3,0,1,1,2,1,67609.45,54096.72,56,14,5,32,3341.86
TXN003952,0,0,1,1,0,1,21154.08,20869.75,35,3,6,14,2791.33
TXN003953,4,0,1,0,1,1,51147.1,15228.48,65,2,1,44,2675.14
TXN003954,4,0,0,1,1,2,30965.7,34374.87,56,7,3,46,4594.73
TXN003955,0,0,0,1,2,0,93203.16,45229.28,35,9,14,35,5461.22
TXN003956,4,0,0,1,1,0,23214.66,134666.06,58,5,12,18,3278.24
TXN003957,0,0,0,1,2,0,42281.89,95574.81,45,8,8,34,5447.99
TXN003958,3,0,0,0,0,1,95969.61,144161.6,69,2,4,31,4768.62
TXN003959,2,0,0,0,2,1,32213.16,57550.56,19,4,16,44,4522.69
TXN003960,0,0,0,1,0,1,64637.02,66243.32,54,3,5,38,3049.28
TXN003961,1,0,1,1,1,2,32014.34,110765.45,58,5,13,11,4976.27
TXN003962,0,0,0,0,0,2,11512.16,90906.29,53,1,4,28,2527.65
TXN003963,4,0,0,0,0,1,62940.95,83903.21,65,5,1,33,2915.28
TXN003964,6,1,0,1,0,2,91645.14,90578.97,41,2,13,15,6392.54
TXN003965,6,1,1,0,0,2,45530.18,91778.94,52,7,18,21,4364.84
TXN003966,3,0,0,0,0,2,62804.57,117203.66,23,14,18,7,3939.86
TXN003967,5,1,0,0,2,0,61085.39,103531.48,34,9,22,11,4341.8
TXN003968,3,0,1,0,0,2,41801.43,144023.99,47,14,12,33,4114.64
TXN003969,5,1,0,1,0,1,61682.22,142714.82,68,9,20,15,4289.21
TXN003970,6,1,0,0,0,0,26302.15,69069.2,25,10,11,46,2839.97
TXN003971,6,1,1,0,0,2,38114.77,15001.17,59,14,0,8,1624.13
TXN003972,0,0,0,1,0,1,44510.73,11550.47,27,5,2,26,2527.44
TXN003973,2,0,1,1,0,2,86468.86,27247.08,33,11,9,46,5179.92
TXN003974,1,0,0,1,1,1,35159.12,20485.64,55,7,7,34,2805.47
TXN003975,3,0,0,0,2,1,63696.14,62271.25,43,6,12,10,3957.8
TXN003976,4,0,0,1,0,2,21733.68,17402.44,48,5,18,18,4106.4
TXN003977,5,1,1,0,2,2,25630.69,97487.97,69,8,2,30,4306.76
TXN003978,4,0,1,1,1,0,65018.67,36624.39,25,10,23,14,2425.84
TXN003979,2,0,1,0,1,2,76349.84,81955.14,52,8,2,26,4206.76
TXN003980,5,1,0,1,0,1,46480.66,24431.03,51,9,17,32,3256.95
TXN003981,3,0,0,1,2,0,33842.42,125882.07,27,9,2,6,3236.84
TXN003982,0,0,1,0,0,1,91072.02,119194.24,57,14,11,22,3191.74
TXN003983,4,0,1,1,1,1,14012.88,64108.21,61,3,1,35,3233.23
TXN003984,2,0,0,1,1,2,72211.07,137483.07,69,14,7,21,5362.68
TXN003985,3,0,0,1,2,1,69171.99,35998.09,29,7,20,0,4121.32
TXN003986,6,1,0,1,0,2,69179.39,123951.14,58,2,13,26,6384.7
TXN003987,6,1,0,1,2,1,93574.33,86419.76,44,13,18,10,6087.46
TXN003988,3,0,1,0,2,0,72954.93,56141.21,36,10,10,11,2196.57
TXN003989,3,0,0,0,1,2,30505.74,21810.53,43,4,15,20,3754.12
TXN003990,3,0,0,1,2,0,35664.22,33983.56,32,11,13,7,3321.3
TXN003991,5,1,0,1,1,2,39415.54,130800.76,48,2,7,12,5883.94
TXN003992,3,0,0,0,0,0,3565.46,94964.05,63,9,23,36,1186
TXN003993,4,0,0,0,2,2,91394.28,43193.38,54,3,19,32,5460.82
TXN003994,2,0,0,1,2,0,7818.48,79419.4,35,4,13,49,4589.84
TXN003995,5,1,0,0,0,0,70129.53,25097.13,46,12,11,1,2329.34
TXN003996,3,0,1,1,2,2,73151.02,23837.95,61,14,16,8,4407.76
TXN003997,1,0,1,1,0,2,84449.65,137087.05,44,7,22,12,4291.87
TXN003998,1,0,1,1,1,1,55559.54,74099.88,55,13,11,25,3537.27
TXN003999,2,0,0,1,1,1,72663.81,60619.4,37,9,20,44,4715.59
TXN004000,6,1,1,0,2,2,30620.93,142870.06,38,14,11,46,5185.96
TXN004001,0,0,0,0,1,2,74685.61,65860.1,46,7,11,8,5055.15
TXN004002,0,0,0,0,1,0,34669.87,57073.9,60,13,6,14,1952.21
TXN004003,6,1,0,1,0,0,90332.43,48218.06,32,2,9,6,4781.36
TXN004004,5,1,0,0,1,1,16756.49,89108.79,39,7,15,42,4042.71
TXN004005,5,1,1,1,1,1,31917.85,88177.48,40,9,23,36,2721.54
TXN004006,5,1,0,1,1,1,50127.56,12267.18,21,12,2,8,3375.77
TXN004007,0,0,0,0,0,0,77697.13,101568.73,41,3,2,13,3489.95
TXN004008,1,0,1,1,2,0,75005.51,120362.99,31,10,0,29,3854.38
TXN004009,0,0,1,1,0,0,21466.33,96235.04,54,1,4,46,2892.43
TXN004010,4,0,1,1,2,1,14851.45,131784.34,38,13,7,47,3854.27
TXN004011,3,0,0,0,2,2,30744.98,48698.29,60,2,16,19,3781.13
TXN004012,5,1,1,1,1,1,48633.54,36877.12,69,7,15,46,4605.59
TXN004013,1,0,0,0,1,0,54131,107618.93,56,11,15,22,2402.48
TXN004014,2,0,0,1,0,1,43199.19,36398.27,30,4,17,14,3318.07
TXN004015,2,0,1,0,0,1,66477.47,22754.68,36,1,17,30,3337.84
TXN004016,3,0,1,1,0,1,43042.11,23526.11,43,6,13,3,2439.8
TXN004017,1,0,1,0,1,1,94659.74,117575.09,53,4,11,24,5482.09
TXN004018,0,0,0,0,2,0,26466.4,14023.22,69,5,9,18,3003.48
TXN004019,0,0,0,1,0,1,62923.53,50523.94,61,13,1,36,2344.89
TXN004020,4,0,0,1,2,0,61332.1,28086.1,63,1,20,33,3599.38
TXN004021,4,0,0,1,1,1,28516.68,115687.42,50,10,22,0,3051.81
TXN004022,0,0,0,1,1,0,41462.92,80489.03,57,6,2,40,3545.37
TXN004023,2,0,0,0,1,2,36864.63,38768.94,33,14,0,30,2849.36
TXN004024,5,1,1,1,1,0,17663.66,115057.53,36,0,8,39,4854.25
TXN004025,2,0,0,0,2,0,47990.87,115051.31,54,9,3,43,3901.46
TXN004026,4,0,1,1,2,2,38972.89,83223.17,31,9,20,34,4439.47
TXN004027,3,0,1,0,0,2,18242.58,48618.97,61,4,15,26,2937.14
TXN004028,0,0,1,0,2,2,45263.06,92078.79,61,8,3,20,3991.58
TXN004029,4,0,1,0,2,2,42473.47,140694.21,47,6,23,7,4543.45
TXN004030,4,0,1,1,2,2,13570.88,17229.09,48,13,16,17,3673.37
TXN004031,5,1,0,1,0,2,13553.16,47372.98,37,8,14,22,4174.11
TXN004032,0,0,0,0,2,1,64926.98,49895.69,61,8,3,40,3463.8
TXN004033,5,1,0,0,2,1,70804.79,98453.63,60,0,3,35,5325.19
TXN004034,0,0,0,0,2,2,94147.45,101163.02,64,7,11,28,6571.25
TXN004035,5,1,1,0,1,0,9156.97,38884.16,24,11,2,15,1585.17
TXN004036,2,0,1,0,2,0,12227.22,40254.08,59,6,19,49,1474.95
TXN004037,3,0,1,1,0,2,5655.9,139949.78,54,10,22,9,3515.81
TXN004038,3,0,0,0,0,1,53456.73,115881.83,64,1,4,16,2863.98
TXN004039,0,0,0,1,0,1,62463.29,140797.76,19,2,18,21,4517.28
TXN004040,1,0,0,1,0,0,40650.58,126152.82,39,5,5,39,3403.14
TXN004041,6,1,0,1,1,2,79891.27,66296.52,30,10,8,1,5672.05
TXN004042,4,0,1,0,0,1,68826.59,27067.07,63,10,2,41,2151.98
TXN004043,4,0,1,0,1,2,98591.12,98137.05,69,2,1,29,4117.65
TXN004044,0,0,0,0,1,2,14220.55,59278.75,55,7,20,43,3407.63
TXN004045,5,1,0,0,1,0,6302.41,69557.68,48,3,9,38,3747.99
TXN004046,1,0,1,1,0,2,27842.97,69623.16,18,12,4,38,2980.33
TXN004047,2,0,1,1,0,2,2395.49,141112.75,64,6,6,44,3647.69
TXN004048,5,1,1,1,1,0,93294.84,19640.74,60,3,14,18,4161.68
TXN004049,5,1,1,0,1,1,30743.19,37034.53,30,1,1,9,3418.36
TXN004050,0,0,0,0,0,2,55466.8,95112,34,6,9,19,3855.27
TXN004051,0,0,1,0,2,0,32147.93,133726.13,21,7,10,23,3139.9
TXN004052,4,0,1,0,2,1,24957.96,138511.97,60,0,20,5,3853.84
TXN004053,0,0,1,0,2,2,15660.29,88217.01,48,4,23,44,3965.19
TXN004054,0,0,1,0,0,1,32376.41,14838.57,50,9,7,17,1581.11
TXN004055,0,0,0,1,0,0,61734.18,60803.34,31,13,22,15,2066.88
TXN004056,4,0,0,1,1,2,97176.31,138636.66,38,7,20,38,6717.22
TXN004057,2,0,0,0,0,0,56030.16,79992.17,39,0,11,39,3507.67
TXN004058,2,0,0,1,0,0,53504.55,111725.86,22,11,3,39,2704.67
TXN004059,6,1,0,1,0,2,4008.67,47687.08,54,2,12,15,3236.7
TXN004060,6,1,0,1,1,0,84089.85,13500.98,49,1,17,39,5120.46
TXN004061,0,0,1,1,1,1,4961.72,90970.43,20,13,17,14,2681.31
TXN004062,6,1,1,0,2,0,90670.11,126897.34,58,2,2,39,4788.4
TXN004063,4,0,1,1,2,2,54097.84,148637.62,30,2,2,5,6508.48
TXN004064,2,0,1,0,0,2,17262.43,128527.8,28,2,6,32,4576.47
TXN004065,5,1,0,0,0,1,45444.89,87559.21,67,12,21,47,3728.91
TXN004066,2,0,1,1,1,2,99500.96,95221.86,59,0,16,12,6182.71
TXN004067,2,0,0,0,2,0,30855.74,125382.97,55,2,5,3,2180.2
TXN004068,4,0,1,1,2,0,27311.25,12773.5,41,13,15,31,2759.07
TXN004069,6,1,1,0,2,2,12241.59,143230.21,26,1,4,49,5538.91
TXN004070,5,1,1,0,0,1,59915.66,84370.97,30,12,21,28,3133.36
TXN004071,4,0,0,1,0,1,9378.09,143287.31,39,8,23,6,3205.12
TXN004072,0,0,1,1,0,2,76717.8,117032.54,35,9,16,32,5887.41
TXN004073,3,0,0,0,1,0,91962.74,31324.48,27,7,10,4,3958.93
TXN004074,2,0,0,1,2,2,93221.18,33136.37,64,12,21,39,5149.85
TXN004075,3,0,1,0,1,2,11237.67,59510.44,29,12,11,3,2990.44
TXN004076,4,0,0,1,2,1,56047.13,46958.32,69,5,11,6,3913.24
TXN004077,4,0,0,0,0,0,10162.43,71501.83,47,6,3,15,564.23
TXN004078,4,0,1,0,1,1,57415.61,94546.54,64,13,8,36,3525.77
TXN004079,3,0,1,0,1,1,81590.57,71121.13,63,0,13,48,4717.06
TXN004080,4,0,1,0,0,0,54010.12,17898.88,36,6,11,10,1134.86
TXN004081,0,0,1,0,2,0,87269.36,146588.43,36,7,9,49,4917.07
TXN004082,4,0,1,1,2,0,80266.6,69517.1,27,14,7,4,3872.28
TXN004083,1,0,1,0,2,2,28016.56,129150.5,18,7,22,28,4854.55
TXN004084,6,1,0,1,2,0,63195.18,20353.6,69,5,2,24,4268.71
TXN004085,3,0,1,1,0,2,1237.51,123409.08,24,6,12,2,3613.57
TXN004086,1,0,1,0,0,1,39906.17,34276.65,28,10,15,31,1886.56
TXN004087,4,0,0,0,0,0,24177.04,105116.69,21,1,12,29,3081.56
TXN004088,0,0,1,1,0,2,93743.08,102652.94,53,3,12,19,5842.25
TXN004089,2,0,0,0,1,2,40836.21,137372.94,38,7,18,29,5122.55
TXN004090,5,1,1,0,1,2,65579.41,54894.74,39,10,21,2,4817.67
TXN004091,6,1,1,1,1,2,73332.17,25254.37,27,14,17,43,5148.19
TXN004092,5,1,0,1,0,1,77434.65,131039.21,40,3,7,14,5389.97
TXN004093,4,0,1,1,2,0,73709.63,56420.85,22,7,0,40,4173
TXN004094,6,1,0,1,1,0,29271.92,42554.73,65,9,16,13,3124.18
TXN004095,6,1,1,1,1,0,68763.74,78069.21,29,13,23,39,3197.89
TXN004096,0,0,1,1,0,0,55126.44,30459,47,11,8,49,2516.61
TXN004097,6,1,0,0,2,0,59938.58,51574.87,50,3,9,9,4884.27
TXN004098,3,0,1,1,2,0,581.05,63939.29,54,8,8,16,2504.22
TXN004099,1,0,1,1,2,2,26196.63,48815.74,35,0,11,14,5566.72
TXN004100,1,0,0,0,0,0,93103.03,73036.33,21,5,23,28,2963.62
TXN004101,1,0,1,0,2,2,29362.57,63851.09,44,0,9,33,4379.75
TXN004102,3,0,0,0,1,1,44082.54,118442.74,64,11,7,34,3802.89
TXN004103,5,1,1,0,1,2,19074.06,138577.21,40,5,3,8,4401.15
TXN004104,0,0,0,0,1,1,14290.95,24129.25,23,3,23,16,2794.19
TXN004105,6,1,1,0,0,0,21262.56,125262.36,24,7,13,1,2951.18
TXN004106,3,0,0,1,2,1,55587.91,140447.97,36,12,6,25,5553.72
TXN004107,1,0,0,0,0,1,91943.35,106125.84,63,7,9,37,4487.63
TXN004108,4,0,1,0,2,2,32956.82,149498.75,32,12,23,42,3929.1
TXN004109,2,0,1,0,0,2,32679.09,56906.02,65,14,9,27,1481.03
TXN004110,6,1,0,0,1,1,56631.99,126243.39,39,8,14,29,5447.85
TXN004111,3,0,1,1,0,1,35995.9,104318.35,49,6,14,42,3919.16
TXN004112,3,0,0,0,0,0,91086.4,55280.03,32,12,1,8,1662.34
TXN004113,0,0,1,0,0,2,38095.88,108654.71,23,10,23,27,3402.9
TXN004114,0,0,1,1,1,1,49299,81347.06,23,12,15,15,4270.69
TXN004115,3,0,0,1,0,2,53572.23,36456.34,23,7,23,23,3488.08
TXN004116,1,0,0,1,0,0,78315.75,34343.16,29,12,9,21,2151.33
TXN004117,2,0,1,0,1,0,56608.64,109875.84,19,10,14,19,3499.18
TXN004118,6,1,1,1,2,1,24295.93,109670.26,42,2,18,13,5761.59
TXN004119,0,0,1,1,0,0,12836.73,84308.33,21,9,23,42,1491.26
TXN004120,6,1,1,1,1,1,93808.57,80198.19,23,3,23,31,6022.75
TXN004121,1,0,1,0,0,2,80255.52,35205.38,59,3,9,9,3904.81
TXN004122,6,1,0,0,1,2,2785.04,70100.06,68,5,19,1,3597.89
TXN004123,4,0,1,1,2,1,82242.13,131995.65,54,6,14,6,5717.02
TXN004124,0,0,1,0,2,1,59264.48,129661.82,55,8,20,0,3671.08
TXN004125,1,0,0,0,0,1,52129.98,102528.65,31,13,1,36,2232.35
TXN004126,1,0,0,0,1,2,1716.8,149629.93,64,9,13,14,3867.97
TXN004127,2,0,0,0,2,2,78195.97,135044.97,36,5,14,10,6241.62
TXN004128,2,0,1,0,2,0,20207.47,30332.26,68,1,21,19,913.73
TXN004129,4,0,0,1,1,0,72934.13,65879.1,24,9,9,49,3730.01
TXN004130,1,0,0,1,0,2,2078.89,28471.25,35,14,8,40,2407.41
TXN004131,5,1,0,1,2,2,79737.19,75252.55,61,9,18,32,6667.24
TXN004132,1,0,0,1,2,1,2792.43,118693.6,25,6,5,37,3828.74
TXN004133,2,0,1,0,2,2,23971.34,31810.42,45,14,7,19,2764.68
TXN004134,5,1,1,1,0,2,27193.68,133259.08,38,12,1,9,4796.53
TXN004135,0,0,1,1,2,0,16172.11,89668.06,52,9,0,31,2396.84
TXN004136,0,0,0,0,1,0,48365.29,114852.22,64,13,12,35,2837.46
TXN004137,6,1,0,0,0,1,28726.95,16321.81,27,8,5,49,3048.35
TXN004138,3,0,0,0,2,0,99332.15,23137.34,45,7,2,11,3710.84
TXN004139,2,0,0,0,1,1,58206.89,96920.57,36,3,1,24,3885.04
TXN004140,3,0,0,1,1,2,56864.54,127346.87,61,1,9,8,5667.8
TXN004141,5,1,0,0,0,2,22476.53,132341.11,52,7,7,48,4808.82
TXN004142,2,0,1,0,1,1,41164.6,106371.71,45,5,8,16,4047.31
TXN004143,4,0,1,0,0,0,12835.81,38131.42,63,11,6,13,438.85
TXN004144,1,0,0,0,0,0,76371.66,37303.04,66,14,12,23,1873.45
TXN004145,4,0,1,0,0,2,33450.34,133390.78,20,7,6,40,4533.95
TXN004146,5,1,0,0,1,0,75320.6,25852.95,56,10,18,44,3256.07
TXN004147,2,0,0,1,0,1,37483.75,106049.92,44,8,0,2,1549.35
TXN004148,5,1,1,1,0,2,98881.35,84690.96,34,2,12,49,6993.63
TXN004149,1,0,0,1,1,0,17526.6,68998.81,32,7,16,40,3254.95
TXN004150,0,0,1,0,0,2,651.63,71646.84,69,13,11,15,1495.61
TXN004151,0,0,0,0,2,2,59685.14,142329.03,59,9,20,17,4949.41
TXN004152,5,1,0,1,1,0,95318.84,130602.05,56,7,13,38,6370.58
TXN004153,3,0,1,1,1,1,64881.88,131097.74,39,4,15,49,5525.19
TXN004154,2,0,0,1,1,0,9029.49,66926.56,37,5,11,13,3394.72
TXN004155,2,0,0,1,2,0,54277.8,24977.37,44,4,21,9,3467.75
TXN004156,0,0,0,0,0,0,90993.95,149697.52,52,5,15,9,3880.39
TXN004157,6,1,1,1,1,0,1147.35,30348.03,64,0,1,5,2514.55
TXN004158,4,0,0,0,1,0,17107.77,82181.53,69,9,21,2,1516.22
TXN004159,6,1,0,0,1,0,81548.87,47046.69,22,9,19,48,4371.95
TXN004160,1,0,0,0,2,1,89443.76,81504,19,9,18,21,4831.8
TXN004161,4,0,1,1,2,2,70862.48,52690.65,58,1,6,1,5085.37
TXN004162,4,0,1,1,2,1,99160.24,135564.13,67,7,11,38,5770.11
TXN004163,5,1,1,1,0,0,9476.48,145567.82,62,13,13,11,2898.18
TXN004164,0,0,1,0,0,1,54794.81,67409,37,0,23,0,2954.78
TXN004165,6,1,1,0,2,2,68656.97,19826.55,24,8,17,36,4274.95
TXN004166,6,1,0,1,0,1,70413.15,102867.05,53,6,6,12,4673.82
TXN004167,0,0,1,0,2,0,79451.72,62727.58,25,0,4,31,3520.09
TXN004168,6,1,1,1,0,2,91803.79,148035.61,44,13,0,24,5157.11
TXN004169,0,0,0,0,0,0,36483.32,22512.47,23,4,6,37,1853.47
TXN004170,5,1,1,0,2,0,4774.86,26677.7,41,1,15,4,2926.52
TXN004171,3,0,0,0,1,2,36562.97,107919.24,53,13,23,36,3469.82
TXN004172,4,0,1,0,1,2,67325.67,116210.94,22,10,15,17,5565.77
TXN004173,5,1,0,0,0,0,21738.88,75953.5,37,11,16,9,2403.46
TXN004174,2,0,0,0,0,1,81092.31,48817.04,37,0,3,18,3970.43
TXN004175,1,0,1,0,0,2,22366.56,53373.41,58,0,15,33,2717.3
TXN004176,3,0,1,1,0,1,1501.31,57316.22,57,13,3,29,1244.27
TXN004177,2,0,0,0,0,1,51054.04,41539.48,51,12,4,31,1723.15
TXN004178,4,0,0,0,0,2,72782.93,129089.96,56,4,4,10,4785.98
TXN004179,6,1,0,1,2,1,35290.71,19110.81,67,3,19,21,4572.78
TXN004180,0,0,0,1,1,2,75015.13,67018.9,27,4,10,29,5713.87
TXN004181,4,0,0,1,1,2,44121.23,114664.44,20,5,13,0,5806.65
TXN004182,5,1,0,1,2,2,17585.6,10535.57,66,0,16,5,4959.35
TXN004183,1,0,0,0,2,2,9510.56,132924.55,51,1,8,13,5413.04
TXN004184,5,1,1,0,1,1,71203.42,108881.05,52,1,20,2,5341.14
TXN004185,3,0,0,1,1,1,38878.62,20272.35,54,4,16,38,3466.04
TXN004186,3,0,1,0,0,2,91320.99,135299.52,62,11,18,14,4684.81
TXN004187,1,0,1,1,1,2,54255.38,78222.7,62,14,0,30,3452.41
TXN004188,2,0,0,0,0,2,35169.03,101313.51,55,9,12,18,3368.9
TXN004189,2,0,0,0,0,2,35224.6,133484.67,63,8,22,21,3537.26
TXN004190,3,0,1,0,1,0,13578.07,133362.73,40,6,9,6,1805.37
TXN004191,3,0,0,0,0,1,59582.02,67224.18,54,9,9,26,2803.72
TXN004192,6,1,0,0,0,1,58425.63,43276.53,38,3,6,34,4308.39
TXN004193,0,0,1,1,2,2,80099.37,46039.02,44,14,5,42,4759.65
TXN004194,6,1,1,0,1,0,20519.1,117231.82,18,4,6,4,3873.95
TXN004195,6,1,1,0,2,0,29433.57,140120.25,26,10,4,45,3900.65
TXN004196,2,0,0,0,0,0,10175.18,20112.29,20,6,6,34,1433.22
TXN004197,1,0,0,0,0,2,29886.55,12102.76,55,13,14,35,2310.64
TXN004198,2,0,1,0,2,0,43096.16,125210.91,53,9,9,36,2767.86
TXN004199,0,0,0,1,2,2,96420.83,64124.36,51,8,19,22,6051.61
TXN004200,5,1,1,0,2,0,65480.07,48702.89,47,11,12,35,3923.49
TXN004201,3,0,0,1,0,2,78395.96,36372.34,48,9,8,3,3408.56
TXN004202,3,0,1,0,1,2,32888.23,58507.29,47,6,5,1,2169.93
TXN004203,0,0,0,0,0,1,14879.02,146005.53,33,10,19,36,2761.24
TXN004204,6,1,1,1,2,2,26043.63,146791.17,46,12,20,34,6081.02
TXN004205,1,0,0,0,1,0,26018.54,56411.89,23,1,23,45,3706.83
TXN004206,3,0,0,0,2,1,58519.98,144916.62,31,3,6,3,4391.22
TXN004207,4,0,1,1,0,0,34476.38,51980.88,27,9,5,47,2894.58
TXN004208,6,1,0,0,1,2,85811.19,129627.35,41,12,15,3,6292.11
TXN004209,3,0,0,1,1,1,98860.18,39680.59,53,3,1,5,4115.67
TXN004210,4,0,1,1,0,2,34658.19,125708.26,41,13,14,16,4593.52
TXN004211,0,0,0,1,2,2,70653.5,59522.26,24,10,2,3,5184.91
TXN004212,0,0,0,0,2,0,65919.91,37401.29,66,8,12,21,3011.42
TXN004213,6,1,0,0,2,0,19849.02,140869.19,54,7,16,20,3413.49
TXN004214,3,0,1,1,0,0,91841.86,39985.81,63,5,18,11,2977.53
TXN004215,2,0,1,0,2,1,20344.54,148856.93,65,7,10,6,3642.02
TXN004216,4,0,1,1,1,0,73827.23,25200.34,57,6,1,47,3739.07
TXN004217,1,0,1,0,2,2,35087.16,11402.91,65,7,9,27,3052.43
TXN004218,3,0,1,1,2,1,37024.62,131911.1,55,12,11,45,4140.17
TXN004219,1,0,0,0,1,0,45817.18,92124.62,42,14,12,12,2213.32
TXN004220,3,0,0,1,1,0,86518.54,69027.68,60,6,5,42,5178.13
TXN004221,2,0,1,0,2,0,14455.07,21474.95,51,1,3,42,1668.65
TXN004222,2,0,0,1,1,2,5929.67,90484.95,18,10,11,32,4881.69
TXN004223,6,1,0,0,0,0,40503.06,65121.58,45,11,14,39,2178.16
TXN004224,6,1,0,1,1,2,6030.72,77707.07,58,5,18,12,4830.35
TXN004225,2,0,0,0,0,1,68916.29,98254.86,46,3,7,3,3805.16
TXN004226,5,1,1,0,1,0,76152.34,99590.7,49,3,4,24,3929.06
TXN004227,2,0,1,1,0,2,85543.88,144483.89,22,14,3,19,5087.86
TXN004228,0,0,0,0,0,0,74512.3,101707.48,51,9,12,37,2827.15
TXN004229,0,0,0,0,2,0,91676.96,57516.58,63,5,5,34,3327.64
TXN004230,5,1,1,0,1,1,74955.96,56148.6,69,7,19,8,3720.96
TXN004231,4,0,0,0,1,1,93639.53,76802.53,43,4,15,29,4468.89
TXN004232,1,0,0,1,1,2,19714.52,46305.88,30,13,9,38,3956.04
TXN004233,3,0,0,0,0,2,50236.38,62701.46,29,2,4,22,3867.3
TXN004234,3,0,1,0,2,2,99396.09,127895.79,39,11,14,10,6302.49
TXN004235,5,1,1,1,1,1,68317.03,130366.62,26,0,10,14,6202.33
TXN004236,0,0,0,0,2,2,87924.79,97890.95,23,4,19,46,6412.7
TXN004237,6,1,0,1,2,1,3524.18,91597.73,53,2,8,21,4561.59
TXN004238,3,0,0,0,0,1,87239.91,69793.98,27,2,17,16,4077.09
TXN004239,0,0,0,1,1,0,69922.47,99025.85,54,3,0,46,3584.06
TXN004240,4,0,0,0,2,0,17490.17,122847.47,49,8,22,11,3032.19
TXN004241,1,0,0,1,1,2,3055.26,113298.59,21,3,8,34,4701.06
TXN004242,4,0,1,1,1,1,26362.69,14964.33,69,4,8,33,2656.74
TXN004243,5,1,1,1,1,1,91619.45,112358.2,21,9,14,0,5925.5
TXN004244,2,0,0,0,2,1,66979.23,110792.67,30,4,3,31,4647.03
TXN004245,2,0,1,1,0,0,91987.18,23858.68,33,14,3,3,2617.19
TXN004246,2,0,0,0,0,1,44892,31034.63,60,0,0,23,3101.28
TXN004247,4,0,0,1,2,2,93694.4,120307.19,68,6,0,6,5397.98
TXN004248,3,0,1,1,1,2,46564.5,88258.54,67,14,0,11,3452.13
TXN004249,1,0,1,1,1,0,20823.35,125028.06,43,1,21,21,2923.75
TXN004250,2,0,0,0,0,2,15563.65,35864.18,50,5,5,48,2762.29
TXN004251,5,1,0,0,2,1,99384.28,14286.07,21,13,10,34,5476.62
TXN004252,5,1,1,1,2,1,33719.33,32671.85,43,14,15,20,3962.04
TXN004253,2,0,1,1,0,2,16425.28,73359.81,26,10,4,28,3228.64
TXN004254,2,0,0,1,2,0,1336.64,83260.99,58,3,9,48,4013.66
TXN004255,1,0,0,1,2,1,28914.17,130078.16,28,14,15,16,4830.61
TXN004256,2,0,0,1,0,1,88967.06,110268.07,22,13,10,27,4692.47
TXN004257,1,0,1,1,0,0,53633.93,148654.69,55,4,17,41,3520.44
TXN004258,5,1,0,1,2,1,63427.29,21020.74,69,11,21,46,4564.12
TXN004259,2,0,1,1,2,2,92277.91,28230.95,49,4,13,40,5509.36
TXN004260,4,0,0,0,0,2,51527.57,21809.78,46,3,12,16,3923.07
TXN004261,6,1,1,1,0,0,83908.84,85384.13,55,13,0,3,2776.72
TXN004262,4,0,1,0,1,0,32721.41,47360.51,57,1,2,40,1635.81
TXN004263,5,1,1,1,2,2,97721.64,105708.61,45,11,14,5,7247.9
TXN004264,1,0,1,0,2,0,8341.98,28576.72,41,7,11,14,1812.02
TXN004265,4,0,0,0,0,2,72620.54,24446.8,36,14,4,43,2927.67
TXN004266,1,0,1,1,0,0,66226.35,74423.17,18,14,15,23,3210.95
TXN004267,4,0,1,0,1,2,19571.31,62625.77,22,14,13,7,3345.68
TXN004268,4,0,1,0,1,1,39189.98,126083.09,40,0,9,40,3644.84
TXN004269,1,0,0,1,0,1,31626.5,127257.57,36,8,4,26,4088.05
TXN004270,3,0,0,1,2,2,9902.04,26440.01,19,5,6,30,4555.54
TXN004271,4,0,0,1,1,1,58686.41,123725.19,65,3,20,8,4969.54
TXN004272,2,0,0,0,0,2,99370.15,88983.1,19,5,15,17,5285.05
TXN004273,6,1,0,1,0,0,56179.02,80498.16,26,10,14,1,3910.26
TXN004274,5,1,0,0,0,1,54753.36,23266.87,35,8,5,21,3181.04
TXN004275,3,0,1,1,2,1,4511.21,113548.31,33,12,6,19,3842.62
TXN004276,1,0,1,1,0,1,14352.41,18348.73,56,13,17,41,1386.99
TXN004277,3,0,1,0,0,2,51565.3,48876.85,26,11,18,3,3240.56
TXN004278,0,0,0,0,2,1,98525.27,23360.41,61,11,18,37,4175.58
TXN004279,0,0,1,0,0,0,87722.47,84307.47,68,8,16,43,3130.21
TXN004280,4,0,1,1,0,1,34350.81,100332.21,40,2,13,12,3341.63
TXN004281,4,0,0,1,1,0,54528.92,134719.72,50,12,8,48,4146.89
TXN004282,2,0,1,1,0,1,55493.87,112742.07,55,14,15,19,3425.58
TXN004283,6,1,0,0,2,1,68693.38,144554.62,51,14,9,5,5936.14
TXN004284,5,1,1,0,1,0,68934.31,116532.98,43,14,8,14,3833.11
TXN004285,3,0,0,0,0,1,79084.35,51730.23,34,14,11,7,2668.73
TXN004286,0,0,0,0,2,0,2984.62,86661.87,31,7,8,29,2514.51
TXN004287,4,0,0,1,0,0,94396.18,74111.55,30,0,15,35,5038.48
TXN004288,5,1,1,0,1,0,7471.17,89235.62,39,8,15,35,2600.79
TXN004289,3,0,1,0,2,1,47877.93,90092.51,60,6,23,2,2885.7
TXN004290,4,0,0,1,1,1,91998.14,108294.15,65,13,20,26,4129.25
TXN004291,4,0,0,1,2,0,49023.05,21626.13,35,9,22,29,3069.96
TXN004292,0,0,1,0,2,1,6831.87,114544.32,37,14,1,28,2454.78
TXN004293,0,0,1,0,0,2,23309.38,30124.11,47,6,6,15,2256.97
TXN004294,4,0,0,0,2,0,58077.34,13669.02,52,5,19,39,3701.24
TXN004295,1,0,1,0,2,0,9242.23,82646.78,50,0,6,37,3129.75
TXN004296,4,0,1,0,0,2,42655.95,91406.77,63,12,6,19,3490.49
TXN004297,5,1,1,0,2,2,33244.78,14879.15,34,1,18,44,5106.03
TXN004298,4,0,0,1,2,0,81613.16,82151.96,52,10,2,15,3590.65
TXN004299,2,0,0,1,2,2,11458.13,84839.83,29,2,9,20,4884.73
TXN004300,6,1,1,1,2,0,68438.45,17349.29,19,0,5,17,4828.05
TXN004301,2,0,0,1,0,1,40955.61,109621.94,51,4,1,40,3981.64
TXN004302,2,0,1,0,0,2,58981.19,39440.56,29,10,23,30,2660.17
TXN004303,1,0,1,0,1,0,20950.41,121224.29,43,4,23,1,2329.01
TXN004304,1,0,0,0,2,0,61165.52,53515.1,49,5,19,23,3914.79
TXN004305,4,0,0,0,0,0,67560.78,76904.95,38,13,17,5,1802.59
TXN004306,2,0,0,1,2,2,7488.04,134859.12,22,12,8,45,4748.55
TXN004307,1,0,1,0,0,1,82522.25,122865.13,45,6,14,16,4368.36
TXN004308,0,0,1,0,1,1,86194.78,119460.9,40,9,13,25,4551.1
TXN004309,4,0,0,0,2,2,6823.63,32460.79,65,8,8,46,3581.27
TXN004310,5,1,0,0,1,0,60517.16,16739.93,49,12,1,36,2761.69
TXN004311,6,1,0,1,1,0,59604.14,94806.25,22,6,9,1,4194.77
TXN004312,3,0,1,0,1,0,1739.61,67496.83,52,12,3,25,951.26
TXN004313,4,0,1,1,0,2,34563.47,137270.82,23,5,0,43,4416.17
TXN004314,3,0,1,0,2,2,96908.12,58943.06,36,12,21,36,4947.35
TXN004315,2,0,0,0,0,0,55767.35,67476.77,61,14,10,0,1158.2
TXN004316,6,1,0,0,0,0,93354.57,83640.08,57,8,15,1,3790.76
TXN004317,3,0,1,1,2,0,67726.64,121496.09,23,1,10,32,5166.04
TXN004318,2,0,0,0,2,2,3324.86,47561.87,31,5,12,10,4249.6
TXN004319,0,0,0,0,2,2,8232.46,141854.89,20,4,13,29,5213.49
TXN004320,3,0,0,0,2,1,72356.81,85588.96,28,11,0,33,3713.01
TXN004321,6,1,0,1,0,0,55679.5,127736.82,56,14,22,26,2974.62
TXN004322,4,0,1,1,2,0,13151.59,83586.59,58,5,8,42,3608.04
TXN004323,2,0,0,0,2,1,61599.24,118079.05,41,14,17,33,4680.25
TXN004324,4,0,1,1,2,0,81123.59,17198.91,60,14,10,6,3683.82
TXN004325,6,1,1,0,1,1,75421.75,121889.75,62,9,23,38,4233.51
TXN004326,1,0,0,0,2,2,24993.16,83354.32,35,0,2,38,4358.23
TXN004327,2,0,1,1,2,1,26190.4,72918.18,48,10,20,1,3112.61
TXN004328,3,0,1,0,0,1,96799.86,25625.35,27,4,3,29,3108.15
TXN004329,2,0,0,0,1,2,88796.78,113818.76,43,11,21,47,4817.48
TXN004330,4,0,1,1,0,0,32174.56,28362.91,46,7,10,2,1896.89
TXN004331,0,0,1,1,1,1,82493.42,36924.49,19,2,6,1,4935.93
TXN004332,2,0,1,1,0,1,16592.98,27699.26,47,13,8,29,1974.13
TXN004333,3,0,1,1,0,0,20085.69,10920.59,56,2,4,36,1676.21
TXN004334,1,0,1,0,2,1,18529.01,102667.93,64,12,1,28,2700.47
TXN004335,5,1,1,0,2,2,9228.22,47918.17,27,12,11,34,4077.76
TXN004336,0,0,1,0,1,1,85540.47,30925.86,29,10,3,37,3875.04
TXN004337,1,0,1,0,1,0,58091.29,54796.15,37,6,12,21,3969.43
TXN004338,2,0,0,0,1,0,26266.13,79871.86,58,6,1,36,1767.19
TXN004339,4,0,0,0,2,1,84941.18,80477.75,36,11,14,17,5097.3
TXN004340,6,1,0,0,0,0,80363.35,61407.44,23,1,0,39,4365.66
TXN004341,4,0,1,0,1,0,10544.68,79290.52,40,12,17,44,1869.66
TXN004342,3,0,1,1,2,1,64591.87,69827.8,36,7,22,33,4914.68
TXN004343,4,0,1,0,2,1,72322.44,125173.13,48,14,1,44,3975.1
TXN004344,0,0,0,0,0,0,71724.82,14145.96,50,4,3,48,2590.49
TXN004345,4,0,0,0,0,1,72452.7,131524.22,19,8,20,37,4217.08
TXN004346,3,0,0,0,2,2,17361.05,44148.14,32,12,18,29,3574.85
TXN004347,5,1,1,0,0,1,31851.1,111049.51,28,0,19,1,4186.96
TXN004348,2,0,0,1,0,0,84495.76,66705.55,43,10,9,19,3540.5
TXN004349,6,1,0,1,2,2,89889.98,51206.62,35,3,12,43,7031.07
TXN004350,2,0,1,1,1,0,28279.29,96148.63,18,7,18,15,3260.71
TXN004351,4,0,0,0,1,0,2790.44,117643.82,49,8,7,3,1909.03
TXN004352,1,0,1,0,2,2,86046.81,72991.1,21,8,9,47,5403.45
TXN004353,2,0,0,0,1,1,38020.64,75317.54,39,9,7,12,3486.56
TXN004354,5,1,1,0,2,0,33281.62,18239.91,53,10,18,13,2094.48
TXN004355,4,0,1,1,2,1,35026.47,139359.44,46,0,8,8,5025.68
TXN004356,6,1,1,1,0,1,41861.79,128565.54,53,0,8,43,4816.47
TXN004357,3,0,1,0,1,2,38137.53,65718.99,67,6,22,13,2839.08
TXN004358,5,1,1,0,2,0,56859.87,117093.09,50,10,12,10,5065.27
TXN004359,4,0,0,1,1,2,8354.56,53859.08,56,12,0,9,2249.75
TXN004360,5,1,1,1,1,2,97168.25,112259.05,31,11,11,29,6600.43
TXN004361,2,0,1,1,1,0,93676.88,82336.84,65,5,9,6,4518.72
TXN004362,6,1,1,1,2,0,93473.46,74507.34,64,13,18,5,4579.95
TXN004363,3,0,1,1,0,2,87988.12,17913.22,54,6,7,16,4098.47
TXN004364,4,0,0,1,1,2,66202.47,145159.07,62,7,21,12,5033.48
TXN004365,0,0,1,1,2,2,22500.3,127237.26,22,10,10,46,5611.8
TXN004366,3,0,0,0,1,0,5423.61,121074.33,67,5,10,3,2129.66
TXN004367,0,0,1,0,0,0,10382.45,52688.27,39,9,15,25,1899.41
TXN004368,5,1,1,1,1,2,32737.25,50542.63,22,13,10,31,4577.13
TXN004369,1,0,0,0,2,0,50636.36,90247.03,54,9,0,2,3131.2
TXN004370,3,0,0,1,1,0,99328.68,128471.25,55,11,5,10,4647.32
TXN004371,5,1,0,0,1,0,43826.63,140847.98,63,9,12,19,4272.61
TXN004372,0,0,1,1,1,1,52702.29,47650.06,51,6,10,28,3737.26
TXN004373,2,0,0,0,0,1,69668.15,95038.07,32,10,2,1,2749.97
TXN004374,2,0,1,1,1,2,18483.03,111346.39,65,6,20,42,4049.16
TXN004375,1,0,0,0,2,1,93316.29,41694.9,54,6,0,3,4191.46
TXN004376,3,0,0,0,1,2,53138.94,67045.61,44,12,13,31,4247.9
TXN004377,3,0,1,1,1,2,27987.51,36246.4,65,13,10,48,2645.83
TXN004378,3,0,0,1,1,0,93543.34,107846.71,18,1,13,48,5248.93
TXN004379,5,1,0,1,0,2,62732.34,130929.92,46,2,22,20,5889.88
TXN004380,6,1,1,0,2,2,48627.13,132854.81,25,9,21,16,5700.59
TXN004381,6,1,1,0,1,2,58225.51,103812.44,50,8,9,44,5265.96
TXN004382,1,0,1,0,2,2,74956.07,58601.33,24,0,20,12,5044.04
TXN004383,3,0,0,0,2,0,15876.53,102545.65,46,12,1,31,1734.31
TXN004384,5,1,0,1,0,0,86550.63,130997.34,48,7,23,2,4681.19
TXN004385,2,0,0,1,2,2,95970.93,97619.82,55,6,4,41,6495.42
TXN004386,0,0,0,0,1,1,56916.47,67804.87,25,5,14,47,4988.56
TXN004387,5,1,0,1,0,1,68385.95,138772.39,48,0,17,30,5530.56
TXN004388,6,1,1,1,0,2,86053.43,126930.32,54,8,15,30,6341.86
TXN004389,6,1,0,1,2,0,37793.66,133540.93,32,1,19,0,5565.35
TXN004390,2,0,1,1,0,2,99286.76,136446.88,69,9,23,27,5144.06
TXN004391,2,0,0,0,2,2,68209.89,65133.72,49,11,23,22,4491.2
TXN004392,0,0,1,1,2,0,42687.87,130349.46,43,4,2,4,3544.44
TXN004393,2,0,0,1,0,1,67895.13,89848.95,65,8,23,0,3089.13
TXN004394,1,0,0,1,1,2,52407.16,15342.26,66,11,8,15,3798.13
TXN004395,0,0,1,0,2,0,11608.34,99017.09,28,7,17,10,2156.21
TXN004396,2,0,0,1,0,0,79688.6,75886.65,40,9,21,35,3690.3
TXN004397,4,0,1,0,0,2,56655.37,48521.65,51,14,18,36,1778.52
TXN004398,5,1,0,0,2,0,79686.63,145853.64,50,13,4,15,4177.36
TXN004399,2,0,0,1,2,2,15913.74,17709.92,34,3,3,11,3449.13
TXN004400,1,0,1,1,2,1,54066.54,142422.83,50,14,7,29,4990.46
TXN004401,3,0,0,0,2,2,76779.12,32297.39,19,7,6,43,5344.8
TXN004402,2,0,1,0,1,1,98836.3,62778.35,66,8,22,3,3021.34
TXN004403,6,1,0,0,1,0,88497.53,68412.92,21,11,10,48,4662.6
TXN004404,6,1,0,0,1,2,86502.79,112342.87,29,14,11,40,6144.18
TXN004405,6,1,0,1,1,0,25122.28,40185.29,46,10,11,37,2913.45
TXN004406,3,0,0,0,0,2,83879.47,148054.26,59,4,15,7,5231.51
TXN004407,6,1,0,1,2,0,17343.49,114861.66,59,0,15,7,5386
TXN004408,4,0,0,1,0,1,20211.71,120593.37,64,10,14,20,3776.15
TXN004409,2,0,0,0,0,2,11456.62,24900.03,60,5,0,39,2389.46
TXN004410,6,1,1,1,1,0,85830.85,76683.68,56,3,14,7,4936.77
TXN004411,0,0,0,0,0,2,11271.32,142385.31,59,5,21,28,3804.1
TXN004412,3,0,0,0,1,2,14242.09,47809.25,36,0,17,14,4100.22
TXN004413,4,0,0,0,2,1,24965.77,30353.71,67,3,23,13,2168.27
TXN004414,0,0,1,1,1,0,57479.91,77955.22,19,4,5,37,3478.69
TXN004415,0,0,1,1,2,2,88077.93,140255.03,24,5,8,9,6987.97
TXN004416,0,0,0,0,1,2,42113.7,78150.69,63,13,16,26,3266.38
TXN004417,0,0,0,1,0,2,54855.45,66676.8,39,4,23,39,3928.78
TXN004418,2,0,0,1,0,2,17065.7,101038.14,28,1,11,26,5262.44
TXN004419,6,1,1,1,1,2,26961.61,141163.76,50,2,1,41,5620.96
TXN004420,5,1,0,1,2,0,13825.61,16868.04,37,4,15,39,3974.22
TXN004421,2,0,1,1,2,2,41286.93,31475.38,22,10,22,34,3679.32
TXN004422,2,0,0,0,1,2,59238.4,28585.6,21,14,14,35,3691.15
TXN004423,4,0,1,1,0,2,28759.94,21946.62,31,6,11,10,3162.29
TXN004424,4,0,1,1,2,0,84676.59,52294.85,20,3,14,12,4314.43
TXN004425,6,1,0,0,1,2,98133.22,42103.26,67,10,12,34,4967.51
TXN004426,5,1,0,1,2,2,12455.41,86816.78,35,5,11,20,6561.44
TXN004427,4,0,0,1,0,1,2277.08,55820.52,44,8,18,36,3067.51
TXN004428,6,1,0,1,2,1,79082.8,66729.1,21,9,15,43,6261.96
TXN004429,6,1,0,0,1,2,19468.95,141861.06,20,6,6,11,4726.95
TXN004430,1,0,0,1,2,2,35638.09,31791.79,44,2,16,49,4650.52
TXN004431,5,1,0,1,2,1,39726.01,64384.03,45,14,9,24,4482.73
TXN004432,4,0,1,0,0,0,91701.64,45991.46,39,10,8,27,1592.54
TXN004433,5,1,0,0,0,0,66054.4,86883.24,59,4,5,43,3583.8
TXN004434,2,0,0,1,0,1,4540.64,113087.07,46,8,22,17,1783.12
TXN004435,2,0,1,0,0,2,1973.62,124378.3,33,4,8,9,3205.55
TXN004436,5,1,0,0,1,1,20357.03,82141.54,52,2,0,38,3787.12
TXN004437,1,0,0,0,2,0,32158.11,129688.32,36,7,15,2,3420.31
TXN004438,1,0,0,1,2,1,48710.12,119910.57,69,6,13,4,5707.01
TXN004439,5,1,0,1,2,0,83865.02,31980.57,47,11,7,11,4449.59
TXN004440,4,0,1,0,2,2,31824.37,44360.03,32,4,14,13,4842.2
TXN004441,3,0,1,0,1,2,37965.45,104040.87,22,4,15,44,4873.22
TXN004442,1,0,0,0,0,2,33269.12,146471.16,48,0,13,40,5750.19
TXN004443,0,0,0,0,2,0,1392.05,62658.16,60,7,15,31,1557.18
TXN004444,2,0,1,1,2,1,95542.55,42173.1,48,5,6,41,4749.59
TXN004445,5,1,0,0,0,2,14330.09,131678.12,26,14,17,32,4003.59
TXN004446,0,0,1,1,0,0,29122.91,37945.67,30,4,16,5,2753.17
TXN004447,5,1,1,0,2,2,13365.68,107637.16,60,12,0,29,3658.06
TXN004448,6,1,1,1,0,1,49309.04,14794.87,38,6,10,5,3332.06
TXN004449,2,0,0,1,2,2,93250.53,12657.27,63,1,19,30,6079.26
TXN004450,2,0,0,0,2,0,10519.72,73219.34,48,2,4,1,2854.95
TXN004451,1,0,0,1,2,0,44369.24,101915.62,18,8,22,25,3629.69
TXN004452,1,0,1,1,2,2,2726.3,29940.82,58,4,12,47,3848.48
TXN004453,0,0,0,1,2,2,77204.37,116943.54,30,5,7,31,7376.5
TXN004454,6,1,0,0,2,0,64302,28023.11,51,7,17,4,4210.8
TXN004455,5,1,1,1,0,2,70120.02,84719.09,53,13,12,45,5736.16
TXN004456,6,1,0,1,1,2,47497.47,53161.89,33,2,8,47,6557.84
TXN004457,2,0,0,0,1,2,90809.49,115315.46,27,0,10,40,6137.91
TXN004458,0,0,0,0,2,1,41250.97,122576.35,55,13,22,42,3567.6
TXN004459,3,0,1,1,0,1,51651.46,19252.77,58,12,5,15,1665.97
TXN004460,0,0,0,1,2,1,69681.28,36964.64,51,3,10,11,5293.6
TXN004461,4,0,1,0,0,2,52295.78,134970.18,42,13,14,14,3438.22
TXN004462,0,0,1,0,2,0,19338.9,68185.8,18,1,13,20,2518.96
TXN004463,6,1,1,1,2,2,32048.53,76743.02,29,8,7,36,5758.87
TXN004464,4,0,0,1,1,2,9683.3,33523.34,39,3,17,20,4423.99
TXN004465,4,0,0,0,0,1,43545.04,149285.27,39,8,0,24,2502.92
TXN004466,4,0,0,0,0,0,61134.51,139226.68,65,6,20,16,2774.94
TXN004467,3,0,1,1,1,1,12293.73,10283.45,19,14,8,7,1806.9
TXN004468,0,0,1,1,1,0,63243.42,87102.86,62,6,22,29,3522.34
TXN004469,6,1,0,0,1,2,89340.78,132117.43,25,0,6,32,6379.16
TXN004470,0,0,1,1,1,2,34103.51,70274.7,50,1,14,1,4948.81
TXN004471,3,0,0,1,0,2,22592.29,71154,22,6,14,32,3981.35
TXN004472,2,0,0,1,0,0,89354.1,63108.6,27,11,8,27,3494.17
TXN004473,1,0,0,1,1,1,69348.55,14035.97,20,4,20,25,4580.77
TXN004474,6,1,0,0,2,1,10986.79,120639.67,28,6,4,40,5337.69
TXN004475,6,1,0,0,2,1,41107.14,73949.93,47,14,6,0,3812.17
TXN004476,0,0,0,1,2,0,67571.92,84349.19,45,2,11,34,4729.93
TXN004477,1,0,0,1,2,0,57651.2,45795.92,22,7,5,47,3943.38
TXN004478,5,1,1,1,0,2,62045.44,119776.59,29,3,9,42,6750.11
TXN004479,5,1,0,1,0,1,56929.95,121124.8,61,7,14,38,4786.17
TXN004480,3,0,1,0,0,0,79907.11,87408.91,62,5,21,19,2568.78
TXN004481,5,1,1,1,2,1,32382.48,136647.91,46,8,23,12,4732.1
TXN004482,6,1,0,1,1,1,70992,26223.79,43,5,3,30,5150.78
TXN004483,5,1,1,0,2,0,99112.4,120127.73,46,3,14,37,5847.18
TXN004484,2,0,1,0,0,0,39300.91,88201.78,46,2,17,22,2169.48
TXN004485,2,0,1,1,2,2,79209.31,42341.84,31,14,2,11,4185.97
TXN004486,2,0,0,0,1,2,24987.87,28522.53,53,13,14,5,2435.86
TXN004487,5,1,0,0,1,2,28548.72,52140.99,52,3,19,23,3965.6
TXN004488,3,0,0,1,2,1,93518.96,129884.23,66,10,4,33,5721.64
TXN004489,4,0,0,1,0,1,3080.87,120266.71,25,6,1,32,3133.27
TXN004490,4,0,0,0,0,2,22134.02,100318.54,33,7,14,6,2909.42
TXN004491,1,0,1,1,0,1,48550.61,22645.78,60,1,7,13,2860.22
TXN004492,4,0,1,0,2,1,40483.84,143676.29,22,8,4,35,4206.24
TXN004493,4,0,0,0,0,1,63102.39,52761.62,33,6,22,15,2595.5
TXN004494,2,0,1,0,2,1,19675.84,94980,58,6,8,45,3505.36
TXN004495,2,0,1,1,0,0,7519.43,122434.26,30,12,6,22,1911.96
TXN004496,5,1,1,1,1,0,37248.67,28599.82,25,11,3,17,3123.71
TXN004497,1,0,1,0,1,2,52673.35,101307.54,43,9,18,28,4114.67
TXN004498,0,0,0,0,0,2,56419.18,14521.44,22,13,7,6,3086.05
TXN004499,6,1,0,1,2,1,60348.61,24250.5,26,14,13,3,4138.13
TXN004500,1,0,0,0,0,1,55091.87,111240.11,55,3,8,24,3359.62
TXN004501,1,0,1,0,2,0,24952.32,31711.5,19,6,4,32,1796.65
TXN004502,3,0,1,1,1,1,76572.7,72090.94,24,1,5,23,4759.07
TXN004503,5,1,0,1,2,1,9234.14,44766.56,47,10,9,22,4159.59
TXN004504,3,0,0,1,0,2,20236.21,68972.13,34,9,12,49,4691.53
TXN004505,1,0,1,1,1,1,74068.11,20810.83,61,13,9,20,2862.6
TXN004506,1,0,0,0,2,0,28332.75,115686.08,48,13,21,38,3018.24
TXN004507,1,0,0,1,2,1,49600.61,21065.76,18,2,12,20,4529.75
TXN004508,4,0,1,1,1,1,33056.18,127308.03,45,1,2,47,4383.76
TXN004509,6,1,1,0,0,1,50944.63,102765.24,47,11,11,26,3590.63
TXN004510,6,1,0,0,1,1,34992.25,68321.98,64,4,3,16,3308.54
TXN004511,3,0,1,0,0,1,99423.69,131308.12,48,0,10,25,4613.32
TXN004512,1,0,0,1,0,0,36069.02,36058.38,41,13,8,18,2470.96
TXN004513,6,1,1,0,2,2,62891.42,47038.99,48,12,5,32,4549.94
TXN004514,2,0,1,1,0,1,88890.15,29197.31,28,1,11,47,5074.23
TXN004515,6,1,0,0,0,2,63974.53,63419.62,59,14,13,6,4230.16
TXN004516,5,1,1,1,1,2,56802.8,148142.65,33,14,20,30,5403.06
TXN004517,5,1,0,0,1,0,57138.33,32543.83,26,10,8,38,3506.85
TXN004518,6,1,1,1,0,2,49897.84,126336.71,47,5,7,14,5454.61
TXN004519,2,0,0,1,2,1,80854.25,101263.21,29,5,8,1,5864.5
TXN004520,5,1,1,0,1,1,5517.2,12213.98,64,11,12,44,2190.47
TXN004521,4,0,1,0,2,1,88570.43,142284.63,33,7,10,1,4591.54
TXN004522,6,1,0,1,1,1,58836.08,145952.78,50,8,8,16,5396.07
TXN004523,4,0,1,0,1,0,84962.89,139486.1,23,8,19,33,4475.34
TXN004524,6,1,0,1,0,2,1534.07,80243.55,62,6,7,46,4355.56
TXN004525,0,0,1,1,1,0,86993,40852.53,18,11,9,45,3625.07
TXN004526,0,0,1,1,1,2,12453.68,64777.05,30,9,8,24,3146.8
TXN004527,0,0,0,0,2,0,72261.19,95986.82,54,0,20,47,5009.92
TXN004528,5,1,1,1,1,0,41943.88,63037.09,52,3,3,10,3421.34
TXN004529,4,0,1,1,1,0,68266.7,109144.03,61,6,9,43,4486.77
TXN004530,4,0,0,1,2,1,63004.88,121380.58,43,1,16,8,6036.86
TXN004531,4,0,1,1,0,1,16757.96,39315.01,59,11,18,6,1956.41
TXN004532,2,0,0,0,0,0,51704.07,66691.87,26,8,9,10,3019.78
TXN004533,4,0,0,0,1,2,28084.43,144084.21,34,12,17,3,4055.89
TXN004534,2,0,0,1,1,2,56263.47,44972.95,55,0,15,36,5286.6
TXN004535,0,0,1,0,2,1,73931.33,58502.65,63,8,22,25,4069.21
TXN004536,0,0,1,0,0,0,8585.21,14992.47,52,14,3,33,140.22
TXN004537,5,1,0,1,0,1,51818.36,56531.25,42,6,8,15,4089.75
TXN004538,6,1,1,0,0,1,61954.17,61930.4,67,12,8,40,3665.73
TXN004539,0,0,0,0,2,1,29889.06,23976.98,24,9,1,46,3538.55
TXN004540,6,1,1,0,2,0,95323.85,10201.91,58,5,18,29,3218.5
TXN004541,6,1,0,0,2,0,52270.13,90556.77,64,13,7,45,3398.17
TXN004542,5,1,0,0,1,1,18660.45,52213.72,48,11,18,15,2681.31
TXN004543,1,0,1,0,0,0,11224.93,12495.34,49,6,3,5,513.68
TXN004544,1,0,0,1,1,2,54395.13,130392.2,68,1,10,32,6247.38
TXN004545,3,0,0,0,1,2,37836.22,91817.35,65,9,2,49,3902.71
TXN004546,5,1,1,1,2,1,19658.44,33963.57,36,11,17,14,4158.36
TXN004547,3,0,0,1,0,2,3554.5,131134.53,68,1,16,19,3789.16
TXN004548,3,0,0,1,1,1,56876.71,45502.04,34,13,18,11,2960.14
TXN004549,1,0,1,0,0,1,60060.72,41842.4,23,2,8,23,3780.9
TXN004550,5,1,0,0,1,1,14609.36,135248.77,42,5,15,39,4711.19
TXN004551,1,0,0,1,2,0,60372.94,35124.1,50,0,7,31,4827.17
TXN004552,3,0,0,1,1,0,95221.29,133058.01,36,10,8,40,4715.57
TXN004553,5,1,0,1,2,0,97840.41,122416.26,32,3,4,32,6098.52
TXN004554,3,0,0,0,0,0,88905.05,53368.86,52,7,4,47,2373.44
TXN004555,4,0,0,0,1,1,80804.32,14815.59,66,7,13,45,4009.65
TXN004556,6,1,0,0,1,0,21332.1,21560.23,49,13,23,11,1870.04
TXN004557,5,1,0,1,2,2,16065.3,25333.96,55,4,13,14,5356.35
TXN004558,5,1,1,0,2,2,44772.29,134711.84,53,6,4,7,5189.21
TXN004559,6,1,0,0,0,0,62153.36,66565.04,49,4,3,3,3278.57
TXN004560,3,0,0,1,2,2,85142.53,14554.17,49,3,16,26,6042.27
TXN004561,4,0,1,0,0,2,23580.32,87916.78,57,5,5,36,2285.68
TXN004562,2,0,0,1,1,0,48224.97,39118.92,53,13,6,13,2195.53
TXN004563,6,1,0,0,0,1,64920.3,42917.65,51,7,13,38,4144.36
TXN004564,1,0,0,1,0,1,44836.59,32517.84,27,11,14,14,3435.13
TXN004565,3,0,0,0,0,1,45692.27,116683,61,9,5,18,2851.62
TXN004566,6,1,0,1,1,0,22899.16,10085.81,50,0,9,13,3603.46
TXN004567,6,1,0,0,1,1,98672.76,71457.78,61,2,7,6,5326.09
TXN004568,5,1,1,1,2,1,47781.73,22161.96,27,3,7,5,4998.37
TXN004569,1,0,1,1,0,2,53507.82,87332.44,61,4,4,33,3675.96
TXN004570,1,0,1,0,1,1,22246.65,58438.93,68,0,15,23,2692.14
TXN004571,1,0,1,0,0,0,51656.6,13969.22,52,8,19,24,315.25
TXN004572,6,1,1,1,0,1,25907.28,74536.39,39,7,10,40,3816.73
TXN004573,2,0,0,0,0,2,20632.46,89881.97,68,1,6,24,3709.74
TXN004574,0,0,0,1,1,2,27934.36,44671.56,40,4,1,49,3853.59
TXN004575,3,0,0,1,0,2,774.59,117171.67,24,8,6,46,3986.6
TXN004576,0,0,0,0,0,2,57230.04,61946.83,38,12,5,14,3375.35
TXN004577,6,1,0,0,2,1,39054.26,114908.51,18,2,18,41,6909.18
TXN004578,0,0,1,0,0,2,89919.56,91062.2,30,4,17,2,4551.36
TXN004579,6,1,1,1,2,2,4550.36,131695.43,26,8,0,35,5425.64
TXN004580,0,0,0,1,0,2,4798.43,86569.47,65,5,17,1,3221.93
TXN004581,1,0,0,0,2,1,88644.41,35987.81,67,12,11,21,4050.15
TXN004582,4,0,0,1,1,0,13101.14,125162.77,64,4,20,27,3092.3
TXN004583,1,0,1,1,1,2,714.93,119624.94,37,7,16,31,4041.74
TXN004584,1,0,1,0,0,2,18301.93,146129.81,64,13,7,38,2921.33
TXN004585,5,1,0,1,2,2,82475.68,23101.47,64,4,19,24,6714.37
TXN004586,5,1,1,1,1,1,80370.05,92772.36,27,8,2,0,5040.78
TXN004587,0,0,0,1,0,1,34343.15,78833.66,43,14,9,43,2631.41
TXN004588,6,1,1,0,0,2,66969.08,103922.1,67,10,15,22,4313.91
TXN004589,1,0,1,0,2,0,50971.35,147225.18,64,12,17,4,2649.92
TXN004590,0,0,0,1,2,2,90521.13,84518.09,61,2,0,47,6506.57
TXN004591,5,1,1,0,0,0,6114.14,106003.41,18,0,7,34,2913.56
TXN004592,4,0,1,1,2,0,81411.32,58609.88,62,3,18,10,4419.06
TXN004593,3,0,0,0,2,1,17474.57,51855.87,34,6,2,14,3278.68
TXN004594,0,0,1,1,1,1,39466.28,56941.52,34,12,15,4,3111.47
TXN004595,4,0,0,1,2,1,19599.74,15405.11,56,2,15,37,4168.82
TXN004596,3,0,1,1,0,0,70410.13,49863.69,60,12,15,3,1931.26
TXN004597,2,0,0,1,2,0,67993.45,34212.5,29,9,22,43,4061.66
TXN004598,0,0,0,0,0,0,55015.81,74039.92,58,7,11,9,1789.81
TXN004599,0,0,1,1,0,1,69967.22,74515.47,32,1,8,8,4059.43
TXN004600,2,0,1,1,2,1,64136.7,117132.18,18,8,17,32,5205.99
TXN004601,2,0,0,0,2,1,77755.98,80320.83,49,14,22,41,4252.93
TXN004602,0,0,1,0,2,2,24320.96,74831.42,28,13,23,5,3641.83
TXN004603,2,0,1,1,1,0,43176.81,42427.68,22,2,10,45,3455.83
TXN004604,1,0,1,1,1,0,15586.84,129347.2,68,10,19,26,2401.51
TXN004605,3,0,0,0,2,2,43244.56,22740.13,35,13,10,42,3529.83
TXN004606,3,0,0,1,0,0,70318.33,147521.44,67,5,19,27,3903.33
TXN004607,3,0,0,1,2,0,69293.42,76650.5,35,6,11,45,5307.97
TXN004608,1,0,1,1,1,2,71087.98,36038.18,40,4,17,42,4338.83
TXN004609,6,1,1,1,1,0,31222.37,59605.93,69,9,1,33,2642.9
TXN004610,2,0,0,1,2,1,66390.29,12151.83,24,12,3,28,4211.53
TXN004611,4,0,0,1,0,2,37062.9,33313.18,63,4,3,31,3552.21
TXN004612,2,0,1,1,0,0,94476.96,56947.57,43,13,20,21,2603.27
TXN004613,0,0,1,1,1,1,34664.95,87618.14,18,0,13,14,4875.08
TXN004614,5,1,1,1,1,0,60500.31,28127.32,45,3,12,26,3837.78
TXN004615,3,0,1,0,1,2,75139.5,104634.86,37,0,8,9,4977.36
TXN004616,2,0,0,0,0,1,90687.54,128198.71,58,8,14,24,3557.25
TXN004617,4,0,1,0,1,0,44073.9,90127.55,65,8,22,10,1922.89
TXN004618,0,0,1,1,1,2,36368.27,51566.2,40,14,21,7,3176.49
TXN004619,1,0,0,1,0,0,43287.8,26994.93,49,4,9,20,2351.32
TXN004620,6,1,0,1,1,0,32707.79,12174.91,55,4,4,7,2698.44
TXN004621,1,0,1,0,1,1,65565.49,112452.33,56,12,3,36,3251.87
TXN004622,4,0,0,0,2,0,93305.32,97987.11,35,4,17,23,4819.43
TXN004623,0,0,1,1,1,2,13044.07,76679.68,50,14,3,45,2673.66
TXN004624,3,0,1,0,2,2,56311.75,24279.38,42,6,15,47,3715.63
TXN004625,2,0,0,0,1,1,89816.05,38983.53,49,14,10,22,2786
TXN004626,0,0,0,1,1,1,10461.4,124124.12,65,5,6,23,3169.04
TXN004627,6,1,1,1,2,0,49639.61,77179.21,67,1,0,12,3532.35
TXN004628,1,0,0,0,1,2,86590.34,144796.6,67,10,2,38,4956.17
TXN004629,6,1,1,1,2,1,90095,149996.1,68,9,15,4,6230.82
TXN004630,6,1,1,0,1,0,51678.04,122099,45,2,3,14,3812.36
TXN004631,4,0,1,0,2,0,2982.71,46145.71,30,4,22,23,1974.61
TXN004632,4,0,0,0,2,2,11011.1,42356.09,36,6,2,10,3464.1
TXN004633,2,0,1,1,1,2,58878.32,45508.8,20,14,19,16,4059.63
TXN004634,4,0,1,0,1,0,12823.93,148149.91,69,1,0,7,2053.62
TXN004635,4,0,1,0,2,2,15367.07,56947.67,44,10,0,41,2504.27
TXN004636,0,0,0,1,0,0,77325.65,108902.54,34,3,9,23,3806.52
TXN004637,3,0,1,1,1,0,75193.86,144262.48,60,0,11,37,4786.68
TXN004638,2,0,1,0,1,2,84355.89,124743.46,46,6,2,26,5308.72
TXN004639,0,0,1,1,0,1,11020.65,93664.53,66,14,22,41,2724.74
TXN004640,3,0,0,1,0,0,20215.42,33655.17,61,14,12,6,1393.75
TXN004641,6,1,1,0,2,2,83379.66,34491.35,61,10,5,23,5130.68
TXN004642,0,0,1,1,1,0,72248.22,78939.23,69,13,20,26,3171.15
TXN004643,5,1,0,0,2,0,80692.63,143272.23,65,1,23,36,5976.81
TXN004644,0,0,0,1,1,0,98979.69,136629.12,50,7,23,44,4352
TXN004645,4,0,1,1,0,2,86510.94,33266.89,45,9,19,2,5029.1
TXN004646,3,0,1,0,2,2,52286.09,50280.76,37,11,9,21,4698.7
TXN004647,2,0,1,0,1,2,31421.43,92433.58,62,10,5,47,2911.17
TXN004648,2,0,0,1,1,1,57182.82,76840.27,51,0,0,37,3952.67
TXN004649,3,0,0,1,0,0,64039.36,26710.79,33,1,14,21,4554.66
TXN004650,4,0,1,1,0,1,33863.56,61703.01,56,7,13,39,3474.03
TXN004651,1,0,0,0,1,0,77208.24,143660.01,19,4,11,47,4696.89
TXN004652,0,0,1,1,0,2,9729,143201.91,67,13,9,48,3583.28
TXN004653,4,0,1,0,0,0,78049.59,88319.62,45,4,8,28,3375.83
TXN004654,5,1,0,1,2,0,3683.85,98936.58,34,10,20,9,3948.53
TXN004655,6,1,1,1,1,0,50047.62,41066.88,65,6,14,16,4068.93
TXN004656,3,0,0,1,2,1,86212.93,113873.38,37,13,13,41,5754.89
TXN004657,0,0,0,1,0,2,9106.28,17349.47,35,3,23,6,2832.8
TXN004658,2,0,1,1,1,2,52015.02,40895.51,45,8,9,42,4288.73
TXN004659,6,1,0,0,0,0,16359.45,10823.72,45,2,0,34,1373.84
TXN004660,1,0,1,0,0,2,89534.17,63998.18,69,7,19,39,3535.63
TXN004661,5,1,0,0,1,1,83318.38,129036.57,33,2,1,2,5324.22
TXN004662,2,0,1,1,0,1,93424.77,147550.91,50,14,1,12,3876.68
TXN004663,3,0,1,0,2,2,87560.74,103485.84,38,7,1,5,4308.96
TXN004664,0,0,1,0,1,1,73787.05,114281.34,22,13,1,16,4132.08
TXN004665,3,0,0,1,0,1,18896.47,46784.94,64,0,7,1,2612.52
TXN004666,6,1,1,1,0,2,30599.01,82846.58,62,9,21,38,3732.54
TXN004667,0,0,0,0,0,2,49937.09,113120.91,54,12,17,37,3763.64
TXN004668,4,0,0,0,1,0,59095.23,79618.62,35,9,12,32,2280.11
TXN004669,1,0,0,0,2,0,78327.25,22396.49,69,6,16,41,3595.2
TXN004670,4,0,0,0,0,1,23082.48,113720.99,22,11,7,22,2397.76
TXN004671,4,0,0,0,0,2,13263.6,40739.01,65,0,9,32,2428.86
TXN004672,3,0,1,0,0,1,48519.71,23677.67,60,1,13,24,2719.55
TXN004673,6,1,0,0,1,2,16205.22,76928.11,28,10,18,13,4220.25
TXN004674,1,0,1,1,0,1,69526.81,20445.27,39,10,18,34,3843.09
TXN004675,0,0,1,0,0,1,57775.27,98122.11,40,11,23,29,2513.58
TXN004676,0,0,0,1,0,1,74240.23,99666.26,43,11,4,8,3800.34
TXN004677,5,1,1,1,1,0,6811.94,45938.28,44,0,23,29,2957.14
TXN004678,2,0,1,1,2,2,96487.41,145034.82,20,9,17,6,5563.73
TXN004679,5,1,0,0,1,1,500.55,125423.22,68,2,9,7,3979.97
TXN004680,5,1,1,0,2,0,32881.52,25342.17,59,8,15,6,2676.67
TXN004681,0,0,0,1,2,1,68123.66,114791.7,19,0,17,41,6347.5
TXN004682,3,0,0,0,1,1,4991.64,59430.46,34,2,8,26,2740.61
TXN004683,4,0,0,0,0,2,8793.28,115040.39,20,1,9,24,4367.29
TXN004684,6,1,1,1,2,1,8129.8,122111.27,20,4,21,46,4828.06
TXN004685,4,0,1,0,0,2,58360.22,31192.93,57,11,11,23,3136.29
TXN004686,4,0,1,1,2,0,89644.57,102657.88,33,14,4,27,4274.74
TXN004687,1,0,1,1,0,0,55765.98,130782.19,29,6,14,33,4324.09
TXN004688,0,0,0,1,0,1,60555.35,55272.31,68,14,22,9,2168.22
TXN004689,6,1,0,1,1,0,34927.16,21245.96,18,5,6,35,4435.88
TXN004690,3,0,1,0,0,2,2364.75,13817.45,68,9,19,14,1365.39
TXN004691,1,0,0,1,2,2,2650.66,25400.13,21,4,6,37,4436.93
TXN004692,2,0,1,0,0,0,88886.84,10588.83,34,12,2,2,962.37
TXN004693,3,0,0,0,0,2,10705.96,55772.43,36,2,2,11,2920.08
TXN004694,5,1,0,0,0,2,99979.04,51906,21,12,6,32,4998.21
TXN004695,3,0,0,0,2,1,16860.05,25447.78,64,6,0,25,2190.53
TXN004696,3,0,0,1,2,1,67626.13,101156.5,56,11,23,40,4830.05
TXN004697,4,0,0,1,2,2,94921.07,148866.89,37,8,17,40,7139.8
TXN004698,3,0,1,1,0,0,36547.78,136129.7,66,1,0,5,2609.15
TXN004699,5,1,1,1,1,2,73576.1,45399.08,58,5,5,2,5825.97
TXN004700,5,1,0,1,2,1,35410.24,117797.43,56,14,19,26,5046.31
TXN004701,0,0,1,0,0,0,30841.64,141160.86,21,11,6,40,2086.78
TXN004702,3,0,0,1,2,2,20579.51,136890.99,34,4,11,13,5583.31
TXN004703,4,0,0,0,1,0,82183.02,133836.93,32,8,2,48,4058.31
TXN004704,3,0,0,0,0,0,26110.01,120103.07,58,7,1,48,2806.86
TXN004705,2,0,0,1,2,0,28674.24,51018.81,45,8,14,49,3029.8
TXN004706,2,0,1,0,2,2,99897.49,21698.83,33,6,19,10,4936
TXN004707,4,0,0,0,1,1,33067.39,78294.71,23,4,3,16,3895.07
TXN004708,0,0,1,1,2,0,42566.06,17670.76,45,3,19,45,3588.88
TXN004709,0,0,0,1,0,0,99010.52,149786.32,49,13,18,47,4285.22
TXN004710,5,1,0,1,0,2,37245.38,60163.36,34,12,22,15,3308.69
TXN004711,5,1,1,0,1,1,36932.12,144167.59,42,7,20,42,5104.9
TXN004712,1,0,0,1,1,1,82857.59,118236.94,56,1,10,0,5290.24
TXN004713,4,0,0,1,1,2,31537.07,67580.73,34,0,19,47,4810.35
TXN004714,3,0,1,0,0,0,23761.72,26563.6,63,2,4,5,981.24
TXN004715,6,1,1,1,1,2,42609.42,43207.03,32,6,22,14,5195.12
TXN004716,4,0,1,0,2,1,70213.76,104226.24,69,0,19,32,4893.49
TXN004717,1,0,0,0,2,0,4802.68,126190.93,67,4,11,6,2777.12
TXN004718,5,1,0,1,0,0,37704.64,147121.67,68,13,15,7,3529.51
TXN004719,4,0,1,0,2,1,34951.37,28502.71,35,14,9,41,2826.44
TXN004720,4,0,1,0,1,0,24859.43,31832.63,63,4,20,29,1348.27
TXN004721,5,1,0,1,2,2,65601.59,15941.53,37,2,21,6,5923.35
TXN004722,1,0,0,1,1,1,29354.01,46451.03,40,10,5,39,2966.88
TXN004723,5,1,1,1,2,1,60869.79,124949.44,22,0,11,44,6586.29
TXN004724,0,0,1,0,0,0,50681.52,37755.96,56,4,6,13,1882.21
TXN004725,3,0,1,0,1,1,22110.39,86701.06,29,7,9,2,2676.44
TXN004726,5,1,1,1,2,2,27023.32,72497.01,34,8,15,25,5480.16
TXN004727,1,0,0,1,0,1,17474.71,55615.67,47,11,2,43,1976.9
TXN004728,2,0,0,1,2,0,6134.61,96568.5,36,12,15,33,2926.59
TXN004729,0,0,0,0,0,1,62109.25,80325.61,49,5,11,29,3447.06
TXN004730,2,0,0,1,2,0,67442.48,56866.84,33,0,7,29,4617.6
TXN004731,6,1,1,0,1,0,17017,106439.12,19,13,4,28,2470.79
TXN004732,5,1,0,1,1,2,61731.54,49195.55,29,12,16,36,5635.56
TXN004733,0,0,1,0,1,1,98217.43,100045.67,66,14,19,43,4325.78
TXN004734,3,0,0,0,1,2,7903.01,144014.42,20,4,19,24,4777.57
TXN004735,5,1,0,1,1,2,49291.9,112053.28,25,1,13,3,6467.54
TXN004736,3,0,0,0,2,1,73437.3,68575.94,54,0,23,0,3956.47
TXN004737,4,0,1,0,2,2,5077.92,114658.3,41,12,8,7,2756.54
TXN004738,2,0,0,1,2,2,77938.21,123293.85,66,2,18,1,6032.44
TXN004739,0,0,1,1,2,0,97961.37,55617.67,42,10,11,16,3811.04
TXN004740,3,0,1,0,1,2,9304.54,108718.51,42,9,10,40,3635.08
TXN004741,1,0,0,0,0,1,82311.88,70815.47,31,4,0,42,4291.82
TXN004742,3,0,1,0,1,0,38168.86,124593.15,63,8,10,48,2741.23
TXN004743,1,0,0,1,2,2,14839.56,51352.86,53,6,7,22,3814.23
TXN004744,5,1,1,0,1,2,49572.72,141286.35,32,5,19,20,5460.92
TXN004745,0,0,0,0,1,1,7616.11,90470.17,49,8,20,28,2410.7
TXN004746,3,0,1,1,1,2,52449.09,59462.46,19,13,3,4,4253.04
TXN004747,6,1,1,1,0,1,2426,68711.98,38,13,3,31,1766.72
TXN004748,3,0,0,1,1,2,72996.84,58691.81,21,5,10,20,5220.2
TXN004749,6,1,0,1,1,2,49052.98,30474.49,46,10,18,8,5030.2
TXN004750,0,0,0,1,0,1,46164.5,19588.94,66,3,3,6,2046.36
TXN004751,3,0,0,0,1,0,20021.05,55049.02,46,6,22,17,1910.43
TXN004752,1,0,1,0,1,1,36445.68,74216.66,40,12,5,14,2139.94
TXN004753,3,0,1,0,1,0,18596.01,60654.37,20,1,8,24,2968.97
TXN004754,2,0,1,1,1,0,73671.32,11948.73,38,1,10,47,3863.33
TXN004755,5,1,1,1,1,1,20303.02,91060.87,33,5,11,15,4467.8
TXN004756,4,0,0,1,2,1,61866.96,30274.31,61,12,17,19,4074.6
TXN004757,1,0,1,0,1,2,28320.95,39540.74,37,4,19,44,3574.45
TXN004758,2,0,0,1,0,2,65869.73,26904.79,52,5,8,36,3951.99
TXN004759,6,1,1,1,1,0,54275.27,82860.58,22,1,23,33,4230.77
TXN004760,5,1,0,1,2,2,42632.14,23322.3,65,1,14,4,5025.01
TXN004761,0,0,0,0,0,1,67463.58,45890.01,43,0,16,32,3472.44
TXN004762,1,0,0,1,0,0,41864.35,73239.22,24,1,8,0,2414.16
TXN004763,4,0,0,1,1,2,82226.37,33479.24,69,13,12,47,5654.61
TXN004764,5,1,0,0,2,2,73095.05,72473.79,33,10,1,48,5621.11
TXN004765,6,1,1,1,1,1,54293.58,57982.92,34,9,16,6,4598.92
TXN004766,4,0,0,1,2,1,87767.54,130483.6,19,6,17,41,6141.09
TXN004767,0,0,1,1,2,2,82971.75,121286.45,29,1,5,3,6697.56
TXN004768,0,0,1,0,1,0,53418.02,148999.64,30,2,1,3,3532.87
TXN004769,6,1,0,1,2,0,7310.55,84047.64,22,10,0,44,3961.18
TXN004770,1,0,1,1,1,1,56816.64,90555.59,33,12,4,12,3518.84
TXN004771,6,1,1,0,2,1,35848.07,142530.42,45,5,13,34,5733.44
TXN004772,3,0,1,0,0,1,54241.24,65942.91,25,5,17,42,3046.19
TXN004773,0,0,0,1,1,2,64889.48,87795.58,45,9,3,17,4920.41
TXN004774,5,1,0,0,2,2,64661.44,63071.97,63,10,13,42,5628.26
TXN004775,3,0,0,1,0,1,67515.64,86420.5,25,8,14,49,4124.46
TXN004776,2,0,0,0,0,0,68087.23,21307.3,46,11,23,45,847.89
TXN004777,4,0,1,1,0,1,11373.5,119731.17,35,10,21,10,2350.19
TXN004778,3,0,1,1,0,1,19575.38,147939.19,69,11,7,12,2677.77
TXN004779,4,0,1,1,1,0,63238.83,19203.66,61,14,20,42,2018.96
TXN004780,6,1,1,0,2,0,41113.15,122145.56,60,14,1,30,3438.71
TXN004781,3,0,1,0,0,0,76403.74,43842.87,33,1,16,38,3606.98
TXN004782,6,1,1,1,2,0,12928.47,37656.59,43,14,23,41,2753.02
TXN004783,2,0,0,1,2,2,19556.54,107071.86,39,6,16,5,5296.75
TXN004784,0,0,1,1,2,2,56067.23,16178.51,32,0,19,37,5256.16
TXN004785,2,0,1,1,1,1,50324.43,74853.51,30,5,5,49,4370.66
TXN004786,0,0,1,0,1,2,27006.52,10202.23,39,8,5,10,2738.98
TXN004787,6,1,0,0,0,1,41130.15,87615.16,38,7,18,20,3834.78
TXN004788,0,0,1,1,2,1,3980.64,74691.43,67,5,0,25,3023.55
TXN004789,4,0,1,0,1,0,4185.29,138167.56,41,12,5,14,1708.7
TXN004790,5,1,0,0,1,0,9945.24,110838.07,18,5,4,23,3239.2
TXN004791,2,0,1,0,1,2,57890.85,27640.86,46,5,3,17,3543.82
TXN004792,3,0,0,1,0,2,86439.78,59635.59,18,14,12,7,4500.75
TXN004793,2,0,0,1,1,2,26392.22,140421.17,18,7,19,40,5927.98
TXN004794,4,0,1,0,2,2,3877.01,111546.78,26,12,16,34,3662.05
TXN004795,0,0,1,0,1,0,71008.4,93198.52,38,1,12,27,5006.04
TXN004796,4,0,0,1,1,0,85607.55,88270.02,31,10,21,28,4615.72
TXN004797,1,0,1,1,0,2,14248.19,65733.79,45,8,15,46,3014.26
TXN004798,1,0,1,1,2,1,38881.9,91928.2,35,9,12,45,5077.58
TXN004799,3,0,0,0,1,0,16294.32,118033.02,50,7,22,1,1906.02
TXN004800,4,0,0,0,2,0,11082.56,27855.27,69,1,0,17,1906.42
TXN004801,6,1,1,0,2,0,64992.77,145776.29,60,13,9,0,4703.29
TXN004802,3,0,0,1,1,0,96769.88,43511.08,19,10,17,1,3555.5
TXN004803,6,1,1,1,0,2,67977.48,72683.98,68,7,22,44,4601.03
TXN004804,3,0,1,1,2,2,98489.06,13180.19,51,0,23,44,5927.95
TXN004805,1,0,1,1,1,1,43722.33,87048.43,41,5,23,13,3313.22
TXN004806,3,0,1,1,2,0,89838.04,63461.36,36,5,16,27,3771.44
TXN004807,1,0,0,0,2,2,20905.88,44965.82,19,8,16,43,4673.26
TXN004808,0,0,1,0,2,2,12231.48,147973.4,23,8,9,20,4757.13
TXN004809,6,1,0,0,1,0,70400.75,69939.76,32,4,19,19,4203.08
TXN004810,4,0,1,1,2,2,37455.13,68001.49,28,0,1,33,5124.17
TXN004811,3,0,1,0,2,2,32109.92,74834.46,33,11,9,33,4960.87
TXN004812,1,0,0,1,0,2,67292.42,26261.53,69,13,19,45,3988.53
TXN004813,2,0,1,0,1,1,33681.66,65033.46,38,10,5,38,2334.58
TXN004814,6,1,0,0,1,2,57469.54,57096.6,44,0,2,3,5059.58
TXN004815,3,0,0,1,2,0,30295.78,75117.42,39,6,9,42,4436.48
TXN004816,5,1,1,0,0,0,78483.88,129926.96,20,10,18,27,4424.9
TXN004817,0,0,1,0,2,0,31582.64,36989.96,20,10,16,38,1900.57
TXN004818,0,0,1,0,2,2,53731.92,95083.51,68,3,11,0,4499.96
TXN004819,2,0,1,0,1,1,2806.02,15269.19,38,8,20,44,1255.23
TXN004820,1,0,0,0,0,2,79277.21,54350.95,60,2,11,7,4589.92
TXN004821,3,0,1,0,2,0,62223.61,76172.07,23,14,22,15,2143.35
TXN004822,6,1,1,0,1,1,19627.59,20399.08,42,5,5,47,3823.41
TXN004823,1,0,1,1,2,1,21929.65,86155.51,58,8,11,44,4533.27
TXN004824,0,0,1,0,2,2,26618.05,53445.59,54,3,19,30,3843.09
TXN004825,1,0,1,1,0,0,57864.75,148993.4,47,4,5,6,2966.3
TXN004826,0,0,0,0,0,2,55057.48,98335.73,56,4,2,4,3328.91
TXN004827,1,0,1,1,0,0,27749.44,44184.53,37,12,2,1,1157.26
TXN004828,2,0,0,1,2,1,69559.2,24374.25,18,4,22,40,5175.8
TXN004829,4,0,1,0,0,2,88959.6,15700.77,52,1,8,47,4310.82
TXN004830,2,0,1,1,1,1,4829.79,22708.26,60,10,0,3,206.47
TXN004831,2,0,1,1,2,0,42011.07,105208.33,43,1,3,9,4139.32
TXN004832,4,0,0,0,0,1,59555.25,129698.92,38,14,11,34,2714.93
TXN004833,4,0,1,1,2,1,58850.3,31942.64,27,0,4,0,3558.79
TXN004834,3,0,0,0,2,1,2443.77,66298.82,62,13,17,38,2906.18
TXN004835,6,1,0,1,1,2,21451.32,59592.95,46,12,15,2,3905.57
TXN004836,6,1,1,1,1,0,6652.16,100232.53,20,0,9,42,4510.61
TXN004837,3,0,0,1,1,1,57112.02,35574.9,60,3,11,44,4429.77
TXN004838,2,0,1,1,2,1,64716.29,143464.7,69,2,10,25,5286.84
TXN004839,2,0,1,0,2,1,16394.35,111997.89,58,3,18,16,3590.32
TXN004840,0,0,0,0,1,1,33634.61,143710.06,60,10,4,41,3279.66
TXN004841,0,0,1,0,2,0,33315.47,48831.69,58,11,23,7,1378.65
TXN004842,6,1,1,0,1,0,82070.33,92280.19,30,14,2,29,3279.73
TXN004843,3,0,0,0,1,2,19868.61,112517.51,26,11,18,7,3471.96
TXN004844,5,1,0,1,0,0,55057.26,109533.87,63,5,5,28,3837.63
TXN004845,5,1,0,0,1,0,78402.08,12988.45,33,10,23,17,2573.55
TXN004846,3,0,0,1,0,1,83043.03,149760.48,66,0,16,23,5789.47
TXN004847,0,0,0,0,1,2,66823.33,139928.4,64,7,22,8,4334.58
TXN004848,6,1,0,0,2,2,30303.01,26765.29,45,7,12,19,4301.08
TXN004849,6,1,1,0,0,1,82393.13,86099.35,45,6,6,43,4365.26
TXN004850,0,0,0,0,2,2,74345.52,54037.9,28,11,18,12,4496.16
TXN004851,5,1,0,1,2,0,70594.68,133045.16,61,14,18,36,4934.72
TXN004852,1,0,1,0,1,2,7199.87,107652.75,47,10,11,18,3510.9
TXN004853,1,0,1,1,1,1,4804.86,41292.4,28,10,10,4,2197.91
TXN004854,0,0,0,1,2,2,69688.85,14740.56,46,3,16,35,5459.36
TXN004855,1,0,0,0,1,2,94507.08,50843.85,67,7,16,23,4975.84
TXN004856,4,0,1,1,1,2,77485.53,15339.22,29,8,17,33,4855.68
TXN004857,3,0,0,1,1,1,83231.82,29783.5,25,14,14,46,4057.64
TXN004858,3,0,0,0,2,0,54725.74,99059.33,27,4,5,7,4206.52
TXN004859,0,0,1,1,0,2,30806.32,114311.91,52,5,7,45,4728.01
TXN004860,2,0,0,0,0,0,67934.82,75522.37,69,9,10,3,2549.59
TXN004861,5,1,1,0,2,0,71341.1,94040.3,53,7,12,43,4828.25
TXN004862,0,0,0,1,1,0,67698.12,31823.91,30,4,16,37,3872.74
TXN004863,1,0,1,1,1,2,94697.55,54351.32,69,11,16,7,4127.79
TXN004864,5,1,1,1,0,0,37034.31,109803.74,44,3,17,8,3160.28
TXN004865,2,0,1,1,2,2,4445.93,61084.76,57,7,15,40,4090.85
TXN004866,1,0,0,1,2,2,90890.21,58833.57,19,13,22,47,5651.82
TXN004867,6,1,1,1,1,2,16469.66,37158.97,45,14,15,40,3881.51
TXN004868,4,0,0,1,1,0,69883.17,93275.48,51,2,3,30,4111.02
TXN004869,1,0,1,0,1,2,87383.84,123335.4,38,14,16,30,5346.48
TXN004870,4,0,1,0,2,1,31359.07,75722.3,23,5,7,39,4570.35
TXN004871,5,1,1,0,0,1,83126.32,26175.5,69,8,19,6,2666.9
TXN004872,4,0,0,1,2,1,33539.78,127371.44,56,5,6,24,4959.92
TXN004873,5,1,0,1,2,2,79528.66,19995.59,43,13,7,12,5636.32
TXN004874,5,1,1,1,2,1,7448.07,76041.83,53,8,0,4,3629.37
TXN004875,5,1,0,0,0,2,65696.68,46550.83,57,7,1,17,4607.86
TXN004876,5,1,0,0,1,2,67875.24,141084.54,35,11,12,6,6673.55
TXN004877,5,1,0,0,1,2,49396.87,113256.05,59,8,1,37,5143.35
TXN004878,1,0,1,1,2,0,68865.54,89297.26,69,9,4,41,3766.31
TXN004879,5,1,0,0,2,1,92356.78,103485.76,60,13,4,14,4916.97
TXN004880,1,0,1,0,0,2,73518.56,84581.82,56,8,5,48,4945.9
TXN004881,5,1,1,1,0,1,96148.95,30664.13,22,7,17,44,4757.65
TXN004882,4,0,1,0,1,1,45136.93,109273.82,43,8,15,32,3929.56
TXN004883,6,1,0,0,2,0,53064.93,78974.35,28,13,23,30,3420.36
TXN004884,5,1,1,0,0,1,26742,98803.3,67,6,16,8,2537.42
TXN004885,2,0,0,1,0,2,98567.37,16328.23,33,6,8,18,5610.84
TXN004886,5,1,0,0,2,2,5986.11,29884.87,36,10,20,5,2991.67
TXN004887,5,1,1,1,2,1,36182.73,92511.87,69,3,7,35,4384.27
TXN004888,4,0,1,1,2,1,30120.87,74320.05,22,0,7,31,5090.66
TXN004889,3,0,1,0,2,0,38957.92,41762.31,24,14,1,27,1580.05
TXN004890,4,0,0,0,2,2,91812.93,43706.53,20,6,8,49,6075.96
TXN004891,2,0,0,1,2,1,37119.77,98432.16,42,7,5,37,4668.86
TXN004892,3,0,1,1,0,1,91739.18,18255.38,27,11,18,9,3517.58
TXN004893,0,0,1,1,2,2,42622.22,70796.17,68,8,0,34,3942.13
TXN004894,0,0,0,1,1,1,85549.49,83234.49,22,0,18,45,6254.23
TXN004895,2,0,0,1,2,0,52414.13,53139.96,49,8,0,23,3432.1
TXN004896,4,0,1,0,1,1,31479.61,124876.98,49,14,20,33,3297.93
TXN004897,1,0,0,1,1,1,45210.3,17947.74,22,6,23,8,3664.3
TXN004898,2,0,0,0,1,0,42725.92,131209.59,60,6,12,26,3304.03
TXN004899,6,1,0,1,2,0,26361.45,111256.82,36,2,6,33,5448.26
TXN004900,3,0,0,0,2,0,29319.05,72475.61,29,0,20,14,3508.08
TXN004901,3,0,0,1,1,2,19052.17,139425.43,48,6,12,26,5243.74
TXN004902,5,1,0,0,2,1,33932.06,108313.36,34,12,17,26,4067.27
TXN004903,0,0,1,0,0,1,62628.38,140346.35,39,9,1,31,3452.32
TXN004904,3,0,0,1,0,0,38962.54,76162.57,69,7,2,44,2574.37
TXN004905,2,0,1,1,0,2,71376.16,73416.23,64,5,5,26,5064.8
TXN004906,3,0,1,0,0,0,98704.33,84303.97,67,13,12,25,3023.36
TXN004907,2,0,0,0,2,1,38021.56,19159.74,58,6,19,43,3336.86
TXN004908,1,0,1,0,1,2,46532.6,137189.2,39,8,8,16,4411.84
TXN004909,5,1,1,1,2,2,16828.96,103480.39,66,7,2,15,4399.75
TXN004910,0,0,1,1,0,1,39525.42,96461.99,43,13,21,34,3447.21
TXN004911,3,0,0,1,2,2,72819.83,139704.9,48,4,14,25,6357.28
TXN004912,2,0,1,1,2,2,22131.78,149109.2,60,11,3,37,3871.13
TXN004913,4,0,0,0,0,0,18614.38,32875.07,23,10,16,29,1740.99
TXN004914,0,0,1,1,1,2,37949.3,114859.58,29,3,16,41,5442.37
TXN004915,1,0,1,1,2,0,81955.62,91192.32,60,10,12,36,4416.8
TXN004916,2,0,1,1,2,2,62553.89,74539.61,44,3,10,13,5701.1
TXN004917,6,1,1,1,0,0,95779.15,146865.76,34,3,7,17,5026.02
TXN004918,6,1,0,1,1,0,90501.77,129036.82,27,1,2,27,6067.94
TXN004919,5,1,1,0,0,2,15538.15,107545,62,9,17,39,3582.1
TXN004920,5,1,1,1,0,0,4734,63574.66,22,9,0,15,1635.32
TXN004921,1,0,0,0,2,1,40209.93,103245.71,21,6,7,1,4800.87
TXN004922,1,0,0,1,1,1,52446.91,84437.18,56,7,8,19,4499.75
TXN004923,5,1,0,1,0,2,51799.28,44911.58,32,11,16,29,3874.73
TXN004924,3,0,1,1,2,2,13843.67,73053.39,19,6,7,8,4578.93
TXN004925,3,0,0,1,0,2,12919.33,39709.68,66,13,10,0,2861.91
TXN004926,2,0,0,0,2,1,5162.65,80058.84,25,14,0,26,1775.46
TXN004927,4,0,0,0,1,2,85160.56,110833.33,33,10,1,8,4211.08
TXN004928,2,0,0,1,0,2,94800.54,15130.47,37,9,14,19,5027.42
TXN004929,4,0,0,0,1,0,12010.66,117153.16,41,7,16,26,2440.15
TXN004930,1,0,0,0,1,2,21705.68,12799.16,52,10,14,38,2210.82
TXN004931,0,0,1,1,2,1,9441.36,82418.88,34,10,17,34,4067.91
TXN004932,2,0,0,0,0,1,87811.47,90286.74,22,8,11,32,4244.37
TXN004933,2,0,1,0,0,2,95891.52,116574.08,31,7,13,12,5078.05
TXN004934,4,0,0,1,2,1,26548.76,116544.04,31,4,11,13,4971.7
TXN004935,1,0,0,1,2,0,30706.59,68443.76,63,3,1,0,3371.96
TXN004936,1,0,0,0,1,0,36585.63,19292.15,60,4,20,49,1735.04
TXN004937,6,1,1,1,0,2,50495.14,107090.02,48,11,15,6,5001.45
TXN004938,4,0,0,1,0,2,68404.87,81538.04,37,10,18,46,5320.96
TXN004939,1,0,0,1,2,0,50686.86,56628.18,30,14,0,32,2320.27
TXN004940,5,1,0,0,2,0,95124.66,42882.33,26,12,1,38,3890.5
TXN004941,3,0,0,1,2,2,10439.4,26766.15,69,0,11,33,5269.3
TXN004942,6,1,1,1,0,1,79961.25,51319.95,51,4,3,45,5059.89
TXN004943,5,1,1,0,0,2,33781.07,74188.55,29,5,6,27,3889.78
TXN004944,0,0,1,0,1,2,38065.99,76865.28,57,12,16,6,2594.17
TXN004945,2,0,1,0,2,2,71028.53,91583.45,33,8,4,45,5209.48
TXN004946,6,1,1,0,1,2,92973.02,60745.6,18,8,1,23,5303.76
TXN004947,0,0,0,0,0,2,71761.98,138785.7,33,9,12,14,4789.44
TXN004948,2,0,0,1,1,2,77698.13,79421.75,23,13,7,23,6116.52
TXN004949,3,0,0,0,1,2,75202.53,69321.51,37,11,17,26,4740.97
TXN004950,1,0,1,1,1,1,32437.37,16743.52,23,2,3,38,3065
TXN004951,5,1,0,0,2,2,75814.58,93862.11,52,12,5,2,5872.97
TXN004952,4,0,1,1,0,0,78559.82,94401.65,58,12,8,9,2808.48
TXN004953,5,1,0,1,2,2,53573.33,91660.55,68,10,9,11,5602.39
TXN004954,3,0,1,0,1,1,53907.25,134263.57,20,7,3,40,4416.2
TXN004955,0,0,0,0,2,0,76092.22,116806.12,38,7,3,28,4715.14
TXN004956,4,0,0,0,0,2,81794.57,131436.79,24,8,6,7,4946.6
TXN004957,1,0,0,0,0,2,34050.95,18319.16,31,14,13,9,2028.3
TXN004958,3,0,0,0,1,0,80255.44,54537.7,47,0,11,16,3880.73
TXN004959,4,0,1,0,1,2,81513.8,54619.67,39,4,14,8,4244
TXN004960,3,0,0,1,2,1,23795.5,101986.31,31,4,16,41,5086.37
TXN004961,3,0,0,1,0,2,71836.6,72806.11,42,6,20,14,4886.59
TXN004962,1,0,0,1,0,1,19060.13,118846.16,20,10,20,3,2289.02
TXN004963,6,1,1,1,2,2,9758.39,63820.28,22,7,12,20,5539.58
TXN004964,2,0,0,1,0,0,57667.03,41025.06,22,10,0,6,1834.09
TXN004965,4,0,0,0,1,1,90910.89,50733.15,68,6,21,47,3705.64
TXN004966,1,0,0,0,1,2,4028.17,35545.76,59,14,12,7,1665.09
TXN004967,3,0,0,1,2,2,82736.91,37704.98,26,5,15,45,5847.39
TXN004968,1,0,0,1,2,0,50893.89,40357.45,65,3,12,19,4527.31
TXN004969,6,1,1,0,2,0,86159.1,12253.26,58,14,8,6,3465.45
TXN004970,2,0,1,0,1,1,84425.96,110252.32,55,8,22,45,4468.92
TXN004971,5,1,1,0,2,1,87591.04,65944.33,54,1,17,5,5073.33
TXN004972,4,0,0,0,0,1,77002.96,13173.99,21,5,15,8,4016.26
TXN004973,2,0,1,1,2,2,84377.74,61801.06,37,9,19,13,5273.92
TXN004974,0,0,0,1,0,2,18014.51,136751.54,38,5,11,47,4597.28
TXN004975,4,0,0,0,1,1,30733.39,81574.2,67,10,7,35,2454.19
TXN004976,2,0,0,0,0,2,24627.37,148145.28,65,3,0,28,3124.66
TXN004977,3,0,0,1,0,0,74371.62,85594.32,41,12,12,2,2794.72
TXN004978,4,0,1,1,0,2,15787.49,144791.86,24,2,21,44,4241.12
TXN004979,4,0,1,1,1,1,18631.67,38252.1,63,10,18,30,2806.87
TXN004980,1,0,1,0,0,2,87956.99,50590.87,66,13,12,23,4435.51
TXN004981,3,0,0,1,0,0,70735.28,107995.82,25,2,2,23,3815.85
TXN004982,0,0,1,0,2,1,87600.31,148155.03,28,1,0,47,5432.48
TXN004983,5,1,1,0,2,1,14365.85,125541.64,66,2,13,35,4024.59
TXN004984,6,1,0,0,2,1,40198.55,87518.74,63,3,23,34,4174.05
TXN004985,2,0,1,1,0,1,28673.54,21921.37,26,9,20,24,1584.34
TXN004986,1,0,0,1,0,2,1463.27,61013.08,23,3,0,38,3654.77
TXN004987,2,0,1,0,1,0,28810.03,22099.6,57,13,4,20,1540.56
TXN004988,0,0,1,1,0,2,38268.53,53579.39,34,9,4,14,2828.75
TXN004989,0,0,1,0,0,2,9675.85,46230.89,30,13,10,33,2144.6
TXN004990,4,0,0,1,1,1,56865.51,64397.74,62,14,18,8,3141.9
TXN004991,6,1,1,0,0,0,38625.68,127218.72,34,6,11,2,3513.06
TXN004992,0,0,1,0,1,2,5122.94,31052.73,68,3,7,9,2600.11
TXN004993,2,0,1,1,1,0,70545.9,52848.95,19,8,9,49,4700.19
TXN004994,3,0,1,1,2,0,73063.34,46556.41,47,7,17,14,3412.17
TXN004995,3,0,0,0,0,0,83529.91,51459.83,49,0,8,15,3625.02
TXN004996,4,0,0,1,2,0,48811.29,60487.29,67,9,10,12,3153.01
TXN004997,5,1,1,0,0,2,96881.55,44203.64,53,0,4,43,4718.92
TXN004998,2,0,1,0,2,0,91449.38,141961.38,24,12,23,43,4644.25
TXN004999,2,0,1,0,1,2,55359.49,68814.24,33,5,12,0,4914.71
TXN005000,0,0,0,0,1,0,44772.72,25975.86,36,3,12,46,3179.21
TXN005001,6,1,1,0,1,0,801.93,75472.21,32,9,23,32,1693.72
TXN005002,2,0,1,0,1,2,71243.96,35820.47,31,5,3,7,3382.68
TXN005003,1,0,0,0,0,1,56712.97,40258.29,62,8,16,15,2771.08
TXN005004,5,1,0,0,0,2,93785.64,49905.8,69,9,13,47,4279.06
TXN005005,0,0,0,1,2,0,59626.1,27466.38,24,4,8,34,4615.88
TXN005006,1,0,1,1,0,2,99289.18,110956.65,64,7,21,13,4653.2
TXN005007,4,0,0,0,0,0,85455.02,120872.51,50,1,1,40,3457.07
TXN005008,3,0,0,0,2,2,95382.99,65199.89,51,7,3,26,4815.42
TXN005009,4,0,1,0,1,2,33102.45,106458.96,41,7,10,43,3691.75
TXN005010,3,0,0,1,2,2,15358.93,64453.6,52,1,9,47,5253.46
TXN005011,4,0,1,0,2,1,79788.78,32970.83,38,6,4,0,3723.69
TXN005012,2,0,1,0,1,2,78726.61,65603.53,41,7,15,38,4658.88
TXN005013,1,0,0,0,2,2,21539.17,87978.24,54,6,5,49,4873.46
TXN005014,3,0,1,1,2,1,76592.09,15739.2,33,5,4,42,4583.19
TXN005015,0,0,0,1,2,1,58406.35,101627.81,34,2,12,29,6060.64
TXN005016,1,0,0,1,0,0,11397.75,113965.12,46,10,8,34,1880.13
TXN005017,0,0,0,0,1,0,50427.47,130395.84,35,10,9,9,3030.75
TXN005018,1,0,1,0,1,2,93148.23,24387.88,65,2,1,30,4685.25
TXN005019,1,0,0,1,2,0,50892.53,10013.1,28,7,14,11,3856.66
TXN005020,4,0,1,0,0,2,78975.55,20257.29,20,3,11,39,4460.54
TXN005021,3,0,1,1,1,1,3376.54,139376.35,59,12,11,34,3094.86
TXN005022,3,0,1,1,1,1,72944.1,117177.8,35,14,2,33,3616.17
TXN005023,6,1,0,0,2,2,94710.32,126960.99,33,9,14,38,6961.96
TXN005024,1,0,1,0,2,0,50203.01,82381.93,58,7,18,31,3272.87
TXN005025,2,0,1,0,2,0,34102.14,83740.78,18,14,12,11,1736.32
TXN005026,2,0,0,0,1,0,64841.73,51790.78,60,13,2,44,2832.76
TXN005027,0,0,0,1,2,2,91667.99,127985.43,60,12,12,27,6818.75
TXN005028,0,0,1,1,2,0,18088.58,126167.74,44,9,21,18,3524.81
TXN005029,4,0,1,1,2,1,40667.57,64903.99,48,5,23,23,3953.23
TXN005030,1,0,0,1,0,1,16050.88,56097.39,62,2,4,19,2815.18
TXN005031,0,0,1,1,2,1,49917.1,113372.26,45,11,10,21,4643.18
TXN005032,0,0,1,1,1,1,54271.99,13663.54,57,9,21,10,2480.65
TXN005033,5,1,1,0,2,1,94448.26,130392.85,68,1,16,27,7170
TXN005034,1,0,1,1,1,1,41545.26,72474.72,44,0,18,44,4320.25
TXN005035,4,0,0,0,0,1,56912.18,71788.19,26,11,19,39,2870.86
TXN005036,0,0,1,0,0,1,88583.63,103670.9,55,3,22,19,3502.19
TXN005037,4,0,0,1,2,1,32479.8,100404.91,53,7,11,4,4109.36
TXN005038,3,0,1,1,1,2,67579.3,47236.37,58,3,4,39,5097.57
TXN005039,4,0,0,0,2,2,75837.6,142059,44,7,16,6,5609.72
TXN005040,2,0,1,0,2,1,33387.56,148086.2,64,12,18,21,3428.27
TXN005041,2,0,0,1,1,1,16851.95,83638.46,67,7,10,36,4117.96
TXN005042,4,0,1,1,1,1,50539.5,88593.31,43,10,1,40,3890.05
TXN005043,2,0,0,0,1,0,36001.77,87604.51,44,0,5,28,2781.55
TXN005044,3,0,1,1,1,2,27013.01,78010.24,21,12,20,11,4112.67
TXN005045,1,0,1,1,1,1,97355.42,142326.19,68,5,2,28,4503.8
TXN005046,2,0,0,1,0,2,50464.23,44265.34,65,10,14,35,3231.48
TXN005047,2,0,0,1,0,1,85719.53,25114.14,55,14,17,34,3179.89
TXN005048,4,0,0,1,0,0,19934.08,140136.62,29,9,16,42,3347.22
TXN005049,3,0,0,0,1,1,93974.56,39825.36,64,7,14,21,3877.9
TXN005050,6,1,0,1,1,2,79545.93,114881.75,32,7,1,17,6400.3
TXN005051,6,1,1,1,1,2,80964.87,38542.26,64,0,4,21,5604.06
TXN005052,6,1,0,0,2,2,39281.61,144426.04,65,7,4,18,4756.16
TXN005053,6,1,0,0,0,2,48820.88,120757.05,47,12,8,33,4627.73
TXN005054,1,0,1,1,0,1,59538.76,138620.54,31,8,5,8,3353.74
TXN005055,4,0,0,1,2,0,79081.67,143137.87,25,10,18,9,4974.27
TXN005056,4,0,0,0,2,0,84981.15,21819.41,45,13,9,18,2561.67
TXN005057,5,1,0,1,0,1,8265.51,70674.44,48,5,18,37,3988.98
TXN005058,3,0,1,1,1,1,90454.21,100734.05,19,12,18,8,5108.29
TXN005059,6,1,0,1,0,2,93780.92,122343.85,32,6,15,27,6132.44
TXN005060,1,0,1,0,1,1,59492.3,43806.04,57,5,11,29,2526.15
TXN005061,3,0,1,1,0,0,19081.69,138044.68,60,4,23,24,2156.93
TXN005062,6,1,0,1,0,1,81932.28,40936.69,65,0,8,17,5539.76
TXN005063,1,0,1,0,2,1,55084.47,131264.7,25,1,2,25,4796.73
TXN005064,3,0,0,1,2,0,81811.05,81779.76,22,9,16,18,4543.35
TXN005065,4,0,0,1,1,0,81573.41,82159.1,69,1,23,26,3507.75
TXN005066,4,0,0,1,1,1,9129.57,62360.79,21,10,9,35,3690.59
TXN005067,0,0,0,1,0,2,60898.63,24490.73,29,8,17,3,4552.83
TXN005068,2,0,0,0,2,2,48572.86,58592.61,27,5,6,48,4339.63
TXN005069,6,1,1,0,1,2,94638.89,69743.14,21,2,6,25,6307.73
TXN005070,5,1,1,1,1,0,30015.81,77062.95,68,2,8,44,5008.91
TXN005071,3,0,1,1,1,0,20997.01,113473.34,27,13,15,2,2277.42
TXN005072,5,1,1,1,0,2,89760.14,59289.82,46,9,23,35,4876.8
TXN005073,0,0,0,1,1,1,15297.2,66923,45,9,10,6,3131.33
TXN005074,2,0,0,0,1,1,68808.69,136853.8,46,1,8,9,4751.31
TXN005075,3,0,1,0,2,1,30351.97,115359.42,36,6,0,44,3979.46
TXN005076,1,0,0,0,2,0,57000.65,13199.81,68,13,11,3,2797.63
TXN005077,6,1,1,1,2,0,61813.83,123692.43,60,0,2,6,4351.37
TXN005078,2,0,1,1,0,2,42028.24,148592.15,30,0,19,21,4817.73
TXN005079,4,0,1,1,2,1,97509.02,141567.48,51,13,18,29,5924.33
TXN005080,0,0,1,0,2,0,13617.4,127033.83,63,9,7,21,2717.81
TXN005081,2,0,0,0,2,0,39444.21,98084.32,37,2,6,28,4014.41
TXN005082,6,1,0,0,2,2,43324.34,48946.9,35,0,4,10,5764.57
TXN005083,2,0,1,0,1,1,63289.17,101620.29,65,12,4,15,2940.44
TXN005084,6,1,1,0,0,0,41022.35,107382.95,53,10,19,43,2941.75
TXN005085,4,0,1,1,1,0,10155.08,49418.14,18,13,4,5,1377.11
TXN005086,3,0,1,1,1,0,94769.28,45746.15,43,2,11,36,4326.64
TXN005087,1,0,1,1,0,0,41899.87,65569.34,20,14,20,12,1735.6
TXN005088,4,0,0,0,1,1,34596.04,99760.58,61,11,19,32,2811.59
TXN005089,1,0,1,1,2,2,44948.85,51028.72,20,8,4,46,5096.79
TXN005090,3,0,1,1,0,1,22051.27,87793.31,38,6,22,7,2648.01
TXN005091,2,0,0,0,1,2,10472.06,135893.24,35,12,6,10,2831.91
TXN005092,1,0,0,0,1,0,15283.56,51314.05,48,8,0,32,1217.5
TXN005093,0,0,0,0,2,1,17082.16,145236.32,53,6,18,32,4132.29
TXN005094,0,0,0,1,1,2,20168.51,76268.72,66,10,1,43,4143.11
TXN005095,6,1,0,0,1,2,42286.04,24127.17,61,13,11,47,3987.3
TXN005096,4,0,0,1,1,0,62577.98,17705.52,69,8,9,39,3082.19
TXN005097,3,0,0,1,0,2,63074.34,57414.43,48,10,15,26,4239.93
TXN005098,6,1,0,0,0,2,509.71,46226.25,25,12,10,45,3921.33
TXN005099,4,0,0,1,1,2,92135.29,128119.87,42,2,17,38,6320.97
TXN005100,4,0,1,0,1,0,82373.29,113269.38,66,6,11,17,3191.19
TXN005101,6,1,0,0,2,1,96411.83,133836.48,63,5,8,44,6255.84
TXN005102,5,1,1,1,0,0,36318.64,92495.49,37,1,20,31,3796.93
TXN005103,4,0,1,1,0,2,66647.53,70964.01,28,5,21,44,4000.07
TXN005104,5,1,1,1,0,2,17218.06,47879.51,57,2,6,40,4899.22
TXN005105,0,0,1,0,1,1,81794.79,91635.24,18,1,6,23,4908.46
TXN005106,0,0,1,1,2,2,16556.09,96523.47,38,4,12,21,5240.51
TXN005107,4,0,1,0,2,1,32935.58,65012.66,34,4,19,49,4634.76
TXN005108,0,0,1,0,1,2,49338.07,141123.36,69,10,12,2,3890.39
TXN005109,3,0,1,1,1,2,59655.9,99593.64,45,1,19,2,5476.45
TXN005110,5,1,0,1,2,0,56183.49,127247.37,35,2,4,13,5829.06
TXN005111,5,1,1,1,2,0,10658.55,96854.7,46,7,13,31,4682.48
TXN005112,4,0,1,1,0,1,42456.76,54315.15,27,14,15,8,2813.78
TXN005113,0,0,1,0,1,0,92329.47,113126.68,26,4,12,15,4044.19
TXN005114,1,0,1,1,0,1,87300.67,42235.63,51,7,11,24,4002.97
TXN005115,6,1,0,0,2,0,59282.96,93525.31,37,9,0,4,3392.19
TXN005116,6,1,1,1,0,1,57446.3,66331.29,48,3,7,12,4200.39
TXN005117,5,1,0,1,2,2,11611.68,30983.88,20,3,7,30,5571.63
TXN005118,4,0,0,1,2,1,20425.82,67853.68,18,12,22,20,3372.74
TXN005119,4,0,1,0,0,0,25637.65,53439.32,50,5,21,39,974.59
TXN005120,3,0,1,1,1,1,49075.47,25711.09,67,9,14,8,2000.84
TXN005121,2,0,0,0,0,0,73269.93,125335.95,25,10,2,20,2987.34
TXN005122,2,0,1,1,0,2,46342.17,79801.56,35,13,7,8,3636.91
TXN005123,5,1,1,1,1,0,13043.07,58489.88,47,13,22,9,2171.24
TXN005124,6,1,0,0,1,2,44215.21,80694.99,50,14,23,40,4828.64
TXN005125,3,0,0,0,0,2,16682.01,115641.64,39,4,17,43,3370.59
TXN005126,3,0,1,1,2,0,75239.16,12561.36,34,4,23,11,3896.66
TXN005127,3,0,1,1,0,2,17066.84,86545.25,59,8,6,10,4093.6
TXN005128,5,1,1,0,2,0,48512.13,77081.11,26,5,21,19,4571.57
TXN005129,2,0,0,1,1,1,69494.65,135029.83,39,13,11,49,4955.45
TXN005130,6,1,1,0,1,2,23205.71,87836.03,27,14,14,38,4393.68
TXN005131,3,0,0,1,2,1,8065,29225.2,50,2,7,32,3480.06
TXN005132,6,1,0,0,0,1,56548.3,64415.65,65,10,15,6,3069.72
TXN005133,0,0,1,0,1,0,5893.17,96949.71,56,3,4,0,2356.68
TXN005134,4,0,0,0,2,0,58982.98,16430.73,20,8,4,13,3093.6
TXN005135,4,0,1,0,2,2,75473.1,133850.87,34,5,8,44,6371.95
TXN005136,6,1,1,0,0,0,33266.94,19489.53,26,10,12,20,1551.03
TXN005137,1,0,0,1,2,1,49090.77,14282.76,64,13,14,44,3075.32
TXN005138,1,0,1,1,2,1,92911.8,10282.18,57,7,7,48,5107.95
TXN005139,5,1,0,1,0,1,47375.33,105724.23,53,10,11,7,4508.42
TXN005140,5,1,0,1,1,2,99657.13,73828.81,36,6,19,16,6487.07
TXN005141,4,0,1,1,1,0,16121.74,24394.48,51,11,8,44,2530.94
TXN005142,0,0,1,1,1,1,71038.92,129869.19,19,0,14,48,6226.79
TXN005143,2,0,1,1,2,2,65435.55,38380.84,62,0,14,14,5052.49
TXN005144,2,0,1,1,2,0,87294.33,55685.38,44,9,12,1,3177.51
TXN005145,5,1,0,1,0,0,9698.1,34881.01,36,13,14,12,2382.07
TXN005146,0,0,0,0,2,1,28380.56,139745.88,50,6,21,28,3872.31
TXN005147,5,1,0,0,2,2,13651.83,116129.35,43,12,4,27,4638.8
TXN005148,2,0,1,1,1,1,93342.96,111353.48,64,1,9,7,5196.71
TXN005149,6,1,0,0,2,1,42950.21,16159.44,51,8,22,34,4282.94
TXN005150,5,1,0,1,2,2,91051.55,83178.24,45,13,11,23,7024.93
TXN005151,3,0,1,0,2,1,29793.5,90563.34,33,11,16,6,3133
TXN005152,6,1,1,0,0,2,13073.63,63552.92,39,9,8,27,3327.73
TXN005153,5,1,1,0,2,2,30005.46,55045.88,45,11,4,21,4225.8
TXN005154,4,0,0,1,0,1,59918.85,129272,31,8,8,25,5038.32
TXN005155,5,1,1,1,1,1,84600.64,13222.32,23,13,4,16,4227.42
TXN005156,4,0,0,1,2,0,38846.37,97549.68,28,11,22,37,3332.58
TXN005157,0,0,0,1,0,0,91523.46,65194.57,63,1,13,5,3435.46
TXN005158,2,0,0,0,1,2,24801.09,103233.1,37,8,6,10,3804.1
TXN005159,6,1,0,1,2,2,69507.3,37708.46,53,8,8,37,5707.91
TXN005160,6,1,0,0,0,2,73703.48,43412.31,66,9,11,1,4369.77
TXN005161,1,0,1,1,0,0,27759.31,92159.53,33,5,4,31,2717.99
TXN005162,1,0,0,0,1,1,3183.5,147191.4,23,4,6,25,4231.89
TXN005163,2,0,1,0,2,1,36841.12,146455.7,25,9,4,30,4027.6
TXN005164,1,0,0,0,2,0,4997.02,44857.34,62,1,19,31,2826.45
TXN005165,6,1,0,0,2,1,90125,24329.14,53,5,16,34,6020.41
TXN005166,5,1,1,1,0,1,95375.76,92648.05,65,10,10,1,4703.49
TXN005167,0,0,0,1,2,1,73670.3,68797.57,66,8,4,2,5255.46
TXN005168,0,0,0,0,0,0,72805.12,116636.14,21,2,3,32,4242.23
TXN005169,2,0,1,1,0,2,24468.82,83917.72,65,2,0,6,2866.79
TXN005170,1,0,1,1,1,1,7855.59,81482.15,51,10,0,20,3319.7
TXN005171,5,1,0,0,0,1,80309.41,100504.38,37,3,13,47,5439.15
TXN005172,0,0,0,1,1,2,56136.61,27698.58,41,14,20,24,4349.55
TXN005173,0,0,0,1,1,1,68321.94,104802.64,62,9,8,15,4695.87
TXN005174,3,0,1,1,2,1,78074.29,78392.76,20,10,0,22,4466.77
TXN005175,3,0,0,0,1,2,41238.71,124820.59,45,11,7,16,4701.52
TXN005176,6,1,1,1,2,0,14882.39,29418.96,47,3,12,32,3862.18
TXN005177,0,0,1,0,1,0,79606.16,52104.59,46,14,8,17,2292.6
TXN005178,2,0,0,0,0,1,45649.68,143034.49,38,0,14,38,4504.86
TXN005179,4,0,1,0,2,1,82778.96,87430.2,59,1,10,22,4502.35
TXN005180,4,0,0,1,0,2,44051.07,140102.14,44,5,3,8,5043.7
TXN005181,5,1,0,1,2,2,22093.13,106464.91,67,4,7,2,5447.61
TXN005182,0,0,1,1,0,1,17515,139700.39,42,9,12,47,3661.36
TXN005183,0,0,1,0,1,1,74520.21,54495.68,20,3,16,34,4263.42
TXN005184,6,1,1,1,2,0,57701.47,22674.73,18,9,3,23,4148.74
TXN005185,0,0,1,0,2,0,40757.99,122313.85,40,8,9,5,3198.06
TXN005186,2,0,1,1,2,0,49465.62,122625.63,60,1,1,18,3803.22
TXN005187,3,0,1,0,1,0,55189.04,96635.75,22,14,14,13,2706
TXN005188,0,0,0,1,0,2,24321.94,91139.83,48,11,19,2,3444.41
TXN005189,0,0,0,1,1,0,38127.48,138087.14,42,7,17,5,3263.72
TXN005190,6,1,0,1,1,0,29594.94,34709.79,52,14,13,16,2810.01
TXN005191,1,0,1,0,1,1,39148.17,96315.32,60,11,2,35,3024.1
TXN005192,6,1,1,0,0,0,50305.94,16967.89,18,10,0,21,2668.71
TXN005193,6,1,1,1,1,1,17749.08,29721.09,32,3,2,3,2739.18
TXN005194,2,0,0,0,2,1,39654.75,71218.13,56,8,22,9,3426.37
TXN005195,5,1,0,0,1,0,38856.7,124969.03,41,3,12,31,4529.14
TXN005196,0,0,1,0,0,0,28957.38,112638.58,51,1,7,46,2413.74
TXN005197,6,1,1,1,2,1,99850.38,146369.01,64,13,21,48,5984.5
TXN005198,6,1,1,1,0,2,7825.94,16278.81,35,13,16,48,2953.41
TXN005199,1,0,1,1,1,1,64473.64,63389.31,42,5,22,42,3478.47
TXN005200,6,1,0,0,0,2,17856.64,32230.71,53,12,15,3,3028.56
TXN005201,4,0,0,1,2,2,84032.64,15174.58,18,11,15,12,6060.7
TXN005202,5,1,0,0,0,0,91462.56,47015.66,26,13,11,18,3615.47
TXN005203,0,0,1,0,2,0,40447.06,44226.06,58,8,18,45,2569.83
TXN005204,0,0,0,1,2,0,82436.11,68803.88,48,6,15,42,4602.33
TXN005205,1,0,1,1,1,0,25365.99,29611.37,39,0,14,37,2691.3
TXN005206,2,0,1,1,1,1,14436.82,78399.46,55,13,8,47,2881.45
TXN005207,0,0,1,0,2,2,31929.89,138813.77,63,8,15,25,4150.02
TXN005208,4,0,0,0,0,1,34496.56,114746.45,58,5,1,29,3191.63
TXN005209,0,0,0,1,2,2,40037.08,127904.83,19,8,9,42,5893.77
TXN005210,4,0,1,0,1,1,37609.41,122662,58,1,11,30,3676.43
TXN005211,5,1,0,1,0,2,41408.87,64547.69,62,10,17,37,5498.93
TXN005212,5,1,1,1,2,0,71148.32,109254.55,69,6,17,11,5450.06
TXN005213,3,0,1,1,1,2,24935.22,115595.87,37,7,3,18,3721.65
TXN005214,3,0,1,1,2,0,2348.27,38790.73,40,7,1,22,1536.98
TXN005215,4,0,0,1,2,2,49223.21,130436.73,29,4,6,49,6410.87
TXN005216,2,0,0,1,2,1,45104.98,74084.64,27,6,18,45,4898.59
TXN005217,0,0,1,0,0,2,6476.47,12290.36,49,13,10,40,1518.92
TXN005218,6,1,0,0,1,1,13813.24,100073.78,22,6,12,9,4701.7
TXN005219,0,0,0,1,1,1,51237.13,104746.83,61,2,19,14,4581.42
TXN005220,3,0,0,1,2,0,23857.7,87246.72,46,10,16,49,3584.85
TXN005221,6,1,0,0,2,2,87821.03,39738.14,50,10,9,16,5425.58
TXN005222,4,0,1,0,2,1,17742.6,77518.92,40,1,15,12,3204.4
TXN005223,6,1,0,1,0,2,2502.2,66017.84,53,14,19,23,3095.41
TXN005224,0,0,1,1,1,0,45032.6,146456.05,30,14,15,15,2999.89
TXN005225,0,0,1,0,2,0,98623.23,125454.98,67,4,19,38,4068.28
TXN005226,2,0,0,1,1,2,63570.32,116665.94,19,3,19,37,6564.28
TXN005227,1,0,1,0,2,1,35725.96,35350.32,28,7,15,29,3745.08
TXN005228,6,1,1,1,1,1,2178.37,56345.6,45,11,18,44,3187.17
TXN005229,3,0,0,0,2,1,48752.37,63159.66,42,13,12,43,4303.73
TXN005230,3,0,1,1,0,2,21043.37,78967.85,53,4,22,14,3436.66
TXN005231,1,0,1,1,2,1,64951.53,14231.43,35,12,19,3,2984.16
TXN005232,0,0,0,1,2,1,58509.35,93021.29,56,8,10,43,4527.23
TXN005233,2,0,0,0,2,1,26888.77,60099.92,26,6,11,9,3806.18
TXN005234,2,0,0,1,2,0,7353.83,88634.8,19,10,16,39,3643.83
TXN005235,3,0,0,0,2,1,75624.41,11256.97,53,0,14,45,4207.96
TXN005236,2,0,0,0,1,2,58753.68,55000.64,63,1,2,45,4154.82
TXN005237,5,1,1,0,1,2,84291.56,117613.25,34,7,8,31,6433.22
TXN005238,1,0,1,0,0,1,26350.1,80151.42,50,9,9,20,2791.87
TXN005239,0,0,0,1,2,2,65459.78,120444.23,52,12,11,28,5842.4
TXN005240,5,1,0,1,1,2,12308.71,107854.45,50,7,21,29,4972.22
TXN005241,1,0,1,1,1,1,29535.09,129688.88,49,1,23,6,3592.16
TXN005242,4,0,0,0,2,0,65825.64,11042.1,37,12,8,41,3521.83
TXN005243,6,1,0,1,2,1,82645.34,46585.57,47,6,23,28,5666.12
TXN005244,3,0,1,0,0,2,32432.09,86832.24,39,7,4,9,2600.53
TXN005245,2,0,1,0,0,2,79985.93,141742.53,42,3,21,49,5354.99
TXN005246,4,0,1,0,1,1,67936.37,105170.63,62,2,1,21,3355.06
TXN005247,2,0,0,1,0,2,35193.14,73922.43,63,14,12,16,2972.37
TXN005248,5,1,1,0,1,0,87701.5,28219.79,61,9,10,17,3177.35
TXN005249,0,0,0,1,0,1,51168.29,79050.15,28,8,8,45,3719.66
TXN005250,0,0,1,1,2,2,65000.56,71752.18,67,1,21,4,4740.64
TXN005251,0,0,0,1,0,0,49815.32,118982.06,51,13,7,38,2431.47
TXN005252,2,0,0,0,1,2,45545.64,67868.81,45,2,22,16,3760.13
TXN005253,4,0,0,1,0,0,84873.78,54637.33,52,7,14,33,3360.64
TXN005254,0,0,1,0,1,2,29823.09,22560.76,21,1,15,3,3076.53
TXN005255,4,0,1,0,1,1,4144.61,16510.15,26,4,9,40,2639.05
TXN005256,2,0,1,0,0,2,88038.37,71478.82,60,9,1,7,2514
TXN005257,5,1,0,0,0,1,82589.88,58560.68,39,11,14,25,4044.94
TXN005258,4,0,1,1,1,0,36972.77,87745.38,42,7,17,24,3316.39
TXN005259,5,1,1,1,2,0,18952.39,109669.98,38,6,12,35,5018.61
TXN005260,2,0,0,1,0,2,67715.6,15600.95,42,3,4,42,4220.42
TXN005261,2,0,0,1,1,1,8336.71,79470.4,58,9,18,38,3566.78
TXN005262,3,0,1,0,2,1,42663.6,130676.07,34,8,0,10,3313.05
TXN005263,2,0,1,0,1,0,9043.3,73723.32,32,1,2,2,2640.13
TXN005264,2,0,1,0,0,0,59992.01,82973.91,58,12,22,43,1035.66
TXN005265,1,0,0,0,1,2,3207.23,78150.86,24,12,9,39,2987.86
TXN005266,0,0,1,1,1,0,63109.22,64571.01,49,6,14,27,3552.31
TXN005267,3,0,0,1,1,0,67483.95,25416.73,25,6,15,38,3304.3
TXN005268,6,1,0,0,0,1,48970.88,27689.87,20,14,3,24,2488.1
TXN005269,3,0,1,0,2,1,17913.23,35072.49,50,6,23,21,2415.15
TXN005270,3,0,1,0,2,1,10588.7,120959.05,53,6,21,12,3102.82
TXN005271,6,1,0,0,2,0,31672.59,48546.52,34,4,19,3,3529.89
TXN005272,1,0,0,1,2,2,46788.06,142737.33,18,0,2,27,6443.27
TXN005273,5,1,1,0,0,2,64399.73,123423.82,53,3,4,18,4027.74
TXN005274,2,0,1,1,1,0,624.39,105835.69,57,4,2,2,2060.28
TXN005275,0,0,1,1,2,2,71250.86,110855.11,34,12,7,26,5314.17
TXN005276,4,0,0,0,2,0,71414.84,16668.51,61,9,5,10,2472.1
TXN005277,6,1,0,0,0,2,44731.51,89574.51,65,3,14,5,3994.31
TXN005278,5,1,1,1,1,0,34668.94,141747.97,54,12,5,47,4205.13
TXN005279,6,1,0,1,1,1,84309.7,15475.43,42,6,22,30,5061.67
TXN005280,2,0,0,0,2,2,78566.45,50742.31,42,12,6,28,4232.82
TXN005281,1,0,1,1,2,1,98335.97,17211.61,30,1,7,7,5275.6
TXN005282,6,1,0,0,1,1,37507.12,89763.82,30,1,15,10,5481.35
TXN005283,2,0,1,0,0,2,90729.84,26268.09,29,10,20,8,3403.32
TXN005284,2,0,1,1,1,0,9196.49,77095.02,49,1,12,30,2179.18
TXN005285,1,0,0,1,1,1,41440.87,110792.92,52,9,4,0,3448.56
TXN005286,3,0,0,0,2,1,46804.72,33021.39,45,2,21,6,3562.1
TXN005287,3,0,1,0,0,0,44366.99,115751.02,61,4,19,9,3006.3
TXN005288,0,0,0,1,0,0,62697.27,18428.62,69,13,1,8,799.57
TXN005289,0,0,1,1,0,2,17435.68,30947.43,37,9,13,12,2824.23
TXN005290,3,0,0,1,2,2,86711.99,49215.45,45,8,17,26,5344.43
TXN005291,5,1,0,1,0,0,55400.52,121453.87,48,2,17,17,4979.24
TXN005292,4,0,0,0,0,1,90468.85,129019.16,41,5,17,15,4368.04
TXN005293,2,0,1,0,2,0,761.85,40853.17,69,5,14,3,451.14
TXN005294,4,0,0,0,1,2,63183.82,23409.74,28,10,4,29,3630.47
TXN005295,2,0,1,1,0,1,41539.56,128713.53,59,5,1,37,3348.09
TXN005296,3,0,1,1,1,1,50757.36,100911.44,33,4,22,19,4219.45
TXN005297,0,0,1,0,0,2,74508.55,32099.76,55,13,10,40,3273.84
TXN005298,5,1,0,1,1,1,23101.6,88080.35,34,13,19,11,4190.73
TXN005299,0,0,1,1,1,0,20887.49,132132,62,1,9,27,3514.67
TXN005300,4,0,1,1,2,2,70449.28,19732.09,67,0,4,43,5280.16
TXN005301,0,0,0,1,2,1,52375.89,21720.97,61,4,1,0,3534.61
TXN005302,3,0,1,1,0,2,23747.09,48305.09,22,7,11,8,3286.94
TXN005303,5,1,1,1,0,1,48659.85,101316.73,37,9,16,41,4753.63
TXN005304,4,0,0,0,2,0,46226.06,34921.19,65,4,21,48,3217.41
TXN005305,5,1,1,0,0,2,69298.72,124291.41,52,13,4,32,4451.4
TXN005306,2,0,0,0,0,1,764.78,115060.22,65,2,20,0,2039.23
TXN005307,0,0,1,0,2,0,58882.65,88540.68,60,2,17,41,3355.05
TXN005308,5,1,1,1,1,0,60764.98,26249.48,31,1,15,8,4364.77
TXN005309,1,0,0,0,0,0,74678.26,148350.78,43,6,7,21,3250.67
TXN005310,0,0,1,0,2,1,88978.43,78604.71,62,12,3,8,3624.39
TXN005311,2,0,1,0,0,1,44298.88,73290.24,60,13,3,4,1566.33
TXN005312,5,1,1,0,0,0,34580.76,149379.67,63,1,23,1,3307.23
TXN005313,4,0,0,1,2,0,10680.88,130941.56,59,5,3,13,3912.91
TXN005314,2,0,0,1,2,0,34015.17,73891.48,41,11,16,11,2043.97
TXN005315,1,0,0,0,0,0,7314.22,68632.42,48,7,19,28,1247.01
TXN005316,5,1,0,0,0,0,80380.61,23427.31,35,7,9,15,2496.52
TXN005317,6,1,0,1,1,1,80797.11,139711.64,56,1,0,47,6687.69
TXN005318,6,1,1,1,1,2,42015.15,128128.48,67,5,21,8,5217.31
TXN005319,3,0,0,0,2,2,26334.3,53400.35,39,11,17,31,4336.36
TXN005320,0,0,0,1,0,2,12243,115464.98,38,2,14,23,4672.77
TXN005321,4,0,0,1,2,1,85198.1,116782.12,51,8,9,19,5126.66
TXN005322,3,0,1,0,2,2,87810.78,41907.5,42,2,15,19,4953.23
TXN005323,5,1,1,1,0,2,26995.82,95911.77,57,0,3,41,4880.32
TXN005324,6,1,0,0,1,2,62365.17,45704.03,64,12,23,42,4347.16
TXN005325,6,1,1,0,2,2,26236.04,120584.05,47,8,17,4,4958.27
TXN005326,6,1,1,1,2,0,22900.1,31533.36,23,12,20,19,3124.34
TXN005327,5,1,1,1,0,1,2610.2,103646.84,62,7,10,15,3195.7
TXN005328,6,1,1,1,1,2,57927.36,55641.64,42,11,7,18,5421.95
TXN005329,2,0,0,1,1,0,15419.18,15065.49,22,12,0,11,1327.47
TXN005330,5,1,0,1,0,2,1730.93,27318.65,46,1,21,16,3842.17
TXN005331,4,0,1,1,2,2,10932.69,101685.88,39,9,1,33,4168.69
TXN005332,3,0,1,0,0,2,31720.03,43588,20,13,20,26,2204.28
TXN005333,4,0,1,1,0,2,67081.74,98344.95,64,9,16,40,4345.01
TXN005334,1,0,1,0,1,2,20660.99,68075.1,47,2,19,25,3761.5
TXN005335,6,1,0,1,2,0,88815.26,106979.88,41,6,18,49,6476.63
TXN005336,1,0,1,1,2,2,29204.6,79012.81,58,5,9,33,5231.54
TXN005337,0,0,0,1,1,0,33457.02,53196.59,34,7,20,20,2703.01
TXN005338,0,0,1,1,2,2,22188.73,30414.69,66,9,7,41,3902.23
TXN005339,1,0,0,1,2,1,25753.63,57753.76,62,12,20,40,3150.01
TXN005340,5,1,1,0,0,0,7876.44,98885.17,67,4,8,2,2411.02
TXN005341,4,0,0,0,0,2,29829.67,113666.29,37,4,9,40,3920.33
TXN005342,1,0,0,0,0,0,86031.94,32447.55,43,1,19,35,3228.97
TXN005343,0,0,0,1,2,2,68998.24,102998.14,22,5,4,28,6601.54
TXN005344,1,0,1,1,2,2,87589.19,35099.13,30,11,8,44,5533.06
TXN005345,5,1,0,1,2,0,10933.47,41054.71,56,11,10,18,3369.22
TXN005346,1,0,1,0,2,2,45833.85,84384.41,21,10,17,20,4316.41
TXN005347,4,0,0,0,1,2,23310.86,50488.32,62,12,20,11,1839.53
TXN005348,3,0,0,1,1,2,72260.95,102623.36,34,12,23,43,4727.01
TXN005349,5,1,1,0,2,2,97038.66,143808.73,57,10,0,22,5926.6
TXN005350,0,0,0,1,0,2,81628.27,30844.91,52,4,15,46,4740.39
TXN005351,4,0,1,1,0,2,4010.18,89871.52,48,8,19,27,3278
TXN005352,1,0,1,0,1,0,32007.64,139261.89,33,13,23,11,1282.16
TXN005353,1,0,1,0,1,1,3343.68,34714.06,51,2,9,1,1334.02
TXN005354,3,0,1,0,2,2,4496.61,61359.13,49,14,17,29,3136.54
TXN005355,0,0,0,0,2,0,8411.77,27306.36,50,4,0,11,1386.64
TXN005356,0,0,0,1,2,1,27994.53,99885.28,25,2,5,38,5222.3
TXN005357,2,0,1,1,2,0,30768.18,103680.01,47,8,21,38,3108.75
TXN005358,0,0,0,0,2,1,40345.12,102985.52,20,8,0,17,3872.65
TXN005359,3,0,0,0,0,1,40790.64,85897.79,34,13,2,23,2767.76
TXN005360,6,1,1,0,0,1,77255.2,114476.52,68,9,12,11,4671.21
TXN005361,2,0,0,0,2,0,14569.62,15022.82,41,12,11,17,1477.44
TXN005362,2,0,1,1,0,1,16195.19,144051.89,33,6,23,5,2730.65
TXN005363,1,0,0,1,2,2,62845.61,41093.47,37,14,13,7,4810.9
TXN005364,1,0,0,1,2,2,57388.34,27018.68,27,13,23,48,5231.32
TXN005365,0,0,1,1,1,1,15823.47,141759.05,41,0,16,14,3922.93
TXN005366,2,0,0,1,0,1,85300.31,126261.17,64,8,15,43,4415.31
TXN005367,1,0,0,1,0,2,33241.41,117081.86,24,13,12,6,4463.23
TXN005368,3,0,1,1,1,0,37013.25,24664.4,65,8,3,28,1605.6
TXN005369,1,0,0,0,0,0,42335.78,123054.09,66,9,14,24,2680.92
TXN005370,5,1,1,1,1,2,32608.84,95263.29,37,4,8,12,5220.8
TXN005371,5,1,0,0,0,0,55966.78,112467.21,30,10,16,31,3814.92
TXN005372,1,0,1,0,2,0,39170.45,146929.84,46,1,10,11,3798.72
TXN005373,2,0,1,0,1,1,26313.76,37221.76,27,12,19,47,1891.62
TXN005374,6,1,1,1,2,0,90495.25,80613.47,26,0,6,24,6074.56
TXN005375,6,1,1,1,2,2,31180.9,115469.27,24,1,6,18,5973.3
TXN005376,2,0,1,1,0,0,69999.65,70711.89,61,3,22,41,3149.63
TXN005377,4,0,0,1,1,1,35049.06,17651.43,50,3,3,15,3088.78
TXN005378,6,1,0,0,2,2,43804.39,25601.45,41,0,7,11,4862.69
TXN005379,5,1,1,1,2,2,23976.38,94292.88,33,12,18,34,5412.43
TXN005380,3,0,0,0,1,2,75356.8,49900.58,49,12,13,35,4412.69
TXN005381,2,0,1,1,0,1,73851.72,29297.69,21,7,21,23,2384.14
TXN005382,0,0,0,1,2,2,2712.87,57584.88,31,9,22,32,3899.74
TXN005383,5,1,0,0,0,1,6489.31,38137.33,46,11,3,35,2120.12
TXN005384,3,0,1,0,1,1,92276.46,13351.53,39,14,20,3,2616.11
TXN005385,3,0,1,0,0,0,88938.27,31253.96,40,7,16,34,1863.8
TXN005386,2,0,0,1,1,2,50855.68,133630.91,43,7,23,49,5389.9
TXN005387,3,0,0,1,0,0,49589.06,11685.22,43,4,17,49,3028.84
TXN005388,2,0,1,0,0,0,81336.21,118339.04,66,9,20,7,2004.92
TXN005389,6,1,0,1,2,1,14275.79,115484.55,61,1,14,7,4840.7
TXN005390,1,0,0,0,0,0,65543.06,88993.28,64,3,4,6,2169.04
TXN005391,5,1,1,1,2,0,47860.31,39182.69,39,0,14,39,4980.55
TXN005392,4,0,0,0,1,0,74461.44,132928.29,61,9,3,24,2828.39
TXN005393,1,0,1,0,1,2,3495.23,76510.58,20,0,3,47,3258.57
TXN005394,5,1,1,1,2,0,59476.19,34248.87,59,11,11,34,4836.8
TXN005395,2,0,1,0,0,1,55894.46,70063.16,69,9,17,14,2321.4
TXN005396,5,1,0,1,1,2,84164.41,37288.41,34,2,18,17,6221.7
TXN005397,6,1,0,1,1,1,67845.21,62641.1,31,3,17,10,5240.13
TXN005398,2,0,1,0,1,2,88075.96,79536.29,62,11,0,29,3557.64
TXN005399,1,0,1,0,2,2,88783.7,60386.12,47,10,3,28,5305.28
TXN005400,0,0,0,1,1,2,41112.32,101986.2,30,11,14,22,5188.61
TXN005401,0,0,0,1,1,1,14174.7,141028.49,43,10,5,33,4803.47
TXN005402,5,1,0,0,1,0,63213.22,58740.91,57,2,23,18,3653.45
TXN005403,0,0,1,0,1,2,87437.74,59803.53,49,11,1,15,3239.29
TXN005404,2,0,1,0,2,1,7957.86,113362.35,63,10,1,5,2316.25
TXN005405,3,0,0,1,2,2,56013.37,84282.73,51,2,1,40,5807.54
TXN005406,2,0,0,1,0,0,11942.45,70037.52,68,7,10,14,2164.79
TXN005407,3,0,0,1,1,2,3186.1,123933.15,40,3,7,8,4441.19
TXN005408,1,0,1,0,2,1,68123.72,134745.05,51,2,16,28,5861.48
TXN005409,4,0,1,0,0,2,68344.04,92682.12,61,8,20,41,3225.87
TXN005410,3,0,0,1,0,1,60265.48,35914.46,69,11,11,1,2935.23
TXN005411,0,0,0,1,1,0,85992.67,75280.02,29,11,3,46,3840.7
TXN005412,2,0,1,0,0,0,8547.21,80611.89,40,0,0,32,1066.28
TXN005413,1,0,1,1,2,2,10973.4,70509.03,45,7,9,37,4538.4
TXN005414,0,0,0,0,0,0,86521.28,46740.46,36,4,6,22,3560.46
TXN005415,1,0,0,0,0,1,50576.03,76125.05,65,13,15,12,2519.36
TXN005416,4,0,0,0,2,2,27668.75,72516.46,51,7,16,19,4327.78
TXN005417,6,1,1,1,0,1,73946.62,39329.09,25,9,5,6,3209.37
TXN005418,2,0,0,1,0,2,89493.17,136480.29,51,2,0,16,5793.15
TXN005419,5,1,1,0,0,1,69115.53,133947.73,59,14,10,20,3729.37
TXN005420,2,0,1,0,0,2,79297.29,116346.3,33,5,12,27,5103.08
TXN005421,4,0,0,1,1,1,28608.48,66132.52,24,10,12,29,4151.57
TXN005422,2,0,0,0,1,1,29233.15,61847.87,44,13,8,22,2640.29
TXN005423,5,1,1,1,2,2,86480.33,110305.15,68,6,2,20,5572.19
TXN005424,3,0,0,1,0,1,61678.85,95136.69,37,7,1,48,4496.55
TXN005425,1,0,1,1,2,0,23799.19,94083.77,52,6,22,0,3438.91
TXN005426,5,1,0,0,1,1,52654.1,27375.61,34,6,0,16,3772.08
TXN005427,0,0,0,0,0,2,68743.12,96559.73,45,1,6,31,4549.87
TXN005428,4,0,0,0,0,0,22245.63,136260.82,25,2,19,23,3374.45
TXN005429,3,0,0,0,1,0,65663.19,22014.31,21,5,9,6,2825.58
TXN005430,0,0,1,1,0,1,4693.41,57483.98,50,2,1,34,2216.92
TXN005431,0,0,1,0,0,1,30717.32,81262,67,8,3,35,2440.98
TXN005432,4,0,1,1,1,1,67560.2,106041.33,39,8,15,13,4725.62
TXN005433,3,0,0,0,2,0,15360.23,22548.89,48,5,7,11,1196.52
TXN005434,6,1,1,0,2,0,22608.8,132192.87,18,0,11,38,5052.25
TXN005435,0,0,1,0,0,0,87969.78,15676.39,58,0,4,22,2910.3
TXN005436,0,0,1,0,1,2,67594.95,130076.55,31,14,23,13,3302.23
TXN005437,3,0,0,0,2,2,50142.41,13871.25,24,14,22,24,3812.55
TXN005438,2,0,1,1,2,1,21483.89,31493.26,25,3,19,21,3051.71
TXN005439,0,0,0,0,0,2,34470.26,122045.34,25,10,2,44,3613.94
TXN005440,1,0,0,0,2,2,57645.88,130423.02,41,9,0,48,5203.72
TXN005441,3,0,1,0,1,1,15953.6,147517.22,18,7,13,36,3708
TXN005442,0,0,0,0,2,1,48433.54,26200.08,52,2,18,28,4321.73
TXN005443,4,0,1,0,1,0,41192.95,83703.16,58,3,23,7,1440.02
TXN005444,5,1,1,1,1,0,47930.39,20801.82,25,11,15,10,3517.72
TXN005445,1,0,1,0,0,1,11003.3,31897.07,22,10,8,29,1650.2
TXN005446,5,1,1,1,2,1,11096.46,34429.14,49,5,4,21,3525.2
TXN005447,5,1,1,0,0,2,96429.04,18874.36,18,10,3,14,4447.83
TXN005448,0,0,0,1,2,2,97947.09,135017.17,19,8,5,20,6905.98
TXN005449,1,0,1,0,0,2,42903.38,27689.77,59,3,11,46,3951.79
TXN005450,1,0,0,0,0,1,79005.05,98107.72,63,2,13,24,4439.54
TXN005451,2,0,1,1,0,1,65751.25,97604.59,32,9,22,12,3536.13
TXN005452,5,1,1,0,2,0,12133.23,37810.33,59,9,13,6,2096.59
TXN005453,1,0,1,1,0,2,30019.53,149777.58,26,8,5,48,4691.79
TXN005454,2,0,0,0,1,0,31708.32,58631.49,29,6,4,17,2070.42
TXN005455,3,0,0,1,2,1,59779.56,136713.21,27,8,1,11,4932.8
TXN005456,2,0,0,1,1,2,58207.68,142759.86,41,10,2,46,5839.89
TXN005457,4,0,0,1,0,0,92389.12,142858.43,58,9,8,25,4132.07
TXN005458,6,1,1,0,0,1,79108.61,115397.26,67,5,6,4,3647.68
TXN005459,0,0,1,1,1,0,85756.34,45532.7,36,3,11,7,4133.27
TXN005460,3,0,0,0,0,2,89177.25,26891.75,68,4,17,35,4492.2
TXN005461,6,1,0,1,2,0,80227.03,89783.9,34,9,12,4,6017.97
TXN005462,6,1,0,1,1,0,33621.69,60405.48,19,11,0,21,3442.24
TXN005463,3,0,1,1,2,1,21893.79,126345.46,27,1,0,22,4242.66
TXN005464,4,0,0,0,2,2,57390.85,114298.61,22,2,0,7,5265.12
TXN005465,2,0,0,0,2,0,69112.05,48705.56,56,4,21,18,3420.02
TXN005466,0,0,1,0,0,1,38963.51,12382.13,23,12,20,33,1796.77
TXN005467,2,0,0,1,0,2,84909.7,43224.21,19,2,6,5,4160.8
TXN005468,1,0,1,0,1,1,96076.38,89396.18,25,2,20,49,4746.1
TXN005469,2,0,1,0,1,2,57154.87,21059.65,21,8,8,48,4194.51
TXN005470,3,0,1,1,2,1,45930.91,102158.16,67,3,0,16,4409.95
TXN005471,0,0,1,1,0,1,84367.27,104037.48,48,13,14,16,3594.01
TXN005472,2,0,1,0,0,1,2914.82,33715.15,53,3,11,14,1494.47
TXN005473,0,0,0,0,0,0,13336.76,93484.55,25,0,3,38,2331.19
TXN005474,0,0,0,0,1,0,84642.94,94976,48,11,9,36,3543.66
TXN005475,1,0,1,1,0,1,73336.84,76916.94,34,6,22,30,4057.69
TXN005476,1,0,1,1,2,2,41905.6,143454.41,63,12,17,21,4672.27
TXN005477,3,0,0,1,2,1,88940.76,25142.85,57,9,18,24,4946.16
TXN005478,4,0,0,1,2,0,35470.1,66927.59,31,12,19,18,3711.19
TXN005479,6,1,1,1,0,2,63567.61,133608.91,25,8,4,6,5299.97
TXN005480,0,0,0,0,2,0,63616.28,64083.96,42,11,1,1,2346.21
TXN005481,4,0,0,0,2,1,18841.02,69449.55,31,7,6,14,3424.33
TXN005482,6,1,1,0,1,0,28842.75,103558.34,40,11,5,21,2562.84
TXN005483,6,1,0,1,1,0,91642.69,103178.9,60,1,15,45,5954.48
TXN005484,3,0,0,1,0,0,18749.78,13206.27,58,5,14,37,1389.19
TXN005485,6,1,0,0,0,1,17770.67,73797.64,34,9,8,6,3355.67
TXN005486,6,1,0,0,0,0,48221.74,56691.66,66,9,6,40,3336.56
TXN005487,0,0,1,0,0,1,9673.64,97877.33,29,14,9,22,1567.96
TXN005488,0,0,0,1,0,1,89515.31,87798.32,37,4,1,1,3524.8
TXN005489,5,1,1,1,1,0,10464.84,101120.63,51,7,2,32,3438.86
TXN005490,4,0,0,1,1,2,61847.47,101527.43,66,0,18,17,5414.83
TXN005491,2,0,1,1,1,0,34308.29,45682.06,69,8,23,43,1670.85
TXN005492,1,0,1,1,2,0,80525.15,44505.07,28,8,23,6,3341.76
TXN005493,2,0,0,0,2,0,59186.17,61839.54,44,12,2,23,2143.78
TXN005494,4,0,1,0,1,2,39136.46,43874.18,26,10,7,10,3429.27
TXN005495,1,0,1,1,1,2,98395.36,105593.13,35,11,4,11,4778
TXN005496,2,0,1,1,0,1,7089.98,94401.24,55,6,19,17,2007.06
TXN005497,5,1,1,0,1,2,57989.74,40294.18,53,7,11,36,4248.62
TXN005498,1,0,1,1,0,2,98962.05,133774.67,63,12,10,0,4972.59
TXN005499,0,0,0,1,1,0,69249.79,74492.77,45,8,3,0,2509.45
TXN005500,2,0,1,0,0,1,74107.08,27787.45,37,12,3,26,3020.33
TXN005501,1,0,1,1,1,1,3693.07,39815.18,59,14,0,8,971.8
TXN005502,5,1,0,1,0,2,2625.63,85579.08,46,4,6,0,3401.82
TXN005503,6,1,0,0,2,2,4092.96,57379.36,21,13,19,27,3706.36
TXN005504,1,0,1,1,2,0,99176.53,129171.07,32,10,1,11,4699.76
TXN005505,1,0,0,1,0,2,97962.22,79262.96,58,13,0,48,4931.21
TXN005506,5,1,0,0,0,2,33783.64,138141.27,61,1,18,15,5102.36
TXN005507,6,1,0,0,2,1,29452.69,24255.71,45,13,16,48,3775.87
TXN005508,2,0,0,1,1,2,15022.9,103603.04,57,14,10,6,3074.42
TXN005509,3,0,0,0,0,0,33249.46,134009.88,41,13,4,34,2670.63
TXN005510,2,0,0,0,1,1,37329.92,51010.27,54,0,5,40,3794.07
TXN005511,6,1,1,1,2,1,74954.14,28996.26,33,4,21,22,5382.48
TXN005512,4,0,1,0,2,2,86696.21,73930.26,39,7,5,34,5224.99
TXN005513,5,1,0,1,0,0,74800.14,144586.79,64,9,22,15,4344.28
TXN005514,2,0,0,0,1,1,64824.27,98684.67,34,14,16,47,3593.31
TXN005515,1,0,1,0,2,0,76707.06,100156.78,18,3,19,41,4856.45
TXN005516,5,1,0,1,1,0,73980.5,104010.18,48,3,9,7,5546.07
TXN005517,0,0,1,1,2,2,47837.09,15566.59,42,3,9,47,5038.15
TXN005518,6,1,0,1,0,0,33917.21,72390.97,29,7,8,15,3413.42
TXN005519,2,0,1,0,1,1,28636.68,20860.08,37,12,17,5,912.96
TXN005520,5,1,1,1,1,2,68095.87,54220.24,36,6,12,35,5221.24
TXN005521,2,0,0,1,0,1,95950.76,125023.86,22,12,7,30,5182.56
TXN005522,5,1,0,0,0,0,58314.94,101877.79,32,10,10,46,4166.97
TXN005523,1,0,0,0,0,0,91296.39,149380.18,58,0,6,27,4757.75
TXN005524,0,0,0,0,0,2,1915.82,34101.62,42,9,6,34,1760.46
TXN005525,0,0,1,1,2,2,79549.83,65587.59,52,5,2,16,6104.25
TXN005526,4,0,0,0,1,1,85433.46,123349.63,61,3,15,46,5607.28
TXN005527,5,1,1,0,2,1,63283.89,40196.82,68,1,12,29,4668.27
TXN005528,2,0,0,1,0,0,93439.07,31521.06,64,2,17,8,3504.32
TXN005529,0,0,1,0,2,2,59196.34,69865.76,20,3,17,22,4458.63
TXN005530,6,1,0,0,2,0,24433.42,63721.71,69,9,11,44,3204.12
TXN005531,0,0,0,1,1,0,21963.86,147228.83,35,6,12,0,3896.87
TXN005532,3,0,1,0,1,1,55805.71,73875.21,39,0,2,11,3499.94
TXN005533,3,0,0,1,1,1,90695.15,130532.49,33,0,2,16,6446.49
TXN005534,0,0,0,1,0,1,7700.61,134315.17,32,2,1,45,3070.39
TXN005535,5,1,0,1,0,2,60636.86,32102.04,22,1,6,32,5626.9
TXN005536,4,0,0,1,1,1,77095.45,110142.67,59,2,1,21,4343.69
TXN005537,0,0,0,1,2,2,11982.51,48865,59,2,5,9,4937.32
TXN005538,1,0,1,0,1,0,12118.58,23263.46,30,10,12,25,1431.15
TXN005539,2,0,0,1,0,2,36929.74,132458.69,67,12,10,13,4046.56
TXN005540,4,0,1,1,2,1,27751.18,50940.63,45,0,4,24,3981.17
TXN005541,1,0,0,1,0,2,20232.26,58351.19,27,12,6,46,3187.32
TXN005542,4,0,0,1,1,2,20270.07,55358.47,33,5,10,10,4788.36
TXN005543,1,0,1,0,1,1,13501.57,38041.36,19,7,6,18,2368.69
TXN005544,2,0,1,0,2,1,61279.97,70830.47,67,4,7,42,4236.8
TXN005545,2,0,1,0,1,0,68968.5,69960.99,53,0,3,27,3346.91
TXN005546,3,0,1,1,0,2,70442.15,67225.23,68,10,9,26,3671.38
TXN005547,5,1,1,0,0,0,53469.22,138281.68,42,9,20,10,3890.32
TXN005548,1,0,0,0,0,0,95314.17,57565.23,22,10,19,21,3554.74
TXN005549,3,0,1,1,2,2,88113.01,14253.05,45,6,14,24,5380.41
TXN005550,1,0,1,1,0,0,95784.3,34981.18,34,10,22,29,2595.06
TXN005551,3,0,0,0,1,2,39185.15,111009.59,19,14,14,18,4399.66
TXN005552,2,0,0,0,2,0,87839.42,92720.2,32,12,18,38,4552.07
TXN005553,4,0,1,0,0,0,76406.03,143242.87,55,9,9,6,3605.66
TXN005554,6,1,1,0,0,2,34327.3,107220.92,46,8,1,5,3761.68
TXN005555,3,0,1,1,1,1,11106.03,37193.83,40,11,15,8,2403.69
TXN005556,1,0,0,1,1,2,68420.81,26890.19,35,6,19,17,4787.17
TXN005557,1,0,1,1,2,1,14077.01,82906.37,31,8,4,30,2888.33
TXN005558,6,1,0,1,0,2,29730.69,103136.78,49,9,16,5,4513.86
TXN005559,5,1,0,1,0,2,50286.28,33189.14,61,8,2,45,4482.11
TXN005560,2,0,0,0,1,1,68148.31,94237.02,23,12,7,21,2997.24
TXN005561,1,0,0,1,2,1,92659.65,131104.02,45,1,10,8,6566.21
TXN005562,0,0,1,1,1,2,59527.38,111859.65,69,7,4,30,4414.33
TXN005563,4,0,0,0,1,2,67305.6,102986.75,69,11,16,21,4966.79
TXN005564,3,0,0,1,2,2,31346.38,120506.35,35,14,3,20,4543.12
TXN005565,5,1,1,0,0,1,68885.62,24571.58,52,6,23,34,2952.98
TXN005566,6,1,0,1,0,2,44060.12,38536.4,55,11,7,28,4236.6
TXN005567,4,0,1,1,0,1,85764.65,15333.93,21,6,1,20,3271.77
TXN005568,2,0,0,1,2,0,39548.83,30296.91,68,1,15,34,4046.08
TXN005569,5,1,1,0,2,1,47093.07,137845.53,66,0,8,22,5362.6
TXN005570,3,0,0,1,2,0,43542.48,41100.29,48,3,16,39,3981.23
TXN005571,3,0,0,0,2,2,81206.72,102693.61,28,6,9,43,6495.59
TXN005572,6,1,1,1,2,2,95393.07,106819.41,63,5,23,22,6564.47
TXN005573,0,0,0,1,1,1,33063.99,100345.56,28,9,23,17,3791.91
TXN005574,6,1,0,0,0,0,47765.28,87548.95,46,1,12,22,3632.57
TXN005575,2,0,1,0,2,2,70739.66,78058.25,36,6,21,0,4690.78
TXN005576,5,1,0,1,0,2,89590.47,68788.92,34,9,16,43,6593.3
TXN005577,5,1,0,0,2,0,49623.22,138365.82,21,10,11,19,5092.1
TXN005578,1,0,1,1,0,2,11334.9,11332.01,61,8,8,15,1611.61
TXN005579,0,0,1,1,1,2,37182.8,17488.55,21,1,14,8,4610.69
TXN005580,0,0,1,0,0,1,55261.01,78951.75,29,9,9,24,2518.14
TXN005581,5,1,1,0,0,2,42043.7,56271.41,66,14,18,37,2843.6
TXN005582,5,1,1,0,2,0,19062.29,67152.23,64,10,16,24,2969.52
TXN005583,4,0,0,1,0,2,4180.45,149698.79,24,14,6,37,3522.77
TXN005584,4,0,1,0,1,1,68897.16,118518.86,38,4,13,6,3874.21
TXN005585,4,0,0,1,1,2,99277.35,132837.11,50,10,12,45,6462.52
TXN005586,0,0,1,0,1,0,91961.06,61600.44,54,1,20,15,3119.86
TXN005587,1,0,0,0,2,2,68485.46,43538.46,29,0,1,34,4498.19
TXN005588,3,0,0,0,2,0,84232.22,117518.67,24,10,15,30,4796.99
TXN005589,4,0,1,0,2,1,25944.9,123060.65,32,6,16,0,4163.67
TXN005590,1,0,0,0,2,2,62432.23,86985.78,54,1,5,19,5705.38
TXN005591,6,1,0,1,2,2,6530.12,135431.81,26,5,0,48,5525.59
TXN005592,2,0,1,0,1,1,70864.8,145425.54,50,6,5,26,4470.91
TXN005593,4,0,1,0,0,0,97002.3,75942.89,55,0,0,0,2431.84
TXN005594,6,1,1,1,1,0,86149.33,41173.33,33,10,22,36,3457.72
TXN005595,3,0,1,1,2,2,53676.87,82395.83,48,11,22,23,4168.56
TXN005596,2,0,0,1,1,0,78979.65,148534.65,32,8,9,48,4012.2
TXN005597,2,0,0,1,0,0,94417.93,51009.76,19,5,19,4,3280.54
TXN005598,3,0,0,0,2,2,21993.75,96463.91,30,1,22,10,3937.83
TXN005599,4,0,0,0,1,0,79429.22,107157.71,22,0,23,34,4256.32
TXN005600,0,0,0,1,1,0,27349.77,39950.03,65,0,7,28,3168.09
TXN005601,3,0,0,0,0,2,87756.27,92384.28,50,1,15,22,4498.08
TXN005602,3,0,1,1,2,2,10286.27,54030.98,49,11,11,9,3992.23
TXN005603,3,0,0,1,2,0,18232.73,129589.35,59,8,18,29,3397.44
TXN005604,2,0,0,0,0,2,72201.34,110065.5,65,1,13,30,4581.92
TXN005605,1,0,0,0,0,0,17890.36,125677.3,62,14,7,23,763.45
TXN005606,6,1,1,1,0,0,16226.4,37955.54,38,0,18,13,2553.74
TXN005607,0,0,1,0,0,0,55768.95,14840.46,19,12,14,10,1338.1
TXN005608,4,0,1,1,2,0,83581.23,129073.6,53,3,4,0,5070.68
TXN005609,4,0,1,1,2,2,27212.51,64145.59,50,13,16,43,4153.59
TXN005610,6,1,0,1,1,2,84193.25,35161.14,28,12,22,25,5219.53
TXN005611,1,0,0,1,1,1,80891.36,22865.35,58,8,13,19,4343.68
TXN005612,3,0,0,0,1,2,58120.99,82310.11,40,11,14,1,4151.56
TXN005613,0,0,1,1,2,1,64832.99,31017.91,55,7,7,32,3589.81
TXN005614,4,0,0,1,2,0,4523.9,89336.88,50,6,3,46,2984.16
TXN005615,6,1,0,1,2,2,37029.99,111822.92,57,7,6,44,6058.83
TXN005616,5,1,0,0,1,0,26707.8,84908.14,25,1,6,44,4053.26
TXN005617,6,1,1,1,0,1,15425.38,136517.97,53,4,21,44,3968.57
TXN005618,4,0,1,1,0,2,39271.1,31779.75,53,11,4,16,2410.63
TXN005619,3,0,1,0,0,2,35812.97,79153.49,50,14,9,5,3078.75
TXN005620,5,1,0,1,0,2,73024.72,32846.66,46,14,19,11,4355.88
TXN005621,1,0,0,1,0,2,60010.59,132626.27,48,11,4,14,4677.22
TXN005622,0,0,0,1,2,0,91353.46,140513.5,47,6,22,2,4855.26
TXN005623,1,0,0,1,1,2,14968.05,65999.42,25,0,23,21,4640.44
TXN005624,1,0,1,0,0,1,6444.99,52804.76,43,5,3,37,1655.61
TXN005625,6,1,0,0,0,2,53693.47,49104.25,40,6,20,20,4653.86
TXN005626,0,0,1,0,0,1,602.2,130361.83,67,7,10,34,1157.55
TXN005627,0,0,0,1,2,1,78878.03,105541.87,69,4,5,43,5647.86
TXN005628,4,0,1,0,0,0,50844.3,133283.03,68,13,14,42,2334.15
TXN005629,4,0,0,0,1,2,49062.52,26452.36,60,7,10,26,3847.63
TXN005630,0,0,0,1,2,1,36568.35,76643.91,43,9,21,5,3359.28
TXN005631,5,1,1,0,2,2,37809.9,104665.07,69,10,6,10,4343.78
TXN005632,2,0,1,0,2,0,43397.8,135592.71,59,0,23,16,2971.56
TXN005633,4,0,0,0,0,0,2095.22,63482.69,55,14,18,35,871.57
TXN005634,2,0,0,1,0,2,8812.81,53832.61,56,13,4,30,2956.29
TXN005635,6,1,0,1,0,1,50752.28,137815.2,19,3,3,42,4920.65
TXN005636,5,1,1,0,0,0,15437.17,16654.66,43,12,0,12,567.36
TXN005637,0,0,0,0,1,1,77986.88,77143.37,35,10,15,47,3960.33
TXN005638,5,1,1,1,2,1,27811.27,74207.72,44,5,11,28,5732.33
TXN005639,4,0,0,1,0,2,10241.01,30447.9,67,3,19,37,3449.35
TXN005640,1,0,0,1,1,0,23903.39,65293.02,34,12,17,19,2355.22
TXN005641,6,1,0,1,2,2,36031.27,111163.96,62,4,19,37,6263.3
TXN005642,0,0,0,0,2,2,4014,61361.58,32,10,1,48,3867.72
TXN005643,3,0,1,1,2,2,14596.71,53352.47,60,11,12,34,3908.34
TXN005644,6,1,1,0,0,1,32722.75,119465.37,24,10,11,38,3168.66
TXN005645,2,0,0,1,2,2,31392.81,148420.16,34,1,3,0,6393.99
TXN005646,5,1,0,1,0,0,80138.48,119109.33,36,6,3,43,5204
TXN005647,0,0,0,1,1,1,84403.92,128488.06,44,8,12,49,5468.01
TXN005648,6,1,1,1,2,2,19745.15,141530.1,57,6,2,12,5620.49
TXN005649,5,1,0,0,1,0,12832.02,122248.15,34,0,20,26,3633.73
TXN005650,0,0,1,0,0,2,63599.17,147249.6,49,1,16,2,4458.48
TXN005651,4,0,1,0,0,2,80560.04,114619.8,33,11,6,19,4108.94
TXN005652,6,1,1,1,0,2,96390.45,102613.16,47,10,12,27,6193.94
TXN005653,4,0,1,0,2,1,1176.23,107068.8,31,7,14,5,3342.39
TXN005654,6,1,0,1,2,2,41660.97,136011.46,67,0,13,45,7643.67
TXN005655,4,0,0,1,1,0,73531.79,105621.14,58,1,15,45,5061.77
TXN005656,5,1,1,0,0,2,82941.65,116568.72,35,4,16,8,6135.85
TXN005657,3,0,0,1,1,2,6697.45,40241.39,39,13,15,44,4191.12
TXN005658,6,1,0,1,0,1,68221.14,137770.95,69,14,15,32,4928
TXN005659,6,1,0,0,0,2,29249.4,72609.85,33,5,0,3,3456.53
TXN005660,4,0,1,1,1,0,7922.4,32549.43,66,0,13,12,2167.16
TXN005661,0,0,0,1,0,0,49165.71,121970.21,66,0,1,37,2637.83
TXN005662,6,1,0,0,1,2,16236.26,59895.02,33,1,21,0,4316.93
TXN005663,4,0,0,0,2,0,73832.25,35776.68,43,2,8,45,3867.64
TXN005664,1,0,0,1,1,0,74255.55,45875.16,68,8,18,24,3001.89
TXN005665,4,0,0,0,1,2,84285.74,14892.86,60,2,4,0,4139.49
TXN005666,5,1,0,1,0,0,38068.08,22687.22,23,7,23,31,1963.66
TXN005667,3,0,0,0,1,0,1824.32,92967.46,68,5,9,41,2179.61
TXN005668,1,0,0,1,2,2,26343.73,131270.5,24,9,5,48,5696.19
TXN005669,5,1,0,0,2,1,47047.26,72794.26,26,4,2,18,4154.67
TXN005670,5,1,0,0,2,1,69554.12,97648.14,61,8,1,16,5214.31
TXN005671,5,1,1,1,2,2,38513.04,123362.63,43,14,18,38,5831.04
TXN005672,0,0,0,0,1,1,53836.82,59947.65,19,7,5,40,4297.49
TXN005673,5,1,1,0,2,1,52664.23,101603.97,53,13,20,11,4163.01
TXN005674,0,0,0,1,1,1,16915.74,59060.54,20,10,23,19,2958.26
TXN005675,5,1,1,0,1,1,62493.43,99980.15,38,2,9,21,5683.51
TXN005676,2,0,1,0,0,2,44205.55,40465.08,61,6,17,44,3639.94
TXN005677,1,0,0,0,1,1,80887.91,146897.55,20,13,13,30,5618.38
TXN005678,2,0,1,1,1,1,69215.82,20664.89,26,13,1,33,2966.35
TXN005679,5,1,1,0,0,2,11591.18,80732.6,29,3,3,22,3406.29
TXN005680,1,0,1,1,2,2,49131.46,50081.5,25,7,14,43,4820.36
TXN005681,1,0,0,1,2,1,70398.19,94117.3,68,6,20,18,4458.18
TXN005682,6,1,1,0,1,0,9157.67,69962.98,54,2,22,48,2934.13
TXN005683,3,0,1,1,0,2,79353.45,52933.18,38,6,22,1,5056.95
TXN005684,2,0,0,1,1,2,22589.45,45005.27,54,5,5,1,4330.28
TXN005685,3,0,1,1,1,1,50556.94,35549.81,57,5,5,37,3449.79
TXN005686,1,0,1,1,2,0,94085.85,119603.1,20,13,8,38,5244.3
TXN005687,0,0,1,0,0,2,57347.76,41107.99,68,10,19,36,2571.68
TXN005688,1,0,0,0,1,2,42693.42,118293.67,58,9,17,11,3925.33
TXN005689,3,0,1,0,2,2,1176.1,77905.41,38,2,22,27,3218.81
TXN005690,2,0,0,1,1,0,13774.66,20111.92,43,3,21,10,1714.48
TXN005691,5,1,1,1,2,2,58077.06,33161.97,41,12,3,41,5350.32
TXN005692,6,1,1,0,0,2,49635.59,135006.65,63,3,0,48,5225.85
TXN005693,6,1,1,1,1,0,36701,94394.22,69,14,3,28,3259.4
TXN005694,6,1,1,0,0,2,92359.98,35806.65,51,5,21,20,5073.33
TXN005695,5,1,0,1,2,0,33582.01,108527.09,49,12,2,28,4300.43
TXN005696,6,1,1,0,0,0,53946.5,125256.64,44,8,12,28,3517.77
TXN005697,2,0,0,0,0,0,57086.98,56291.44,64,4,14,39,2404.44
TXN005698,5,1,1,0,0,1,52983.1,87923.33,47,7,0,41,3529.64
TXN005699,6,1,0,1,1,2,48019.75,51083,21,4,15,11,5134.37
TXN005700,5,1,1,0,2,2,34037.84,21208.64,19,14,1,1,3146.04
TXN005701,3,0,1,1,0,2,90921.98,65931.27,40,14,5,39,3987.7
TXN005702,2,0,0,1,1,0,45354.92,115200.48,58,5,0,37,3826.74
TXN005703,4,0,0,0,2,1,53080.66,74215.24,21,5,21,32,3757.73
TXN005704,0,0,0,0,2,0,65819.56,66737.66,54,3,16,44,4435.61
TXN005705,6,1,0,1,2,2,7231.78,61241.01,28,9,16,45,5582.01
TXN005706,0,0,1,1,0,0,78238.17,74248.36,53,9,21,9,2702.1
TXN005707,5,1,0,0,0,1,51494.48,54552.05,53,4,0,40,3218.4
TXN005708,0,0,0,0,0,2,65889.11,95705.79,32,3,15,10,4084.55
TXN005709,2,0,0,1,2,0,77315.2,18899.24,54,1,8,15,4485.41
TXN005710,2,0,1,0,2,1,87472.89,123034.34,20,1,1,7,5419.15
TXN005711,1,0,1,0,0,0,39525.93,34243.37,65,7,20,46,1461.81
TXN005712,6,1,1,0,0,0,81237.27,98682.26,47,14,4,45,3093.96
TXN005713,1,0,1,0,2,2,26254.27,72983.55,40,3,7,3,3664.75
TXN005714,0,0,0,1,2,1,66203.4,118289.1,50,12,0,43,4307.73
TXN005715,4,0,1,1,1,0,10719.38,125659.6,18,13,8,27,2921.08
TXN005716,1,0,0,0,1,1,2493.03,38588.05,18,8,13,16,2154.7
TXN005717,1,0,1,0,0,2,10028.43,104805.08,20,11,16,17,2473.82
TXN005718,2,0,0,1,2,2,32278.56,36587.05,26,5,4,4,3992.8
TXN005719,4,0,0,1,2,2,3593.91,27359.76,49,11,7,7,3634.57
TXN005720,5,1,0,1,1,1,63233.88,140241.45,30,11,16,4,5752.77
TXN005721,0,0,0,1,2,1,31996.18,33014.47,62,12,20,34,3671.73
TXN005722,1,0,0,1,0,0,73769.42,41938.47,48,4,11,22,2552.14
TXN005723,4,0,1,0,1,1,5068.56,28245.36,38,6,18,21,2422.57
TXN005724,6,1,0,0,2,2,22061.81,75840.86,40,5,7,47,5890.04
TXN005725,4,0,0,1,2,0,41096.34,138745.03,30,3,18,1,5082.84
TXN005726,0,0,0,1,0,1,38573.83,46967.8,43,9,11,35,3284
TXN005727,4,0,0,0,2,2,13534.37,85859.3,42,8,7,2,3953
TXN005728,4,0,1,1,1,2,99416.61,67604.22,25,5,10,27,6051.22
TXN005729,4,0,1,1,1,0,28801.74,57041.32,57,2,10,43,2761.25
TXN005730,6,1,0,0,2,2,72242.69,90101.38,47,3,14,22,6187.66
TXN005731,1,0,0,0,2,1,22392.66,88245.01,68,3,1,8,3175.6
TXN005732,0,0,0,0,2,2,87846.2,60311.32,22,7,2,18,5060.39
TXN005733,6,1,0,0,2,0,39081.95,129078.86,41,4,0,22,4428.87
TXN005734,4,0,1,1,1,2,90139.8,17444.1,27,7,0,12,4104.63
TXN005735,4,0,1,0,0,2,34512.57,21933.38,36,12,3,45,1647.11
TXN005736,1,0,0,1,1,1,1360.06,148709.38,52,10,20,8,2685.49
TXN005737,0,0,0,1,2,1,51943.53,114675.61,39,7,18,4,4591.12
TXN005738,2,0,0,1,2,1,52716.4,122550.05,56,5,17,39,5675.28
TXN005739,6,1,0,1,1,1,12423.5,94378.15,55,12,0,29,3144.55
TXN005740,1,0,0,0,1,2,23878.88,68780.46,24,4,18,22,4164.77
TXN005741,0,0,1,1,2,1,78457.81,98091.76,56,13,0,32,3381.16
TXN005742,6,1,1,1,1,2,4157.2,22961.86,37,1,9,20,4582.58
TXN005743,4,0,0,1,2,1,49207.91,116087.68,57,14,21,47,4335.15
TXN005744,0,0,1,0,1,1,53275.61,85704.03,49,0,12,12,4428.63
TXN005745,0,0,1,0,2,1,69026.85,143942.46,19,6,18,41,5341.66
TXN005746,5,1,1,0,1,2,4226.9,99246.54,32,9,19,40,4397.15
TXN005747,0,0,0,0,2,1,58771.81,31236.96,27,11,7,47,4661.1
TXN005748,2,0,1,0,0,2,808.25,76857.02,38,9,4,40,2380.7
TXN005749,0,0,1,1,0,1,26885.25,18095.11,32,13,10,11,2562.18
TXN005750,2,0,0,0,1,1,50218.58,114360.14,51,10,20,21,3477.56
TXN005751,4,0,1,1,0,0,91172.49,80256.41,52,6,7,3,3117.31
TXN005752,2,0,0,0,2,1,13095.69,61751.47,68,1,13,8,3350.97
TXN005753,6,1,1,1,1,2,17344.27,145596.91,22,14,11,30,5055.18
TXN005754,4,0,0,0,1,0,67090.38,141683.79,36,12,10,49,3720.41
TXN005755,4,0,0,1,2,2,37798.74,143396.48,24,2,12,47,6530.55
TXN005756,2,0,1,0,2,2,62530.43,40935.83,63,10,9,1,3673.63
TXN005757,1,0,1,1,2,0,99746.69,111999.74,61,7,19,45,5234.23
TXN005758,3,0,0,1,1,1,98693.73,142353.5,59,11,7,35,4771.9
TXN005759,0,0,0,1,2,0,35694.5,89921.84,59,3,9,10,4052.96
TXN005760,5,1,1,1,0,2,50640.57,39982.45,53,4,20,28,4570.73
TXN005761,3,0,1,1,1,1,90516.67,124493.74,35,14,5,35,5244.04
TXN005762,0,0,1,1,2,0,9670.68,133188.55,23,6,0,33,3079.03
TXN005763,0,0,1,0,1,2,45504.24,108452.95,69,7,8,46,4677.29
TXN005764,4,0,0,0,0,1,38068.95,51097.4,21,0,3,49,3003.39
TXN005765,0,0,0,1,0,2,29840.84,36697.15,22,6,0,8,2941.79
TXN005766,5,1,0,1,2,1,99423.32,97397.77,31,2,22,11,6869.11
TXN005767,0,0,1,1,1,1,73488.15,77592.07,58,14,9,20,3943.79
TXN005768,2,0,1,1,2,0,39180.33,103629.58,64,14,19,4,2548.84
TXN005769,3,0,0,1,1,1,82987.68,25637.95,50,4,20,6,4225.27
TXN005770,2,0,0,1,2,2,49221.78,29027.9,38,11,6,43,4698.98
TXN005771,5,1,0,1,2,1,87346.03,60804.54,30,11,22,36,5951.52
TXN005772,0,0,0,0,1,2,27004.79,46226.44,19,0,6,2,3993.72
TXN005773,6,1,0,1,1,1,22748.22,96707.41,32,10,4,14,4132.86
TXN005774,5,1,0,1,0,1,25105.02,61455.67,64,2,1,18,3888.17
TXN005775,4,0,1,0,0,0,54078.82,105755.91,33,4,8,48,3173.24
TXN005776,2,0,0,0,1,1,29485.68,117631.78,52,0,5,2,3988.36
TXN005777,2,0,0,1,0,1,15138.41,36203.46,62,1,21,19,3549.23
TXN005778,1,0,0,0,0,2,99465.48,138775.34,37,12,8,14,4212.98
TXN005779,0,0,0,0,1,2,90093.11,120202.38,18,2,14,37,6002.9
TXN005780,4,0,0,0,1,2,63683.74,97749.31,63,12,12,10,3790.05
TXN005781,6,1,0,1,1,1,89208.52,137250.04,20,7,14,13,6265.24
TXN005782,2,0,0,1,2,2,93578.54,47221.62,34,14,0,3,5263.04
TXN005783,2,0,1,0,1,2,67772.78,69039.85,34,4,14,34,3739
TXN005784,4,0,0,1,1,1,52108.64,22010.18,58,4,17,7,3799.94
TXN005785,5,1,1,1,1,2,88259.18,73865.45,37,12,10,20,5240.75
TXN005786,5,1,1,1,0,0,56995.8,80896.1,37,2,2,34,3869.11
TXN005787,0,0,1,0,1,0,13116.65,96249.37,21,8,0,3,1488.59
TXN005788,1,0,0,0,0,2,37002.17,18965.49,28,8,3,35,3217.21
TXN005789,2,0,0,0,2,2,44869.13,14545.24,32,11,1,13,3161.62
TXN005790,1,0,0,0,1,2,93569.22,68784.62,62,13,15,43,4614.99
TXN005791,5,1,0,1,1,1,66088.95,36478.66,44,11,18,2,3486.76
TXN005792,5,1,0,1,0,0,87590.12,116230.37,41,1,15,19,6381.16
TXN005793,3,0,0,1,2,0,75880.37,103623.08,37,7,11,7,4911.41
TXN005794,6,1,0,0,1,2,31331.16,55615.78,61,0,7,13,4953.3
TXN005795,0,0,0,0,2,2,72011.54,16409.66,32,4,3,0,4888.54
TXN005796,3,0,0,1,2,1,19932.32,35542.11,23,14,15,19,3322.09
TXN005797,6,1,0,0,1,1,41110.51,106835.11,35,6,8,13,4780.11
TXN005798,3,0,1,0,2,0,80706.14,148623.09,39,7,21,27,4501.49
TXN005799,3,0,0,1,2,1,61386.95,55704.46,66,7,14,38,4134.88
TXN005800,0,0,0,0,1,0,82628.54,122279.48,38,5,11,44,4742.62
TXN005801,0,0,0,0,0,2,25843.01,131393.51,41,6,16,8,4670.86
TXN005802,4,0,1,1,1,2,75100.01,16745.32,34,3,21,22,5303.19
TXN005803,1,0,0,0,2,0,20631.27,138271.02,28,12,22,15,3318.16
TXN005804,1,0,0,1,1,2,54757.77,75268.38,35,9,14,47,5992.05
TXN005805,4,0,1,1,0,1,43636.69,144993.91,52,6,3,26,3173.84
TXN005806,4,0,0,0,2,2,55869.35,85397.82,48,6,7,39,4966.42
TXN005807,5,1,1,1,2,2,13985.58,42920.09,45,8,2,7,3824.34
TXN005808,6,1,1,0,0,0,36442.17,146453.56,41,10,6,27,4471.42
TXN005809,3,0,1,0,0,1,66856.93,44062.69,53,14,6,17,2115.33
TXN005810,4,0,1,0,2,1,56073.81,133546.95,62,1,14,33,4401.24
TXN005811,2,0,0,0,0,2,55122.49,34237.99,41,10,19,1,2459.16
TXN005812,1,0,1,0,1,2,51327.6,104467.46,50,7,16,23,4304.07
TXN005813,4,0,1,0,0,1,94416.55,67580.83,68,8,9,9,2643.96
TXN005814,2,0,0,0,1,1,93489.68,146082.54,47,2,15,48,6583.09
TXN005815,2,0,0,0,2,0,36334.42,35868.17,69,7,15,39,2996.58
TXN005816,2,0,0,0,2,2,35513.55,67231.25,54,0,21,7,4532.82
TXN005817,5,1,1,1,2,2,55712.4,99568.69,30,12,14,4,5448.49
TXN005818,5,1,0,1,2,1,10012.83,146866.86,33,9,11,2,4705.5
TXN005819,2,0,1,0,2,0,30649.17,52540.83,65,14,6,32,1848.06
TXN005820,6,1,1,0,0,1,23471.32,65561.95,60,4,2,29,2750.03
TXN005821,5,1,0,0,0,2,22727.27,74650.88,26,0,20,38,4187.71
TXN005822,3,0,0,1,2,2,64031.3,45378.07,67,0,23,6,4997.87
TXN005823,2,0,0,1,0,2,38742.86,124429.66,64,12,22,44,3838.64
TXN005824,3,0,0,0,0,2,17530.86,22879.38,30,5,1,20,2669.64
TXN005825,3,0,0,0,2,0,88813.4,108670.59,24,4,3,37,5610.53
TXN005826,2,0,0,0,0,2,87477.79,84750.06,52,4,22,12,3445.25
TXN005827,1,0,1,1,2,1,86315.06,43869.77,61,1,22,24,5035.47
TXN005828,6,1,1,0,2,0,39379.12,78996.27,43,9,7,1,3033.95
TXN005829,2,0,0,1,2,0,6169.75,126192.87,67,13,9,1,2908.94
TXN005830,2,0,1,1,2,2,11120.83,72361.82,26,8,11,1,4303.32
TXN005831,5,1,1,0,0,0,27966.78,27065.69,52,11,11,14,1765.05
TXN005832,2,0,1,1,0,2,22387.02,15712.27,41,4,8,14,2637.62
TXN005833,1,0,1,0,1,0,87461.57,118891.48,50,2,10,17,4515.99
TXN005834,5,1,1,1,1,0,98642.64,56260.64,38,10,12,4,4511.8
TXN005835,0,0,1,1,2,1,81759.03,140374.26,39,6,0,25,5755.62
TXN005836,0,0,0,0,1,1,73119.97,96400.61,56,5,2,29,4593.38
TXN005837,3,0,0,0,0,1,59068.1,71079.74,36,14,21,13,2431.89
TXN005838,6,1,0,1,0,0,77105.88,89025.09,61,10,23,4,3753.32
TXN005839,3,0,1,1,1,1,94729.81,73998.57,63,5,10,39,5335.93
TXN005840,1,0,0,1,1,1,60333.79,136813.55,62,4,14,20,5650.29
TXN005841,4,0,0,0,0,1,15884.02,74123.06,49,3,6,42,3275.44
TXN005842,6,1,0,0,1,0,16803.9,24569.03,22,5,15,7,2321.17
TXN005843,0,0,1,0,0,2,58594.35,93592.33,29,6,5,5,3854.1
TXN005844,3,0,0,0,0,1,33680.12,97217.35,57,14,19,25,1605.44
TXN005845,0,0,1,1,1,0,91069.61,117146.21,23,11,23,3,3399.09
TXN005846,1,0,0,1,1,0,61358.41,140659.78,35,13,9,29,3896.23
TXN005847,1,0,0,1,2,2,67811.02,72031.44,24,13,3,34,5465.58
TXN005848,4,0,0,1,2,1,1079.16,59290.72,36,7,5,26,3417.43
TXN005849,4,0,1,1,2,0,50135.43,78707.94,32,14,11,26,3340.94
TXN005850,5,1,1,0,2,0,43400.89,136027.85,59,1,2,43,4887.96
TXN005851,6,1,1,0,2,0,70734.25,147197.53,26,3,11,42,6153.43
TXN005852,1,0,1,1,0,2,38572.55,145972.9,37,10,22,4,3911.56
TXN005853,3,0,1,1,1,1,97669.22,42157.37,65,6,15,39,4889.63
TXN005854,0,0,0,1,0,0,67185.22,79565.35,37,2,11,10,4062.73
TXN005855,2,0,0,1,2,0,66161.87,46326.36,21,4,14,42,5542.44
TXN005856,4,0,1,1,2,0,91974.44,61517.59,27,9,21,34,4116.15
TXN005857,2,0,1,1,1,0,99522.88,14435.77,59,13,22,10,2104.03
TXN005858,3,0,0,1,0,1,20183.16,32484.17,57,6,20,37,2610.06
TXN005859,4,0,1,1,2,1,81148.05,65590.63,18,8,20,37,4628.72
TXN005860,2,0,0,0,2,0,16650.79,61058.65,52,5,17,49,2741.42
TXN005861,6,1,1,1,2,0,45975.82,49036.56,41,1,15,4,4694.93
TXN005862,3,0,0,1,2,0,10468.45,42243.34,61,8,5,36,2393.86
TXN005863,0,0,1,0,0,2,62525.41,114853.8,24,5,16,36,4547.81
TXN005864,6,1,1,0,0,2,47117.56,51236.96,39,9,22,25,3385.53
TXN005865,3,0,0,1,2,2,63055.55,108916.11,40,11,2,32,5216.96
TXN005866,5,1,0,0,0,0,67957.09,61607.52,18,1,17,32,3771.63
TXN005867,4,0,1,0,2,2,62133.51,122277.09,41,12,10,22,5300.33
TXN005868,1,0,1,1,1,1,29755.9,33412.67,37,0,22,6,3667.28
TXN005869,0,0,0,0,1,2,83777.44,32064.54,49,14,16,31,4396.84
TXN005870,6,1,1,1,1,0,55392.78,105154.12,48,14,5,8,3871.49
TXN005871,6,1,0,1,0,1,49240.19,138088.13,50,11,23,15,3964.41
TXN005872,2,0,0,1,2,0,98712.85,30018.14,53,3,17,8,4629.53
TXN005873,4,0,1,0,1,1,28709.04,20318.65,35,14,4,43,1505.62
TXN005874,1,0,0,0,1,2,53039.02,140849.21,54,1,15,42,5570.35
TXN005875,3,0,0,1,0,2,68391.3,26425.77,50,11,19,27,3758.72
TXN005876,1,0,1,1,0,1,12959.98,45051.37,50,6,9,22,1850.66
TXN005877,4,0,0,0,1,1,35746.85,140129.18,22,10,15,11,3914.09
TXN005878,4,0,0,1,2,0,80268.03,122408.51,35,6,2,41,4797.11
TXN005879,5,1,0,0,2,1,24057.44,57986.09,26,2,9,8,4782.1
TXN005880,5,1,0,0,2,0,49582.39,143633.88,59,10,23,44,4078.95
TXN005881,1,0,1,0,1,1,63247.75,89526.79,48,9,17,11,3483.79
TXN005882,3,0,0,0,0,1,67280.65,20114.76,24,0,15,8,3820.88
TXN005883,1,0,1,0,2,2,72966.89,108429.36,32,1,16,18,5342.28
TXN005884,4,0,0,0,1,2,86664.74,85218.83,63,12,16,35,4537.64
TXN005885,4,0,1,1,1,0,39589.51,90162.33,21,7,9,32,3239.22
TXN005886,2,0,0,1,0,0,70809.88,149174.59,63,3,4,12,4409.27
TXN005887,5,1,1,0,2,0,73351.38,31352,56,2,3,1,4344.66
TXN005888,2,0,0,0,1,1,30377.28,101951.43,25,9,14,39,3744.03
TXN005889,0,0,0,1,2,1,96831.72,74223.75,41,6,15,43,6135.67
TXN005890,4,0,0,1,2,0,86589.31,48065.04,25,9,22,24,3492.84
TXN005891,2,0,0,1,2,1,29341.2,107096.27,22,3,17,12,5114.02
TXN005892,1,0,1,1,1,2,67669.33,103549.79,40,1,18,12,5445.38
TXN005893,5,1,1,1,2,1,71921.16,129909.32,60,2,9,32,7095.94
TXN005894,5,1,0,1,0,2,43432.62,133041.69,51,14,10,26,5018.07
TXN005895,3,0,1,1,1,0,86442.46,88654.72,32,3,8,39,4337.16
TXN005896,1,0,0,1,1,1,69177.82,55580.16,68,0,4,36,4062.24
TXN005897,3,0,0,0,2,0,65986.39,84141.26,67,7,5,18,3438.56
TXN005898,2,0,1,1,2,2,22473.62,60295.72,64,10,2,21,3305.05
TXN005899,6,1,1,0,2,0,41080.31,48829.85,36,7,12,16,4036.82
TXN005900,0,0,1,1,1,2,43675.29,87220.55,42,4,5,1,4724.01
TXN005901,1,0,0,1,0,2,73499.28,102110.78,56,14,10,11,4360.71
TXN005902,1,0,0,1,0,0,62030.26,92679.98,21,12,15,32,3623.31
TXN005903,1,0,1,1,1,2,9043.13,143618.73,63,13,10,27,4594.33
TXN005904,3,0,0,1,0,0,31115.95,51809.06,25,5,9,25,2331.45
TXN005905,2,0,1,0,2,0,47568.23,62127.84,46,3,15,24,3013.61
TXN005906,1,0,1,1,1,0,73804.93,103470,59,10,23,27,3862.46
TXN005907,6,1,1,0,0,2,74485.13,94050.21,30,13,13,30,4483.43
TXN005908,1,0,1,0,1,2,49309.06,10260.87,55,2,15,43,4128.72
TXN005909,5,1,1,1,0,1,12134.77,53719.97,53,2,16,30,4084.71
TXN005910,0,0,1,0,1,0,29643.89,45526.66,54,14,23,26,736.84
TXN005911,5,1,0,1,0,0,25841.89,127588.08,59,12,7,43,3723.5
TXN005912,5,1,0,1,1,0,78212.13,131274.82,62,3,22,0,4799.42
TXN005913,0,0,1,1,1,0,18408.64,49745.04,68,12,3,34,2187.29
TXN005914,6,1,1,0,1,0,46759.66,24289.96,60,14,16,32,2021.34
TXN005915,2,0,1,1,1,0,67236.52,38728.27,48,5,9,0,2725.18
TXN005916,5,1,0,0,1,0,96496.22,34719.58,36,1,1,8,4467.61
TXN005917,2,0,1,1,2,1,99924.44,43240.95,54,5,11,32,5589.88
TXN005918,5,1,1,1,1,1,95315.75,42850.29,42,7,18,43,5464.44
TXN005919,4,0,1,0,1,0,71965.11,77177.41,54,8,20,36,2784.3
TXN005920,0,0,0,0,1,0,74770.86,54749.79,18,12,18,46,2984.52
TXN005921,5,1,1,0,0,1,76041.4,88375.05,38,3,7,14,4205.71
TXN005922,4,0,0,0,1,1,86329.19,58178.85,58,4,5,14,3761.08
TXN005923,3,0,0,0,2,0,95202.65,124054.77,56,7,18,48,4949.68
TXN005924,4,0,1,0,1,0,44847.76,143110.95,58,9,17,28,2800.37
TXN005925,1,0,0,1,0,1,41942.83,66548.58,43,1,13,40,3592.93
TXN005926,5,1,0,0,0,1,46316.21,16925.59,59,9,2,20,2317.38
TXN005927,4,0,0,1,1,0,66151.81,43540.95,20,1,17,45,4318.37
TXN005928,2,0,1,1,1,1,77656.82,24260.14,67,8,18,17,3679.66
TXN005929,3,0,0,1,1,0,87119.17,58266.95,58,10,14,15,3791.86
TXN005930,6,1,1,1,1,2,45892.97,100315.99,22,5,15,28,6738.19
TXN005931,5,1,1,1,0,0,36655.58,82647.11,60,9,16,40,2767.78
TXN005932,1,0,1,0,1,0,98343.59,44002.59,46,8,2,26,2988.12
TXN005933,6,1,0,1,0,0,23572.82,117416.27,50,12,22,14,2979.54
TXN005934,4,0,1,1,0,1,22589.48,28407.3,19,9,17,46,2772.57
TXN005935,6,1,0,1,2,0,71683.04,41947.44,35,6,12,8,4884.29
TXN005936,6,1,0,0,0,0,18375.9,104646.6,69,12,11,27,2055.56
TXN005937,3,0,0,0,1,1,40241.2,37612.81,31,4,18,1,3064.63
TXN005938,6,1,0,0,1,2,29592.49,105026.78,57,11,21,20,3471.95
TXN005939,6,1,1,0,1,2,17286.69,146771.79,47,8,1,10,3728.89
TXN005940,5,1,1,1,1,1,58180.87,126389.46,46,8,0,31,4327.58
TXN005941,3,0,0,0,2,0,37664.39,32401.48,46,1,9,21,3403.78
TXN005942,1,0,1,1,2,2,46492.3,82869.78,36,7,17,34,5503.7
TXN005943,4,0,1,0,2,2,19988.37,69125.02,63,7,11,41,3477.11
TXN005944,3,0,1,0,2,1,76902.75,148833.72,43,1,12,40,5293.35
TXN005945,3,0,0,0,0,2,31813.85,145016.1,63,9,3,15,2796.17
TXN005946,0,0,1,0,2,2,34600.46,27795.69,69,6,20,30,3771.07
TXN005947,3,0,0,1,0,1,25589.32,137222.32,57,0,0,9,3850.03
TXN005948,0,0,1,0,1,2,43723.16,37078.57,26,4,3,39,4010.05
TXN005949,4,0,0,1,0,0,46625.87,54723.21,63,4,20,35,3261.06
TXN005950,6,1,0,1,0,1,53201.86,59477.12,61,9,19,20,4594.96
TXN005951,5,1,0,1,2,0,96773.04,50155.09,30,4,17,7,5264.66
TXN005952,5,1,1,1,1,0,90516.83,129454.13,55,1,16,46,5797.12
TXN005953,4,0,0,1,1,1,61134.57,56190.54,48,13,19,41,4041.71
TXN005954,4,0,1,1,2,2,4370.9,124343.38,31,2,13,43,4381.57
TXN005955,2,0,0,1,0,1,61419.9,149212.75,48,12,1,46,3835.24
TXN005956,6,1,1,0,2,2,9422.03,127706.62,32,5,13,32,5845.58
TXN005957,4,0,0,1,0,0,71179.25,58460.01,51,0,9,39,3803.74
TXN005958,3,0,1,0,2,2,39312.73,109575.34,67,13,19,21,4029.7
TXN005959,5,1,0,0,2,0,83850.8,84749.28,27,11,2,29,3664.36
TXN005960,1,0,0,1,1,0,94281.66,120112.49,38,5,14,22,5220.37
TXN005961,5,1,0,1,1,0,42002.48,31433.64,56,13,6,14,2730.03
TXN005962,0,0,1,0,1,1,46325.25,99338.84,42,5,14,46,3849.78
TXN005963,5,1,0,0,2,2,59219.68,118313.35,54,6,18,42,5908.38
TXN005964,2,0,0,1,1,2,20114.71,116572.39,57,8,11,25,5242.7
TXN005965,6,1,0,1,1,2,92769.62,144903.02,37,8,23,15,6667
TXN005966,4,0,0,0,2,0,43583.49,18177.59,62,3,20,9,2521.74
TXN005967,6,1,1,0,1,1,17098.62,58409.11,24,1,3,35,4575.7
TXN005968,4,0,0,1,0,2,76391.82,76717.5,35,4,0,27,4305.06
TXN005969,5,1,0,0,1,2,22305.56,53366.89,58,0,4,41,4745.75
TXN005970,1,0,1,0,0,1,14781.16,53370.53,61,12,8,25,1056.84
TXN005971,1,0,1,1,1,2,56505.77,34658,43,14,7,30,3509.85
TXN005972,2,0,1,0,2,1,67313.78,123813.2,34,11,13,17,4552.53
TXN005973,0,0,0,1,2,1,57171.49,137129.67,59,13,13,16,4726.98
TXN005974,5,1,1,1,1,2,65822.81,21525.83,24,11,3,47,5768
TXN005975,4,0,1,1,0,1,11994.64,31685.85,45,14,6,31,2329.65
TXN005976,5,1,1,0,1,1,47863.79,41983.42,38,12,1,38,2947.12
TXN005977,2,0,0,1,2,2,36023.36,81258.25,54,4,10,4,4576.64
TXN005978,3,0,0,0,1,0,97350.18,120764.08,40,14,6,41,3748.18
TXN005979,3,0,0,1,2,2,5437.58,20003.77,64,11,19,28,3742.8
TXN005980,2,0,1,1,0,2,30180.27,99153.82,65,9,20,35,3100.54
TXN005981,4,0,0,0,0,0,94215.29,30906.96,65,12,16,38,3025.23
TXN005982,6,1,1,0,2,1,98357.87,146003.99,27,14,14,49,6439.66
TXN005983,2,0,1,0,0,2,82577.71,135828.28,63,2,3,10,4046.49
TXN005984,4,0,1,1,2,0,8061.83,142941.6,69,13,1,32,2111.61
TXN005985,1,0,0,0,2,0,56354.83,24862.94,34,6,8,3,2798.2
TXN005986,2,0,1,1,2,2,40312.24,78325.09,55,6,11,47,4902.09
TXN005987,4,0,1,0,1,2,80742.03,33134.52,18,2,23,32,3963
TXN005988,2,0,0,1,0,0,5974.91,94049.78,28,4,18,0,2149.97
TXN005989,2,0,1,1,1,2,20114.31,42583.48,50,8,22,20,2935.84
TXN005990,6,1,1,1,1,0,49174.91,117888.34,48,3,22,16,4722.02
TXN005991,6,1,1,1,0,2,16185.94,100160.36,61,1,21,33,4735.79
TXN005992,4,0,0,0,1,0,69425.16,90024.64,41,2,18,28,4018.02
TXN005993,4,0,1,0,2,2,82166.34,125531.8,37,10,21,2,5083.48
TXN005994,0,0,0,1,1,2,70599.73,80038.22,64,0,2,48,5233.93
TXN005995,2,0,0,1,2,2,44308.23,47779.24,22,4,19,23,5767.8
TXN005996,3,0,1,0,0,1,87899.57,96898.77,59,8,4,33,3233.23
TXN005997,2,0,1,0,1,2,14199.77,143988.77,43,1,8,1,4109.55
TXN005998,2,0,1,0,0,0,26403.69,94162.31,66,12,18,30,1321.34
TXN005999,4,0,1,0,2,0,49209.2,98146.72,59,2,8,39,4725.55
TXN006000,2,0,0,0,1,1,6603.19,140865.1,24,2,20,6,3354.57
TXN006001,5,1,0,0,2,1,10020.74,82138.51,44,6,21,28,3325.01
TXN006002,2,0,1,1,2,1,40045.62,149490.04,35,11,17,10,4656.55
TXN006003,5,1,0,0,2,2,94416.69,32352.69,55,9,15,42,6290.4
TXN006004,6,1,1,0,0,2,90887.16,85185.58,48,6,1,24,4570.86
TXN006005,3,0,1,1,0,0,46864.5,39806.12,26,14,11,18,1692.85
TXN006006,4,0,1,0,0,0,14644.78,73465.69,19,10,17,10,704.02
TXN006007,2,0,1,0,1,2,18221.71,33880.35,61,0,22,44,3268.06
TXN006008,5,1,0,0,2,0,38065.83,41154.03,54,2,10,34,4870.59
TXN006009,5,1,0,1,0,2,21402.38,39512.01,64,0,21,32,5083.15
TXN006010,6,1,1,0,2,1,8756.07,54804.39,62,8,22,4,2823.49
TXN006011,5,1,1,1,0,2,67540.86,28844.7,46,13,2,34,3812.79
TXN006012,1,0,0,0,2,2,58354.14,123307.9,51,13,19,2,4677.95
TXN006013,0,0,0,1,0,2,29484.03,40894.58,32,6,21,30,3463.67
TXN006014,3,0,0,0,0,0,78005.36,68319.66,63,13,2,11,1427.05
TXN006015,6,1,1,0,0,2,77706.91,12248,26,12,14,3,3931.76
TXN006016,6,1,0,0,0,2,49354.7,24683.42,33,4,11,31,5100.1
TXN006017,2,0,1,1,2,2,10104.99,135478.07,19,6,0,49,4781.16
TXN006018,1,0,1,0,0,1,91887.71,127202.43,18,2,21,49,4674.35
TXN006019,2,0,0,0,0,2,67031.72,127729.14,26,2,10,23,5202.02
TXN006020,2,0,1,1,0,2,25081.56,67589.48,37,0,1,35,4069.58
TXN006021,4,0,0,1,2,2,61240.23,29814.31,63,4,22,1,4923.81
TXN006022,4,0,1,1,0,0,40799.64,25105.23,19,6,20,4,1486.49
TXN006023,4,0,1,0,2,1,63717.29,94784.38,18,2,13,11,4816.56
TXN006024,1,0,1,1,1,1,47650.15,125947.06,27,4,0,24,4584.98
TXN006025,2,0,1,0,2,2,48804.48,136016.03,40,9,17,40,4957.4
TXN006026,0,0,1,1,1,2,73720.27,50422.43,36,0,17,23,5980.63
TXN006027,3,0,1,1,0,0,61565.71,54943.72,35,13,14,24,2685.34
TXN006028,4,0,0,0,0,2,8455.29,24122.73,41,6,3,43,3147.89
TXN006029,4,0,0,0,2,0,7004.67,118417.37,69,12,1,44,1884.77
TXN006030,6,1,1,0,0,2,30848.42,48596.64,39,10,14,44,4013.64
TXN006031,2,0,0,0,0,0,43309.48,77330.13,37,14,12,17,2112.64
TXN006032,2,0,1,1,2,1,27884.64,140045.62,28,14,9,19,4634.13
TXN006033,1,0,0,1,0,2,65320.26,115310.2,26,7,14,32,5580.86
TXN006034,1,0,0,1,1,0,19913.24,17383.31,32,7,5,28,2772.46
TXN006035,4,0,1,0,1,0,70562.04,11141.64,33,0,20,28,2600.35
TXN006036,2,0,0,0,0,2,77428.5,120237.11,30,3,9,21,5253.62
TXN006037,0,0,1,1,0,0,12869.77,87350.03,23,8,2,11,1075.67
TXN006038,3,0,0,1,1,2,65255.22,110846.82,42,1,12,33,6135.67
TXN006039,2,0,1,0,0,2,96162.88,31954.15,64,0,17,3,3767.38
TXN006040,6,1,0,1,1,0,19685.97,132086.7,32,5,5,4,4322.01
TXN006041,2,0,1,1,2,0,90975.63,118265.5,35,13,13,9,4891.59
TXN006042,5,1,0,1,1,0,60801.77,134717.45,60,12,17,21,4714.06
TXN006043,1,0,1,0,0,1,59299.01,57753.45,50,12,10,24,2735.6
TXN006044,6,1,0,1,0,2,5666.31,48598.73,31,10,19,0,3582.53
TXN006045,3,0,1,0,1,2,74955.88,31242.4,51,10,14,9,3615.24
TXN006046,4,0,0,1,1,1,48088.17,140212.39,19,0,20,14,4824.69
TXN006047,6,1,1,0,0,1,72256.85,34756.09,37,5,12,39,3342.87
TXN006048,2,0,0,1,0,0,81013.52,26704.41,59,0,15,30,3049.14
TXN006049,4,0,1,1,0,2,52617.74,36974.95,33,14,23,16,2461.86
TXN006050,2,0,1,1,2,1,26732.61,117993.44,20,5,11,11,5084.54
TXN006051,4,0,1,0,2,1,14586.46,134534.09,63,14,0,4,1615.56
TXN006052,3,0,1,1,1,2,16470.06,123527.88,47,8,22,37,3696
TXN006053,1,0,0,1,1,2,86760,88853.4,40,12,13,47,5540.56
TXN006054,3,0,0,0,2,2,12796.02,149143.8,56,4,21,38,5257.64
TXN006055,5,1,0,0,2,0,38777.06,19639.57,68,3,2,8,2916.63
TXN006056,0,0,1,1,1,1,33760.33,131406.83,68,7,9,16,3918.27
TXN006057,1,0,1,1,2,0,86612.84,69879.94,40,3,9,28,4990.34
TXN006058,3,0,1,1,1,2,48030.5,73717.13,68,3,0,41,4725.75
TXN006059,5,1,1,1,0,2,99646.42,27863.29,20,10,17,16,5340.05
TXN006060,0,0,1,1,1,1,73836.95,14680.62,30,12,16,45,3027.43
TXN006061,5,1,0,0,2,0,85166.9,54327.97,68,8,18,13,4227.39
TXN006062,2,0,0,1,2,0,10317.89,34479.49,63,0,0,19,3067.35
TXN006063,2,0,0,0,2,0,25683.67,77667.43,57,11,4,46,2736.76
TXN006064,4,0,1,0,1,2,13976.9,30626.27,46,2,5,26,3166.81
TXN006065,1,0,1,1,2,1,46630.39,29309.88,40,10,0,38,3327.2
TXN006066,2,0,1,0,1,0,71969.61,132777.06,57,3,16,47,3312.3
TXN006067,6,1,1,1,0,2,17321.83,138981.26,34,7,11,19,4230.62
TXN006068,5,1,1,0,0,2,13451.77,144990.27,38,0,3,22,4911.58
TXN006069,1,0,1,0,2,0,61653.57,105270.34,46,2,3,8,4055.04
TXN006070,6,1,1,1,1,1,23416.12,117942.31,54,13,23,48,3490.95
TXN006071,2,0,0,1,1,1,48192.84,127009.87,22,13,9,18,4486.27
TXN006072,4,0,0,0,2,0,5586.21,102249.09,38,1,22,31,3232.53
TXN006073,3,0,1,1,1,2,68220.97,56234.03,19,5,22,11,5310.79
TXN006074,4,0,1,1,2,2,54360.98,31894.18,40,11,7,1,4179.19
TXN006075,6,1,1,0,2,0,64918.58,43218.26,28,8,11,35,4450.66
TXN006076,0,0,0,0,0,2,27902.93,127657.97,32,9,11,20,4686.91
TXN006077,2,0,0,0,2,2,28221,107453.61,40,12,2,39,3956.78
TXN006078,6,1,1,1,1,0,80235.37,73811.41,24,8,15,42,4963.74
TXN006079,0,0,0,1,2,2,71996.95,14116.71,60,14,3,10,3613.88
TXN006080,0,0,0,1,0,0,58183,47268.61,51,9,23,27,1749.23
TXN006081,5,1,0,0,0,0,63000.28,112045.65,55,4,4,11,3950.64
TXN006082,1,0,1,1,1,0,9857.4,81734.21,58,2,14,4,3072.04
TXN006083,5,1,0,0,2,2,85689.04,70974.55,66,7,20,49,6538.98
TXN006084,2,0,0,0,1,0,77105.75,53915.12,68,8,23,14,1883.01
TXN006085,0,0,1,0,1,2,59253.91,94970.46,61,8,7,31,4087.51
TXN006086,6,1,1,0,2,0,91900.22,145293.95,23,10,21,16,5207.33
TXN006087,3,0,0,0,0,1,17279.47,136157.31,33,0,19,40,2821.64
TXN006088,0,0,1,0,1,2,68822.41,14269.71,19,11,9,35,4036.94
TXN006089,6,1,0,0,1,2,96316.69,77333.54,49,14,0,13,5451.86
TXN006090,3,0,0,1,0,2,31345.89,56125.7,60,9,9,40,4177.85
TXN006091,5,1,1,0,2,1,2021.59,81484.65,64,4,17,8,2586.15
TXN006092,5,1,1,1,2,0,73619.31,94869.92,55,12,16,16,4750.02
TXN006093,1,0,0,1,2,1,1194.54,38003.93,45,9,3,43,3145.32
TXN006094,6,1,1,1,0,0,87317.1,119419.53,58,11,21,6,3844.2
TXN006095,0,0,1,1,1,0,6101.97,76509.53,26,8,12,31,2639.99
TXN006096,4,0,0,1,0,0,65450.09,148880.85,42,10,21,43,3572.23
TXN006097,5,1,0,0,1,0,38029.82,13517.83,67,2,5,43,2120.64
TXN006098,5,1,0,1,1,0,20732.4,36560.68,43,6,0,5,2724.62
TXN006099,1,0,0,1,2,1,89876.71,106548.17,62,8,0,15,5083.97
TXN006100,3,0,0,1,2,2,74751.46,107325.16,43,13,2,1,4886.14
TXN006101,1,0,0,0,2,1,34373.84,91506.35,22,12,4,9,3895.97
TXN006102,0,0,1,1,0,2,28773.23,146074.4,34,1,17,3,4065.13
TXN006103,6,1,1,1,2,2,73733.22,68144.1,43,1,11,4,5990.98
TXN006104,2,0,0,1,0,2,83738.79,68385.15,43,4,0,36,4782.62
TXN006105,2,0,1,1,2,1,71727.12,137466.69,60,7,8,38,5176.53
TXN006106,6,1,1,0,2,0,64178.93,85381.85,26,9,16,25,4716.21
TXN006107,3,0,0,1,2,0,23178.51,59521.87,40,4,12,29,3557.76
TXN006108,5,1,1,0,0,2,85354,110651.32,69,7,13,1,5511.81
TXN006109,3,0,1,0,1,0,75091.37,96753.89,41,3,10,17,3380.56
TXN006110,5,1,0,1,0,0,51968.79,52897.41,58,8,10,6,3345.83
TXN006111,5,1,1,1,0,1,51402.98,51710.03,26,12,3,45,2876.36
TXN006112,2,0,1,0,0,0,57132.72,65385.79,27,3,8,46,2845.21
TXN006113,3,0,0,1,1,0,82913.5,20026.81,69,4,17,22,3572.62
TXN006114,1,0,1,1,0,1,74354.83,141966.37,23,11,18,19,4790.59
TXN006115,5,1,1,1,2,0,85696.38,35622.81,21,11,3,14,3710.72
TXN006116,4,0,1,0,1,2,50974.64,37135.4,18,11,11,27,3582.65
TXN006117,4,0,0,0,0,1,62652.58,100585.38,23,6,17,45,4655.04
TXN006118,1,0,0,1,0,0,85529.89,111394.59,55,8,17,2,4263.7
TXN006119,4,0,1,1,1,0,23615.85,113156.96,46,14,5,2,1765.14
TXN006120,0,0,1,0,0,1,44680.06,62510.5,61,4,10,11,2304.43
TXN006121,5,1,0,0,1,2,62254.9,132266.05,20,13,4,33,4857.89
TXN006122,1,0,0,0,2,1,91557.05,86159.87,62,6,15,35,4248.54
TXN006123,3,0,1,0,0,2,2075.68,71402.26,41,12,10,7,1879.98
TXN006124,5,1,0,0,0,1,21651.03,123454.1,59,12,4,8,2619.45
TXN006125,1,0,1,0,2,0,23827.83,44098.57,26,3,8,34,3702.15
TXN006126,2,0,1,0,0,1,32997.96,130425.96,34,1,22,23,3313.3
TXN006127,3,0,0,1,0,1,28537.77,85436.12,60,1,10,23,3671.66
TXN006128,2,0,0,0,1,2,59218.81,136008.14,55,4,14,34,5656.86
TXN006129,5,1,1,0,0,1,88619.22,38225.75,59,1,16,10,4616.02
TXN006130,3,0,1,1,2,2,63879.3,141048.83,67,13,17,5,5588.54
TXN006131,4,0,0,1,0,1,24531.89,106302.74,31,14,20,24,2947.5
TXN006132,1,0,1,1,1,0,86443.41,96565.99,53,1,13,0,4370.08
TXN006133,5,1,0,0,2,1,63388.56,69089.45,62,1,6,8,5221.94
TXN006134,0,0,0,0,2,0,22286.73,143884.1,50,3,23,11,3126.19
TXN006135,3,0,0,1,2,2,36485.82,72148.75,37,7,22,12,4429.51
TXN006136,3,0,0,1,2,2,79101.5,79796.01,51,6,15,28,6542.27
TXN006137,6,1,0,1,1,2,74023.65,119409.74,20,4,8,45,7247.43
TXN006138,5,1,1,0,1,2,57869.95,49877.94,37,6,2,31,4110.44
TXN006139,5,1,0,1,1,1,14904.37,50809.34,20,5,20,30,4294.41
TXN006140,2,0,0,0,1,1,80427.29,118541.68,23,14,15,25,4635.63
TXN006141,6,1,0,0,0,1,31100.48,28001.17,46,7,21,39,2284.65
TXN006142,4,0,0,0,1,0,77273.99,125215.03,56,13,6,23,3140.08
TXN006143,2,0,0,0,0,1,64932.85,97524.5,60,14,6,14,2393.06
TXN006144,6,1,0,1,2,0,26784.94,85471.73,48,7,19,41,5288.49
TXN006145,2,0,0,1,0,0,21630.74,42075.31,56,6,0,5,1280.07
TXN006146,4,0,1,1,0,1,13525.54,120091.54,66,4,7,28,3767.3
TXN006147,6,1,1,0,0,0,24573.65,122693.43,38,5,0,30,2616.06
TXN006148,6,1,1,1,1,2,16203.99,77611.86,68,10,11,15,4398.58
TXN006149,0,0,1,0,1,1,61896.6,64483.66,61,10,16,9,2858.2
TXN006150,2,0,0,0,2,1,60078.92,44462.66,18,9,9,44,4252
TXN006151,2,0,1,0,1,0,58824.12,115592.76,50,7,18,39,3152.86
TXN006152,3,0,0,1,0,1,64368.04,99523.27,67,6,8,3,3619.64
TXN006153,4,0,1,0,1,1,81571.06,38928.34,27,4,9,28,4061.28
TXN006154,1,0,1,0,1,0,91398.49,121225.53,69,9,10,7,2730.75
TXN006155,0,0,0,1,0,1,23422.37,133508.74,43,7,9,39,4027.91
TXN006156,6,1,0,1,2,1,58983.56,18294.62,20,3,16,10,5060.68
TXN006157,6,1,1,1,1,1,8294.45,118138.89,31,12,6,0,3735.05
TXN006158,6,1,1,0,2,0,12454.17,129392.27,25,5,4,42,4121.39
TXN006159,0,0,1,0,0,1,65606.76,148811.11,65,3,19,36,4492.07
TXN006160,6,1,1,1,1,1,48914.77,43264.21,67,11,11,22,4002.65
TXN006161,6,1,0,0,2,1,75954.04,61940.45,49,4,4,29,5191.94
TXN006162,4,0,1,0,2,2,42854.91,145266.75,58,9,0,14,3778.22
TXN006163,5,1,1,1,0,1,13196.04,23162.18,53,2,9,28,3627.07
TXN006164,5,1,1,1,1,0,87269.34,83319.1,44,1,6,23,5168.93
TXN006165,3,0,1,1,2,2,8747.4,80944.24,50,10,11,8,3658.43
TXN006166,3,0,1,1,2,0,19301.98,94916.68,38,0,1,42,3631.56
TXN006167,6,1,0,1,2,1,28059.2,56310.97,43,2,8,10,4411.52
TXN006168,4,0,0,1,2,1,99530.42,139628.53,31,12,4,14,5768.89
TXN006169,6,1,0,1,2,1,41977.55,47808.58,60,10,4,43,4315.46
TXN006170,3,0,0,1,2,2,50420,100957.37,53,0,13,45,6302.43
TXN006171,0,0,0,0,2,1,77084.83,79429.78,45,13,18,37,5033.67
TXN006172,0,0,1,0,2,0,63823.35,47334.28,45,5,17,47,3250.69
TXN006173,1,0,0,0,2,2,84221.36,36439.53,38,10,7,25,5209.76
TXN006174,5,1,0,0,2,0,48900.13,143918.7,65,1,2,44,5346.88
TXN006175,4,0,1,0,1,0,97231.68,88580.8,58,2,13,36,4486.95
TXN006176,2,0,0,0,0,0,79782.83,94586.73,46,12,10,23,2979.99
TXN006177,5,1,0,0,0,0,40435.86,119605.36,63,7,7,21,2756.72
TXN006178,2,0,0,0,0,0,38436.55,21371.73,55,4,21,17,1117.23
TXN006179,1,0,0,0,2,1,92984.37,109927,51,11,11,8,4377.65
TXN006180,1,0,1,0,0,0,68599.36,33119.62,18,1,10,28,2762.4
TXN006181,6,1,1,0,2,0,62332.65,113667.35,37,1,8,31,5027.2
TXN006182,3,0,0,1,1,1,75904.15,29786.01,43,2,3,11,3865.44
TXN006183,1,0,1,0,0,2,56302.97,126549.12,68,2,18,40,4590.49
TXN006184,1,0,0,1,1,1,16337.09,105342.28,44,7,6,16,3462.79
TXN006185,2,0,1,0,1,2,32261.94,64024.64,40,4,16,24,3680.38
TXN006186,3,0,1,1,2,0,56015.51,60236.82,24,7,15,13,3180.14
TXN006187,1,0,1,0,0,1,2307.7,30852.59,39,3,18,24,1712.39
TXN006188,5,1,1,1,1,2,44016.4,136567.47,64,8,22,26,5188.31
TXN006189,1,0,1,0,0,2,75702.39,26594.1,54,2,11,12,3555.2
TXN006190,3,0,1,1,1,1,16841.28,76090.83,52,1,6,36,3830.18
TXN006191,6,1,1,0,1,1,6923.62,43112.58,64,5,13,9,2862.14
TXN006192,4,0,1,1,2,1,83684.9,149485.85,21,10,10,8,5953.59
TXN006193,3,0,1,0,0,1,61918.75,92018.17,46,14,10,12,2831.62
TXN006194,2,0,1,1,2,1,18069.61,30941.83,54,3,6,6,3556.83
TXN006195,4,0,1,1,2,0,80727.35,103458.96,53,1,10,13,5616.61
TXN006196,5,1,0,1,2,0,65983.88,148825.26,20,13,2,35,5369.37
TXN006197,0,0,1,1,2,1,33744.87,94706.06,19,5,14,39,4523.53
TXN006198,3,0,0,1,2,1,37931.53,74033.07,22,3,2,4,4206.98
TXN006199,6,1,1,1,1,0,16010.87,51057.82,35,9,20,12,2499.5
TXN006200,2,0,0,1,0,2,83607.93,22897.28,51,10,8,19,3833.21
TXN006201,5,1,0,1,0,0,51146.16,41954.48,32,3,16,27,2967.13
TXN006202,4,0,0,0,2,1,55923.4,87506.91,67,12,16,14,3716.03
TXN006203,5,1,1,0,0,2,88407.45,115530,67,9,11,38,5321.92
TXN006204,3,0,1,0,1,1,2075.15,132910.32,57,3,6,20,3746.17
TXN006205,1,0,1,1,2,2,7158.84,121119.72,61,3,10,16,5584.54
TXN006206,6,1,1,1,1,1,16577.11,27565.13,58,7,13,5,3584.12
TXN006207,3,0,0,0,1,0,3488.76,118284.38,68,0,19,45,3002.69
TXN006208,0,0,1,0,2,1,65986.54,91424.64,18,8,0,45,3712.12
TXN006209,3,0,1,1,1,0,63571.01,75675.06,39,13,5,24,2968.62
TXN006210,4,0,1,1,2,2,21474.79,90186.98,42,2,21,9,4589.75
TXN006211,4,0,1,0,1,0,15365.94,11130.55,34,4,20,13,1326.93
TXN006212,3,0,1,1,0,2,14995.63,19482.23,50,4,16,18,2667.16
TXN006213,4,0,1,0,0,1,95347.52,83618.9,69,3,8,10,3900.79
TXN006214,1,0,1,1,0,0,69503.7,34306.69,34,3,0,31,1995.4
TXN006215,5,1,1,0,2,2,58750.17,86375.73,55,6,11,9,6707.96
TXN006216,3,0,0,0,1,2,32587.44,59589.9,22,13,19,46,4181.47
TXN006217,6,1,0,1,1,2,43587.8,137037.68,54,3,16,33,7043.02
TXN006218,1,0,1,0,0,2,9395.89,142955.68,60,9,3,43,2412.32
TXN006219,5,1,1,1,0,1,99816.11,147169.78,60,2,22,28,5139.74
TXN006220,6,1,1,1,2,1,75631,135851.32,28,10,7,28,6356.04
TXN006221,6,1,1,1,2,1,62334.59,148024.72,29,8,18,21,6005.16
TXN006222,6,1,0,1,1,2,58982.84,108860.6,61,13,18,49,6467.35
TXN006223,5,1,0,1,2,1,50679.28,144475.92,51,3,4,13,6369.45
TXN006224,1,0,1,0,2,2,26114.03,99850.95,52,3,10,1,4334.29
TXN006225,6,1,0,1,2,2,23025.85,123289.99,56,9,5,11,6170.37
TXN006226,6,1,0,1,0,2,55178.48,28467.4,69,11,12,21,4401.09
TXN006227,2,0,1,0,0,0,7484.98,105563.94,63,7,18,0,1126.94
TXN006228,3,0,1,1,1,1,7909.84,140354.46,33,11,5,49,4013.59
TXN006229,5,1,1,0,2,1,56300.95,85606.75,41,10,22,11,3811.09
TXN006230,5,1,0,1,0,0,92021.3,36154.76,48,6,12,11,4659.45
TXN006231,4,0,0,0,2,0,91470.05,83764.4,31,3,5,3,4628.46
TXN006232,5,1,1,1,1,0,1577.42,108971.74,66,13,15,16,2267.97
TXN006233,1,0,1,1,2,0,11185.72,117770.39,64,7,21,47,3849.64
TXN006234,5,1,0,1,1,2,58516.23,83318.28,49,9,17,18,5465.52
TXN006235,2,0,0,1,1,1,84923.33,40431.52,60,1,10,0,4048.99
TXN006236,3,0,1,1,0,1,95467.68,139736.43,30,12,19,16,4150.68
TXN006237,3,0,0,0,2,1,86127.93,118306.44,55,12,16,33,4431.33
TXN006238,5,1,1,0,0,2,67922.51,47896.38,34,8,9,42,4710.69
TXN006239,6,1,1,1,2,1,20452.25,123653.81,61,1,15,6,5919.59
TXN006240,0,0,0,0,2,0,7725.84,58700.77,53,13,4,32,1771
TXN006241,0,0,0,1,1,1,5227.82,53740.39,59,9,9,5,3271.31
TXN006242,6,1,0,1,1,1,61401.64,130830.73,35,13,2,5,5222.98
TXN006243,6,1,1,1,2,2,4100.77,132252.93,36,13,18,31,4067.95
TXN006244,6,1,1,0,0,0,74054.38,65787.4,24,2,3,27,3963.75
TXN006245,1,0,1,1,1,0,71390.84,11249.19,47,12,11,36,2532.92
TXN006246,0,0,1,0,1,0,8421.28,36119.19,29,5,21,28,1619.7
TXN006247,6,1,1,1,2,1,90708.93,137301.49,28,6,9,42,7079.04
TXN006248,1,0,1,1,2,0,52431.96,135824.91,46,8,10,29,5491.34
TXN006249,4,0,0,0,1,0,90491.64,73468.26,20,7,7,21,4043.94
TXN006250,1,0,1,1,0,1,90210.2,52576.34,51,10,11,4,3788.49
TXN006251,0,0,1,0,1,2,20104.89,52384.76,51,5,13,28,3822.25
TXN006252,5,1,1,1,2,1,38367.47,135607.27,48,14,20,1,3917.78
TXN006253,4,0,1,1,1,2,13895.32,55462.66,39,14,21,9,3140.92
TXN006254,0,0,0,1,2,2,77610.31,81621.24,19,7,2,45,5982.18
TXN006255,1,0,1,0,1,0,50660.43,112341.55,44,10,10,19,2490.04
TXN006256,2,0,0,1,2,0,92916.35,39327.35,64,12,6,17,4069.61
TXN006257,3,0,0,0,2,1,21217.41,45537.47,53,10,14,44,2574.39
TXN006258,0,0,1,1,0,2,68992.58,60128.67,49,4,10,34,5066.71
TXN006259,6,1,1,1,2,1,98929.06,101591.27,52,9,6,35,6161.5
TXN006260,1,0,0,0,1,0,66705.44,124448.69,34,9,18,17,3468.54
TXN006261,6,1,0,1,2,2,7343.01,86538.81,51,12,15,11,4009.57
TXN006262,6,1,1,1,1,0,59048.22,28610.02,43,13,20,49,3627.23
TXN006263,6,1,0,0,0,0,18394.35,72474.37,27,11,18,45,2611.68
TXN006264,6,1,1,0,1,0,3535.03,27876.7,56,11,12,24,1462.6
TXN006265,6,1,1,0,0,2,33828.59,22361.6,26,8,20,35,3059.21
TXN006266,4,0,0,1,0,2,26977.36,92546.35,42,3,16,41,4947.64
TXN006267,0,0,1,0,2,0,78982.7,143869.7,37,0,13,40,5382.62
TXN006268,0,0,1,0,0,2,37681.21,127265.66,32,14,22,19,2878.35
TXN006269,3,0,1,1,1,0,73429.4,118425.98,57,12,1,47,2892.55
TXN006270,1,0,0,0,0,0,2115.78,111787.84,66,13,21,10,776.31
TXN006271,2,0,0,0,0,0,1973.81,135597.9,44,7,9,19,2137.75
TXN006272,4,0,0,1,2,2,3416.69,115396.91,28,4,5,32,5723.66
TXN006273,1,0,1,0,1,1,22326.16,97762.83,33,12,15,9,2100.17
TXN006274,4,0,0,1,0,1,37711.78,61055.21,47,8,6,24,2828.45
TXN006275,0,0,0,0,2,2,60980.66,24132.14,39,2,18,9,5498.38
TXN006276,6,1,0,0,2,2,98598.43,74544.67,41,8,23,23,6069.03
TXN006277,3,0,1,1,1,0,35763.75,139469.79,67,7,20,40,3361.06
TXN006278,3,0,1,0,2,0,6038.06,91634.04,41,13,9,32,2448.49
TXN006279,5,1,0,1,0,1,19892.57,35830.59,53,14,19,33,3516.11
TXN006280,2,0,0,0,2,0,89836.26,100863.26,35,5,14,14,4210.62
TXN006281,3,0,0,0,1,1,70088.23,75164.71,37,14,11,39,4621.15
TXN006282,6,1,1,1,1,1,79124.98,140393.21,25,10,8,23,5868.97
TXN006283,0,0,0,1,2,2,12854.74,32531.59,32,9,17,14,4162.95
TXN006284,2,0,1,0,0,2,13931.21,109681.64,30,9,16,48,3379.47
TXN006285,1,0,1,0,2,2,11668.48,105424.35,53,10,18,9,4066.74
TXN006286,6,1,1,0,1,1,85788.33,147695.82,31,7,9,4,5901.11
TXN006287,6,1,0,1,2,2,21391.78,89087.7,64,7,7,21,5445.73
TXN006288,3,0,0,1,2,1,64493.6,132020.37,64,6,19,36,4954.31
TXN006289,2,0,1,0,0,2,51858.55,13459.95,41,13,4,30,2204.61
TXN006290,0,0,1,0,2,1,54666.8,27204.88,54,6,12,22,2930.42
TXN006291,5,1,1,0,0,0,19945.82,58431.4,41,2,20,10,2549.68
TXN006292,4,0,1,1,2,0,63706.99,96705.84,64,6,1,9,3134.82
TXN006293,4,0,0,0,2,1,4788.5,72871.11,35,11,0,34,2373.5
TXN006294,0,0,0,1,0,1,99350.49,38377.47,49,2,7,21,5075.05
TXN006295,0,0,1,1,0,0,3162.51,92488.52,52,10,9,40,2145.96
TXN006296,4,0,1,0,1,1,5490.58,89337.87,37,12,4,21,2116.47
TXN006297,5,1,1,1,0,1,32802.42,83422.65,59,8,17,36,3477.02
TXN006298,2,0,0,1,2,0,83246.72,22677.86,49,10,22,26,3655.79
TXN006299,4,0,1,0,1,1,26090.33,139783.57,54,4,1,0,2536.52
TXN006300,0,0,0,0,0,2,47457.53,92915.74,54,10,21,4,3271.05
TXN006301,3,0,1,0,0,0,2288.74,46958.84,64,7,8,10,100
TXN006302,1,0,0,0,1,2,8348.49,106238.55,50,11,15,32,4007.22
TXN006303,5,1,0,0,2,1,60992.62,54507.12,18,2,19,15,5409.74
TXN006304,6,1,1,0,2,1,19838.67,80819.84,65,2,20,39,4159.86
TXN006305,5,1,0,0,1,2,69578.33,57758.45,45,12,16,29,5125.63
TXN006306,3,0,0,1,2,1,78646.42,133255.16,44,2,15,27,6284.29
TXN006307,3,0,0,0,0,1,85108.25,149157.28,34,12,0,28,3680.94
TXN006308,6,1,0,0,2,2,13813.03,32565.49,63,14,4,15,3898.43
TXN006309,0,0,1,0,0,1,45823.1,13301.05,32,7,18,0,2312.33
TXN006310,4,0,1,0,2,0,94734.6,40705.15,31,8,17,7,3781.94
TXN006311,2,0,1,0,0,2,77322.31,92593.28,48,12,22,3,3263.17
TXN006312,5,1,1,0,1,2,12137.56,34353.16,51,13,19,35,2914.7
TXN006313,6,1,1,1,0,2,50498.77,123607.82,20,6,2,17,5665.21
TXN006314,5,1,0,0,2,2,92276.87,67213.88,29,0,17,18,6618.46
TXN006315,3,0,0,1,0,0,44283.86,95474.58,43,5,10,35,4154.02
TXN006316,4,0,0,0,2,2,83823.05,73786.5,41,2,10,8,6088.96
TXN006317,5,1,0,1,2,2,49836.45,136465.91,51,0,10,25,7854.12
TXN006318,2,0,1,1,0,1,11127.76,14918.95,25,9,9,1,2053.87
TXN006319,3,0,1,1,2,2,15211.57,112102.27,29,13,9,2,4221.32
TXN006320,2,0,0,0,1,1,5144.24,101304.1,26,1,3,27,3720.27
TXN006321,4,0,1,0,2,2,19933.82,100932.1,43,12,8,44,3415.06
TXN006322,5,1,0,0,1,2,89414.6,67958.52,63,11,9,19,5067.43
TXN006323,1,0,0,0,1,0,65194.71,12194.53,55,2,12,18,2819.41
TXN006324,5,1,1,0,2,1,74016.27,106493.7,66,6,22,18,4232.89
TXN006325,4,0,1,0,1,0,62355.32,126125.97,60,5,0,40,3143.18
TXN006326,5,1,1,1,1,1,38960.66,21932.24,36,14,15,36,4139.89
TXN006327,6,1,1,1,0,2,22077.68,71826.45,38,1,18,14,3976.28
TXN006328,5,1,1,1,1,0,92598.65,32763.28,30,11,11,40,4328.41
TXN006329,0,0,1,0,1,1,51725.56,95531.29,52,4,4,5,3211.99
TXN006330,5,1,1,0,1,1,48369.44,119984.68,20,0,22,41,5206.41
TXN006331,5,1,0,1,1,0,99612.36,103338.92,42,2,4,0,5867.62
TXN006332,2,0,1,0,1,1,38701.03,54528.41,49,13,6,12,2017.76
TXN006333,1,0,0,0,2,2,85485.47,29562.58,38,0,11,48,6376.68
TXN006334,2,0,0,0,1,1,86303.23,121197.54,31,2,13,45,5648.39
TXN006335,2,0,1,1,2,2,23650.69,55348.36,48,1,0,2,3725.36
TXN006336,3,0,0,1,2,1,9936.55,13099.58,25,3,5,44,3926.97
TXN006337,0,0,1,0,2,0,97574.2,89998.97,24,4,17,7,3931.17
TXN006338,2,0,0,1,0,2,42876.74,44534.82,53,2,5,22,3986.06
TXN006339,6,1,0,1,0,1,720.92,127768.84,52,9,18,27,3671.91
TXN006340,4,0,0,0,2,2,50152.27,30055.73,36,13,11,32,3876.68
TXN006341,6,1,1,0,0,0,62120.39,70872.12,19,4,17,33,4659.17
TXN006342,4,0,0,1,1,1,77720.78,45438.23,22,10,2,33,4639.42
TXN006343,5,1,0,1,2,1,94322.74,106544.23,61,6,10,24,6761.82
TXN006344,3,0,0,0,2,2,91559.48,86794.33,19,9,3,40,5855.2
TXN006345,0,0,1,0,2,0,94043.51,120738.28,35,12,12,0,4185.03
TXN006346,6,1,0,0,0,0,3696.45,74205.76,32,8,0,42,2105.81
TXN006347,0,0,1,1,0,1,71321.53,10673.18,33,7,19,6,3583
TXN006348,6,1,0,1,0,2,22972.87,40127.51,29,14,5,37,4246.71
TXN006349,5,1,0,0,1,1,19161.49,149882,61,11,20,27,3047.77
TXN006350,4,0,0,0,0,1,80131.7,66748.3,53,11,13,16,3548.55
TXN006351,1,0,1,0,2,2,42004.4,96832.92,39,5,20,37,4333.74
TXN006352,3,0,0,0,0,0,91701.71,136690.43,45,14,8,47,3299.25
TXN006353,6,1,0,1,0,1,4722.29,12873.39,57,14,8,29,2735.71
TXN006354,6,1,0,0,0,1,80316.99,102345.04,60,13,6,0,3064.52
TXN006355,5,1,0,0,0,2,14115.02,50372.78,39,8,14,27,4391.06
TXN006356,3,0,1,1,2,2,18069.43,49094.76,21,7,9,35,4914.27
TXN006357,4,0,0,0,0,1,47996.5,41479.2,29,11,8,17,2628.21
TXN006358,4,0,0,1,2,0,39861.2,125182.09,38,3,23,1,4267.59
TXN006359,6,1,0,1,0,2,48874.14,62212.68,44,10,23,32,4834.01
TXN006360,1,0,0,1,1,1,94032.64,19396.32,40,1,14,6,5023.77
TXN006361,1,0,1,0,1,0,65910.2,23559.16,59,8,20,47,2483.41
TXN006362,0,0,0,1,2,2,29385.78,30806.01,44,5,8,44,4523.83
TXN006363,3,0,0,0,2,2,17704.42,135849.86,58,9,23,49,4522.36
TXN006364,3,0,1,1,1,1,42294.6,69842.08,33,7,6,38,4097.39
TXN006365,4,0,0,1,1,2,45438.28,138246.91,49,7,23,17,5381.92
TXN006366,0,0,0,1,0,1,60328.79,124447.13,53,3,22,6,4110.7
TXN006367,5,1,0,0,1,2,26967.27,127303.57,34,9,7,3,4979.95
TXN006368,3,0,1,0,2,0,76867.17,50156.45,35,4,1,16,2754.58
TXN006369,0,0,0,1,2,0,10296.79,47984.02,44,0,2,18,3025.56
TXN006370,0,0,1,0,1,2,56265.11,88409.57,24,8,21,4,4108.95
TXN006371,6,1,1,1,2,1,62541.4,68509.49,58,14,21,38,4793.36
TXN006372,4,0,1,1,0,2,21079.74,81268.5,55,6,22,37,3959.54
TXN006373,0,0,1,1,0,1,82688.13,17448.59,37,0,1,36,3897.84
TXN006374,1,0,1,1,1,2,61735.5,146022.63,52,10,0,12,4437.83
TXN006375,1,0,1,0,2,0,64749.36,18143.63,64,9,11,11,2644.09
TXN006376,2,0,1,1,1,1,50025.48,35036.38,50,9,4,36,2947.9
TXN006377,4,0,0,0,2,0,91004.62,104948.07,43,13,17,3,4334.6
TXN006378,6,1,0,1,2,0,69545.79,31770.22,41,2,18,24,4821.21
TXN006379,5,1,1,1,2,0,38492.64,24961.79,41,8,1,30,3102.41
TXN006380,2,0,1,1,0,2,24241.29,31506.85,48,10,15,39,2634.69
TXN006381,1,0,1,1,2,1,7570.64,18668.83,44,10,22,14,2271.24
TXN006382,6,1,1,1,0,0,16953.4,45184.62,66,11,5,27,2133.99
TXN006383,2,0,1,0,2,1,99271.95,47956.7,26,0,23,10,5261.32
TXN006384,4,0,1,0,1,1,40973.31,79807.09,19,5,2,28,3184.58
TXN006385,6,1,0,1,0,0,89919.38,71421.15,23,4,7,4,4687.83
TXN006386,4,0,0,0,0,2,17471.65,76319.88,48,13,3,42,1440.21
TXN006387,0,0,1,0,0,0,42823.41,96245.53,42,3,17,41,2733.18
TXN006388,3,0,1,1,1,0,96071.59,42334.6,33,0,19,1,4090.82
TXN006389,0,0,1,1,0,1,9567.66,28858.58,62,6,3,19,1671.26
TXN006390,4,0,0,1,1,2,59601.44,133042.96,23,0,7,21,6979.78
TXN006391,6,1,1,1,2,1,91957.6,98751.79,40,0,23,39,6730.12
TXN006392,1,0,0,0,2,2,94993.5,18492.86,64,1,6,26,5178.36
TXN006393,5,1,0,0,1,0,84677.74,144547.23,22,8,19,20,4671.72
TXN006394,1,0,0,0,0,2,85665.48,107029.59,34,0,17,19,4945.68
TXN006395,6,1,1,0,0,1,65392.2,31238.65,26,7,0,31,2912
TXN006396,0,0,1,1,1,0,22432.1,145678.82,43,12,17,35,3190.03
TXN006397,5,1,0,1,2,2,73202.52,61157.03,30,0,1,47,6096.74
TXN006398,6,1,0,1,1,2,97849.25,147831.41,24,10,18,45,7411.28
TXN006399,4,0,0,1,0,1,52830.38,24458.59,65,0,9,2,3746.93
TXN006400,1,0,0,0,0,2,26439.39,32395.69,57,8,20,7,1878.62
TXN006401,4,0,1,0,0,0,57560.37,102038.74,35,7,0,29,1960.33
TXN006402,5,1,0,1,0,2,69215.73,13100.09,54,13,20,3,3548.68
TXN006403,5,1,1,0,2,1,21223.89,12616.55,62,0,6,6,2427.37
TXN006404,1,0,0,0,2,2,72059.34,120877.6,41,6,13,23,5564.82
TXN006405,4,0,1,1,2,0,58949.57,33489.25,49,7,0,8,2198.47
TXN006406,2,0,0,0,0,0,61428.82,138630.6,24,1,3,33,4029.92
TXN006407,4,0,1,1,0,2,30945.8,69625.46,37,3,10,34,4417.39
TXN006408,5,1,1,0,0,2,15949.05,132311.33,62,1,1,8,3400.37
TXN006409,4,0,1,0,1,0,62533.26,68486.9,51,12,7,38,2937.59
TXN006410,6,1,0,1,0,1,58830.18,84232.2,36,13,17,14,4524.01
TXN006411,0,0,1,1,2,0,34132.21,54311.98,63,5,16,48,3293.19
TXN006412,2,0,0,1,2,2,29941.42,102130.7,31,4,13,11,5727.16
TXN006413,3,0,1,0,2,2,35050.82,54548.16,49,10,17,3,3083.35
TXN006414,6,1,1,1,1,1,49243.39,41243.81,26,10,9,16,3267.53
TXN006415,0,0,0,0,2,0,97494.56,21346.62,53,4,19,8,3684.71
TXN006416,3,0,1,1,1,0,76474.68,18073.71,66,11,20,30,1904.59
TXN006417,1,0,1,0,1,1,85248.1,52836.41,43,13,17,29,3237.59
TXN006418,3,0,0,1,1,0,50812.13,113106.27,37,7,19,37,4106.71
TXN006419,6,1,1,1,0,1,52849.3,38786.81,46,11,22,17,2297.39
TXN006420,4,0,1,0,0,0,20830.3,51891.84,33,12,4,20,808.19
TXN006421,6,1,1,0,2,1,72244.06,136724,48,0,7,16,6397.7
TXN006422,3,0,1,1,2,1,42447.61,99482.05,41,9,9,34,3677.19
TXN006423,5,1,0,0,1,1,74373.46,138761.13,47,1,0,16,5547.26
TXN006424,0,0,1,1,0,2,41201.01,137571.64,25,0,16,16,5989.33
TXN006425,0,0,1,0,2,2,11297.46,18877.5,43,3,18,24,3302.69
TXN006426,3,0,1,0,2,2,17718.84,143701.31,32,1,23,12,4802.56
TXN006427,0,0,1,1,0,0,81251.22,17164.91,67,9,16,23,1954.8
TXN006428,5,1,1,1,1,1,26232.34,139586.65,27,10,9,14,5113.61
TXN006429,6,1,1,0,2,0,26803.27,86542.68,53,6,17,20,3670.55
TXN006430,0,0,1,0,2,0,92972.12,84646.54,56,11,0,11,2943.01
TXN006431,3,0,1,0,0,1,65934.74,109856.97,41,4,16,13,3701.61
TXN006432,2,0,0,0,0,2,11873.6,133089.58,66,4,12,46,4106.15
TXN006433,2,0,0,1,1,0,14786.73,96380.64,25,0,9,45,3988.94
TXN006434,1,0,0,1,1,0,27600.56,69555.98,18,14,0,27,1708.4
TXN006435,0,0,0,0,2,0,59602.57,25664.51,27,1,19,24,3534.56
TXN006436,6,1,1,1,1,2,75406.13,120489.3,64,4,6,27,6323.94
TXN006437,3,0,1,0,2,1,27812.4,27961.09,40,6,20,30,2366.3
TXN006438,0,0,0,0,2,1,87128.88,111691.22,55,0,12,35,5815.3
TXN006439,4,0,0,0,0,0,11363.43,83909.49,27,6,20,15,1621.66
TXN006440,5,1,0,1,2,1,21156.12,64017.03,50,10,6,39,4365.04
TXN006441,0,0,1,0,0,2,97061.26,95818.09,48,11,5,28,4315.32
TXN006442,0,0,1,1,2,1,13907.11,118129.85,55,1,21,10,4260.25
TXN006443,2,0,0,1,2,0,88867.08,141759.55,30,14,12,25,4859.46
TXN006444,5,1,0,0,2,0,70541.54,47057.56,52,1,7,26,4776.06
TXN006445,3,0,0,1,1,1,7772.17,142598.22,61,8,15,29,4240.1
TXN006446,0,0,0,0,1,0,48628.83,144532.73,64,7,8,36,3093.76
TXN006447,2,0,0,0,0,2,52138.45,123908.27,49,9,12,2,3326.56
TXN006448,1,0,1,1,2,2,93247.89,133401.2,39,3,1,9,5877.51
TXN006449,5,1,0,0,0,2,42399.91,106939.85,24,4,11,31,5573.15
TXN006450,2,0,1,1,0,2,44952.98,15473.61,23,8,11,4,3236.11
TXN006451,2,0,0,1,2,0,11692.13,90511,58,3,14,8,2983.54
TXN006452,6,1,0,1,1,0,64097.67,114608.64,33,9,19,25,5290.8
TXN006453,2,0,1,0,1,1,21484.25,141838.44,29,12,9,34,2820.93
TXN006454,6,1,0,1,0,0,8214.56,89863.26,26,11,13,4,2789.69
TXN006455,0,0,1,0,1,1,99693.44,121188.09,57,7,16,15,4840.38
TXN006456,0,0,1,0,2,0,27328.15,108705.42,22,12,9,12,2996.67
TXN006457,1,0,0,1,2,1,14534.79,49312.4,20,4,23,29,3915.75
TXN006458,4,0,0,1,1,1,70099.29,31661.93,53,0,10,10,4301.42
TXN006459,4,0,1,0,1,2,82257.37,115126.75,60,14,16,29,4609.57
TXN006460,4,0,1,1,0,1,6875.71,42727.57,27,6,10,48,2780.7
TXN006461,6,1,0,1,1,1,10986.63,44256.82,25,9,14,20,4134.92
TXN006462,5,1,1,1,0,1,9472.3,100152.47,26,10,3,3,3604.23
TXN006463,5,1,0,0,2,1,5172.45,120469.58,30,10,3,16,3485.65
TXN006464,1,0,1,1,2,1,66115.92,91526.49,36,2,20,32,5371.68
TXN006465,5,1,0,0,2,2,59037.16,133897.64,40,6,14,30,6676.58
TXN006466,4,0,1,0,1,1,66449.26,39602.06,60,7,13,5,3387.75
TXN006467,4,0,1,1,1,1,50813.88,45338.02,41,3,8,32,4770.98
TXN006468,2,0,0,1,1,1,81842.01,99173.77,20,10,15,38,5962.44
TXN006469,5,1,1,0,0,0,54893.5,126111.55,50,14,23,42,2887.99
TXN006470,0,0,1,0,0,0,91915.32,85509.25,40,13,0,41,1903.92
TXN006471,0,0,1,1,0,2,48822.03,11453.42,31,5,2,49,3402.05
TXN006472,2,0,1,0,2,1,79170.54,104772.04,36,9,3,26,4594.69
TXN006473,2,0,1,1,0,1,41032.36,123901.54,50,6,18,24,3125.04
TXN006474,2,0,1,0,1,0,43804.78,48716.11,40,7,8,41,2339.86
TXN006475,0,0,1,1,1,1,84974.71,17587.75,44,2,21,18,3755.09
TXN006476,4,0,0,0,2,2,11212.15,82513.28,29,6,18,1,3538.68
TXN006477,2,0,1,1,1,1,56709.32,15901.73,63,4,7,0,3317.32
TXN006478,1,0,1,1,1,2,72770.48,68242.34,64,6,3,13,4758.67
TXN006479,6,1,0,0,1,0,75166.85,12494.5,24,5,12,43,4458.4
TXN006480,2,0,1,1,0,2,59353.61,41495.34,53,12,20,14,3179.3
TXN006481,6,1,1,0,0,2,45082.42,64435.14,63,4,18,21,3885.09
TXN006482,3,0,0,0,1,2,26447.85,25638.82,35,14,13,16,2660.5
TXN006483,2,0,1,0,1,2,90987.91,25981.83,33,2,4,49,5208.16
TXN006484,0,0,1,0,1,2,37293.9,125788.64,31,9,17,40,4144.16
TXN006485,5,1,0,1,1,2,79999.71,15799.34,38,1,17,31,6066.95
TXN006486,2,0,0,0,0,2,3650.73,106455.27,60,2,20,32,3442.03
TXN006487,5,1,1,0,2,2,23600.84,124027.49,44,1,14,0,5179.86
TXN006488,3,0,1,0,1,2,34885.69,28301.13,42,13,22,40,2554.79
TXN006489,1,0,0,1,0,0,67321.62,37351.9,55,2,16,18,2998.27
TXN006490,5,1,1,0,1,2,32273.42,99809.06,32,1,2,37,4744.98
TXN006491,6,1,0,1,2,2,4615.7,54190.53,27,0,0,49,5334.24
TXN006492,4,0,0,1,0,1,17799.82,76699.23,47,8,23,34,2849.77
TXN006493,2,0,0,0,0,1,26286.95,127040.38,61,9,17,3,2641.85
TXN006494,3,0,1,1,2,1,18016.72,29317.64,26,4,21,10,3385.76
TXN006495,3,0,0,0,2,2,20770.59,96751.35,45,13,15,48,4531.5
TXN006496,5,1,0,1,0,0,77011.22,141935.68,66,8,5,2,4584.06
TXN006497,1,0,0,1,2,0,41497.35,18045.33,35,7,8,1,3058.97
TXN006498,0,0,1,0,1,1,40815.33,18400.95,28,13,21,35,2247.92
TXN006499,2,0,1,1,2,1,96677.33,87663.93,55,6,9,22,5387.81
TXN006500,3,0,1,0,2,2,44946.83,144410.61,68,11,21,10,4253.33
TXN006501,1,0,0,1,0,0,92801.98,40866.31,19,5,16,34,4451.35
TXN006502,4,0,1,0,2,0,30256.78,56310.88,39,10,6,28,2486.5
TXN006503,3,0,1,0,0,1,40362.31,23810.72,40,3,13,6,1861.79
TXN006504,1,0,0,0,1,0,39930.19,60714.61,37,9,13,18,2292.04
TXN006505,0,0,0,0,2,1,54834.84,16206.55,62,9,11,5,3422.79
TXN006506,0,0,1,1,2,1,58632.61,64473.16,46,6,5,24,3510.35
TXN006507,3,0,1,0,0,2,25188.44,87768.29,43,12,13,15,2865.89
TXN006508,6,1,0,0,0,1,79461.63,146500.68,58,6,7,22,5196.18
TXN006509,3,0,1,0,2,2,49904.33,124574.32,29,0,16,10,6664.77
TXN006510,5,1,0,0,0,0,1200.83,125089.16,65,13,7,32,2252.82
TXN006511,2,0,0,1,2,0,59338.39,41940.21,46,8,7,7,3507.77
TXN006512,1,0,1,0,1,1,79906.91,22212.86,36,13,16,35,3555.74
TXN006513,3,0,1,1,2,1,25421.44,94430.46,51,3,10,49,4534.97
TXN006514,2,0,1,0,1,2,4268.17,82959.35,65,6,6,24,2961.86
TXN006515,5,1,1,0,1,2,80814.28,82310.54,44,8,22,34,5134.93
TXN006516,2,0,0,0,0,0,97639.53,25261.12,47,1,6,12,3335.49
TXN006517,3,0,1,0,0,0,8118.08,79143.89,54,12,11,5,329.49
TXN006518,0,0,1,0,0,1,93834.66,31049.8,48,7,15,34,3675.59
TXN006519,1,0,1,0,0,1,36247.8,69096.04,45,10,12,45,2305.62
TXN006520,1,0,0,1,2,2,94173.24,18702.77,42,3,14,38,7094.27
TXN006521,0,0,1,1,1,1,65059.51,129964.96,66,13,18,49,3605.6
TXN006522,6,1,1,0,2,2,89079.31,11845.21,23,3,2,3,5057.09
TXN006523,3,0,0,0,1,0,78690.39,141505.24,24,2,10,44,4197.14
TXN006524,1,0,0,0,1,0,3285.78,130804.86,23,9,23,42,3424.7
TXN006525,3,0,0,1,1,1,7011.53,115365.13,52,3,7,41,3628.12
TXN006526,5,1,0,0,2,2,52811.59,147557.08,42,8,7,15,6500.82
TXN006527,3,0,0,1,0,1,13397.09,17534.8,38,0,11,10,3249.1
TXN006528,2,0,1,1,2,1,46372.91,99823.59,64,8,2,23,3513.29
TXN006529,0,0,0,1,1,2,95485.71,128902.29,65,12,19,13,5782.95
TXN006530,6,1,0,1,2,1,29828.35,27726.39,34,10,1,39,3691.23
TXN006531,3,0,0,1,1,2,49146.82,91868.5,58,9,2,7,3846.2
TXN006532,6,1,0,0,0,2,38733.83,65149.07,43,8,15,29,3676.41
TXN006533,6,1,0,1,0,1,63167.78,71015.8,58,0,20,30,5241.38
TXN006534,5,1,0,1,2,2,19787.57,137753.37,34,12,18,5,4859.74
TXN006535,4,0,0,0,0,0,26363.96,85411.2,24,8,19,23,2143.77
TXN006536,0,0,0,0,1,0,85947.4,23056.69,42,5,6,0,2900.07
TXN006537,6,1,1,1,1,0,81227.95,141210.26,51,7,18,37,5953.87
TXN006538,1,0,1,0,0,0,79024.37,35929.56,43,12,0,45,1492.83
TXN006539,2,0,1,0,0,1,77206.5,134969.15,23,7,12,20,4543.01
TXN006540,1,0,0,0,0,0,46214.03,145928.9,27,13,13,5,2823.1
TXN006541,5,1,0,1,2,0,73024.63,132897.24,34,7,0,14,5168.19
TXN006542,5,1,0,1,2,0,39026.88,104798.73,31,10,3,31,4969.49
TXN006543,1,0,1,0,1,0,10520.6,114097.25,20,7,16,17,2533.34
TXN006544,0,0,0,0,2,1,39640.78,107981.41,65,11,5,46,4117.11
TXN006545,1,0,0,1,2,0,16286.97,74473.41,33,0,19,31,3534.37
TXN006546,3,0,0,1,1,2,39389.74,48418.76,22,0,20,11,5053.29
TXN006547,1,0,1,0,1,2,30093.81,49900.38,65,6,5,10,3246.58
TXN006548,2,0,1,1,0,1,60116.49,112363.5,40,10,1,33,2915.36
TXN006549,2,0,0,1,0,1,36473.27,97645.1,44,11,16,1,3086.37
TXN006550,4,0,1,0,2,1,70706.17,91883.76,22,12,15,43,3742.63
TXN006551,2,0,0,0,1,0,51458.59,101365.24,54,11,11,21,2193.02
TXN006552,1,0,0,1,2,1,91989.48,118470.07,55,8,11,20,5805.54
TXN006553,2,0,1,1,2,0,9557.03,114767.73,35,10,17,5,3633.91
TXN006554,0,0,1,1,1,1,68927.06,24755.5,29,13,15,5,4052.11
TXN006555,6,1,1,0,1,2,67403.49,60824.91,38,9,5,11,4499.35
TXN006556,2,0,1,0,1,2,95087.34,46955.4,24,7,12,3,4320.71
TXN006557,3,0,0,0,1,0,37469.41,85353.41,34,10,15,6,2848.78
TXN006558,0,0,0,0,2,1,30891.08,18598.25,59,12,23,11,1157.38
TXN006559,4,0,1,1,2,2,17653.15,116744.97,26,4,9,29,5224.24
TXN006560,3,0,1,0,2,0,26896.21,24913.83,58,7,10,8,1607.79
TXN006561,1,0,0,0,1,2,50438.13,47996.28,41,8,0,6,3144.2
TXN006562,6,1,0,1,0,1,83852.44,119583.81,28,6,20,47,6413.01
TXN006563,1,0,0,0,2,0,28786.52,17218.4,42,10,6,46,1272.59
TXN006564,6,1,0,1,0,2,16195.34,102428.15,63,9,23,21,4027.33
TXN006565,6,1,1,0,0,1,27576.78,139426.96,54,10,22,26,3203.1
TXN006566,1,0,1,1,0,0,10542.23,96469.29,24,12,16,34,2011.14
TXN006567,3,0,1,1,1,2,92706.19,109772.05,34,14,11,37,5673.4
TXN006568,3,0,0,1,1,2,87326.1,120917.36,58,2,19,23,6406.4
TXN006569,6,1,0,0,2,0,31194.93,41114.49,36,8,19,13,3283.38
TXN006570,3,0,1,1,2,1,25075.29,91334.95,38,4,14,39,3770.85
TXN006571,6,1,1,0,1,0,90587.03,53267.94,62,10,8,35,3338.74
TXN006572,6,1,1,0,1,2,676.31,44929.35,26,7,21,12,3896.86
TXN006573,0,0,0,0,0,2,60257.46,36943.9,62,10,5,36,2702.78
TXN006574,5,1,1,0,1,2,91642.37,91960.29,63,0,4,49,6224.7
TXN006575,0,0,0,0,1,1,51101.47,121234.47,25,0,4,10,4175.84
TXN006576,1,0,1,0,1,2,795.21,132624.47,63,2,8,31,4120.07
TXN006577,5,1,1,1,1,2,22277.71,70002.03,62,14,1,4,3259.52
TXN006578,2,0,1,1,0,0,92282.94,62205.86,44,1,9,16,4124.61
TXN006579,1,0,0,0,2,2,2193.73,106222.97,40,4,4,1,4129.32
TXN006580,4,0,0,0,0,0,39780.59,119250.29,27,10,16,31,2492.2
TXN006581,0,0,0,0,1,2,79079.6,45464.71,19,8,20,22,3614.6
TXN006582,3,0,0,0,1,0,83890.05,51620.72,61,12,3,4,1912.45
TXN006583,0,0,0,0,2,0,48021.99,84675.06,65,8,3,39,2519.67
TXN006584,3,0,0,1,2,0,23632.13,72214,24,7,12,37,3379.25
TXN006585,5,1,1,1,2,0,60170.62,108810.28,19,4,19,7,5407.93
TXN006586,4,0,0,0,0,1,26745.91,80627.9,33,2,18,26,3941.04
TXN006587,5,1,1,0,2,2,25898.79,25623.87,23,5,5,1,3323.14
TXN006588,4,0,0,1,1,1,80856.18,33233.45,33,7,18,39,3966.96
TXN006589,0,0,1,0,1,2,15849.45,136267.24,42,5,21,6,3707.5
TXN006590,3,0,1,0,1,0,1049.39,41835.77,62,6,15,39,1282.98
TXN006591,5,1,0,0,0,2,34009.13,17012.05,27,11,5,49,3826.63
TXN006592,4,0,1,1,2,0,49351.91,112403.64,69,13,10,21,3352.36
TXN006593,6,1,0,1,2,2,70655.5,105761.56,26,11,9,6,7172.74
TXN006594,1,0,0,0,2,0,78220.97,94010.64,49,12,17,46,4117.66
TXN006595,1,0,0,1,2,2,66520.16,80315.86,49,6,8,8,6014.34
TXN006596,5,1,0,1,1,2,62837.63,145741.25,19,14,9,45,7016.34
TXN006597,3,0,1,0,0,2,66742,26776.52,38,6,14,44,3285.56
TXN006598,6,1,0,1,2,0,27516.89,81422.79,65,8,23,34,3944.44
TXN006599,5,1,1,1,1,2,38544.95,88966.29,20,8,13,37,5942.71
TXN006600,0,0,1,1,1,0,61835.43,13149.01,51,0,15,23,3206.52
TXN006601,4,0,1,1,0,1,7024.28,67678.94,46,2,6,35,2728.05
TXN006602,0,0,0,1,2,2,29884.87,119592.3,59,4,7,17,5300.59
TXN006603,1,0,1,1,0,0,40938.69,75953.83,37,10,7,42,2151.54
TXN006604,4,0,0,0,2,0,53577.35,132538.98,40,3,12,25,3954.77
TXN006605,5,1,1,0,0,0,48904.97,100271.85,54,11,18,38,3619.07
TXN006606,0,0,0,0,2,1,71954.12,117251.95,25,0,9,14,6088.66
TXN006607,2,0,0,1,2,0,47605.95,122627.22,61,0,0,21,4168.78
TXN006608,3,0,0,0,0,1,90460.93,106530.03,53,12,21,24,2832.55
TXN006609,6,1,0,1,2,1,38341.68,114913.29,31,3,15,42,6559.28
TXN006610,6,1,1,1,0,0,52774.48,107343.48,40,4,2,24,3603.26
TXN006611,3,0,1,0,0,2,819.43,87064.92,44,3,2,40,2644.39
TXN006612,2,0,0,1,2,1,31392.56,89314.62,32,1,5,24,5815.14
TXN006613,1,0,1,0,2,0,86724.01,36583.87,52,4,11,37,4584.49
TXN006614,4,0,0,1,0,1,33690.85,125841.49,39,9,4,24,2596.21
TXN006615,3,0,0,0,1,0,25692.04,53699.22,64,2,15,6,2411.96
TXN006616,2,0,1,0,0,0,54581.93,85003.16,53,6,16,39,2507.9
TXN006617,5,1,0,0,1,1,8333.64,44936.38,32,3,9,43,4083.1
TXN006618,6,1,0,0,1,0,53394.71,107421.1,49,1,6,23,4198.98
TXN006619,2,0,0,1,0,1,30714.75,146523.65,58,10,9,18,3635.69
TXN006620,1,0,0,0,0,0,38618.74,122271.63,35,7,1,21,1752.53
TXN006621,1,0,0,1,0,2,79240.82,96673.37,62,12,14,45,5316.55
TXN006622,0,0,1,0,1,2,66365.42,89450.91,48,9,20,22,4424.59
TXN006623,3,0,1,0,0,1,44887.56,78567.98,58,1,16,19,3689.82
TXN006624,0,0,1,0,0,1,57962.87,38696,53,10,3,19,1591.73
TXN006625,6,1,0,1,2,1,76802.45,58721.41,42,6,7,6,5866.14
TXN006626,2,0,0,0,2,1,74705.48,66895.17,62,7,18,33,5150.44
TXN006627,4,0,0,0,2,2,18939.51,142239.67,27,9,20,10,4221.06
TXN006628,4,0,0,1,0,1,30441.46,69581.6,57,2,1,42,2785.88
TXN006629,1,0,0,0,0,0,35149.57,92066.65,31,5,20,7,2283.78
TXN006630,4,0,0,1,0,0,19160.46,139139.44,65,11,15,37,3135.65
TXN006631,4,0,1,0,1,1,1710.06,82579.7,43,3,13,10,2418.15
TXN006632,6,1,0,0,1,0,17809.74,45202.97,36,11,11,42,3556.37
TXN006633,4,0,1,0,2,1,80920.31,63340.85,47,1,8,24,4395.51
TXN006634,2,0,0,1,1,0,54819.08,62575.49,56,7,11,30,3760.41
TXN006635,4,0,1,0,1,0,34494.97,110060.46,29,1,2,36,2709.84
TXN006636,5,1,0,0,1,1,61030.27,51456.9,48,8,22,25,3678.81
TXN006637,4,0,1,0,2,1,74113.5,112240.4,62,8,12,9,4663.73
TXN006638,4,0,1,1,2,2,35765.56,134493.98,64,10,5,32,4811.56
TXN006639,0,0,0,1,1,1,46874.45,57050.22,64,7,1,6,2455.34
TXN006640,2,0,0,1,0,2,6889.22,28947.75,35,9,6,35,2707.8
TXN006641,1,0,1,1,2,1,59910.51,99397.61,19,2,19,44,5825.86
TXN006642,0,0,0,1,1,0,35962.51,60519.63,31,7,13,19,3398.44
TXN006643,3,0,0,1,0,2,43635.6,84758.06,37,4,5,14,4715.52
TXN006644,2,0,0,0,0,0,42548.76,98783.19,56,14,22,15,1067.74
TXN006645,5,1,1,0,2,1,63424.72,67084.01,37,9,8,34,4385.35
TXN006646,2,0,0,0,0,1,57460.3,139457.22,51,13,6,20,2886.26
TXN006647,3,0,1,0,2,1,42499.55,65946.05,51,4,18,34,3439.31
TXN006648,3,0,1,0,1,1,2187.02,53032.41,54,1,15,39,2680.33
TXN006649,3,0,0,1,2,2,62285.78,133994.53,20,11,12,47,6002.07
TXN006650,6,1,1,1,0,2,88017.96,29082.24,52,2,5,33,5882.35
TXN006651,1,0,0,1,2,1,77070.38,27389.25,50,7,3,38,4736.6
TXN006652,4,0,0,0,2,0,98170.76,140997.75,36,13,11,0,4122.54
TXN006653,2,0,1,1,1,2,14338,39255.58,48,0,20,8,3579.88
TXN006654,6,1,1,0,0,0,22640.75,30781.24,69,3,9,40,1830.94
TXN006655,4,0,1,1,2,1,54157.11,84923.56,61,5,15,29,4607.65
TXN006656,4,0,1,0,1,2,23970.23,16550.39,39,8,0,20,1860.98
TXN006657,5,1,1,1,1,2,3937.7,96802.1,44,7,11,17,5568.71
TXN006658,3,0,0,0,1,2,40527.68,73410.31,55,9,19,21,3003.35
TXN006659,1,0,1,1,1,0,29120.65,99657.68,45,4,18,43,2851.17
TXN006660,5,1,0,0,1,1,26744.2,49751.17,38,12,21,25,2942.28
TXN006661,0,0,0,1,2,1,95340.7,136766.11,37,13,18,11,5631.97
TXN006662,6,1,1,0,2,2,24226.18,47881.3,55,6,20,30,4353.39
TXN006663,6,1,1,0,0,2,13378.54,99259.06,30,7,17,36,4402.27
TXN006664,1,0,1,0,2,1,12969.27,142312.86,46,11,8,42,3759.52
TXN006665,4,0,1,0,0,0,80729.25,66113.3,38,8,23,35,1832.04
TXN006666,6,1,1,1,0,2,71627.38,32599.71,59,13,3,47,4618.39
TXN006667,1,0,0,1,0,0,13383.88,19573.55,50,2,10,43,2564.72
TXN006668,6,1,0,1,2,0,22365.44,144822.52,49,10,23,1,4465.27
TXN006669,6,1,0,0,1,1,74860.63,116918.21,65,7,15,36,5291.94
TXN006670,3,0,1,1,0,1,27824.33,138653.29,63,14,19,39,3274.06
TXN006671,0,0,1,0,1,0,98163.44,107836.63,45,2,1,15,2587.57
TXN006672,3,0,0,1,0,0,54286.72,57942.79,67,0,8,49,3310.9
TXN006673,0,0,1,0,2,1,19604.79,27222.32,31,12,17,22,2024.26
TXN006674,6,1,1,1,0,2,85951.44,140102.96,59,12,16,34,6110.81
TXN006675,5,1,1,0,2,0,32287.82,78546.67,69,3,16,5,3175.39
TXN006676,4,0,0,0,1,2,29236.33,65511.26,39,6,13,35,4505.09
TXN006677,6,1,1,1,2,0,33080.4,90890.89,54,8,12,21,4515.47
TXN006678,0,0,0,1,1,1,76935.63,24918.31,51,9,18,10,3534.94
TXN006679,0,0,1,1,2,2,17734.69,53288.53,34,6,22,33,4193.08
TXN006680,0,0,1,0,0,1,38487.69,99302.65,50,9,5,20,2312
TXN006681,6,1,0,0,0,0,3567.86,24017.21,50,10,11,12,1473.07
TXN006682,1,0,1,0,2,1,82749.35,28933.99,55,13,12,44,3994.18
TXN006683,5,1,1,1,1,2,34401.52,81482.3,43,13,2,17,4072.47
TXN006684,1,0,1,0,1,1,25193.21,97284,56,13,15,44,2009.27
TXN006685,4,0,0,1,1,2,58199.38,36180.24,24,4,20,43,5314.03
TXN006686,6,1,1,0,2,1,70646.69,14631.85,42,12,9,29,4553.24
TXN006687,0,0,1,1,2,1,81383.16,144171.36,65,14,21,40,4114.48
TXN006688,5,1,1,0,2,2,35104.6,13848.97,68,0,9,23,4730.96
TXN006689,5,1,1,0,2,2,81323.93,10287.29,47,0,17,0,5161.66
TXN006690,2,0,1,1,1,2,46755.66,55267.68,58,11,2,36,4038.57
TXN006691,4,0,0,0,1,0,10563.66,41143.44,50,8,12,27,2225.69
TXN006692,5,1,0,0,2,1,84707.59,90302.09,67,3,15,3,5348.3
TXN006693,6,1,1,1,2,2,54989.66,135189.24,56,2,3,3,5830.44
TXN006694,0,0,1,0,1,0,60445.72,77355.07,45,10,23,13,2055.34
TXN006695,0,0,0,1,1,0,93780.38,118262.17,35,4,10,10,4624.57
TXN006696,5,1,1,1,0,2,56135.57,137291.79,27,6,16,22,6228.73
TXN006697,1,0,1,0,2,2,1055.56,36515.95,69,6,0,45,2493.8
TXN006698,4,0,1,0,0,2,87126.28,78363.52,19,14,11,11,4563.36
TXN006699,0,0,1,0,1,0,28832.73,99889.8,60,4,2,47,2985.53
TXN006700,5,1,1,1,1,0,50425.81,56463.65,67,7,18,46,4343.97
TXN006701,0,0,1,0,2,1,20886.22,113565.3,60,4,8,41,4024.55
TXN006702,5,1,1,1,0,0,30049.87,108744.1,31,9,18,3,2730.14
TXN006703,4,0,1,0,1,2,68821.56,68953.2,30,3,18,0,3852.71
TXN006704,5,1,0,0,0,1,43242.55,22313.53,18,13,17,39,3370.83
TXN006705,2,0,0,1,0,1,62899.5,11619.63,49,5,19,9,3396.93
TXN006706,5,1,1,0,0,1,82445.78,61708.94,42,2,10,6,4530.81
TXN006707,5,1,1,0,0,1,34411.79,21489.64,27,3,23,1,1966.59
TXN006708,6,1,1,0,0,2,57049.83,119427.42,32,7,21,22,4351.21
TXN006709,4,0,1,0,2,1,77870,56805.61,68,9,0,33,3268.78
TXN006710,6,1,0,0,2,2,71654.76,103253.76,46,9,20,11,5530.38
TXN006711,5,1,0,1,0,0,54214.42,58493.06,34,2,11,11,3863.87
TXN006712,4,0,0,0,2,2,38646.66,121431.38,59,10,10,44,4530.63
TXN006713,2,0,0,1,1,1,41046.45,134377.75,57,12,9,15,3985.58
TXN006714,4,0,1,0,0,0,43596.95,127251.98,40,9,10,7,2191.48
TXN006715,0,0,1,0,2,0,35210.13,77826.3,24,12,7,41,2436.81
TXN006716,6,1,1,1,2,0,70058.03,21753.23,67,2,16,5,4362.79
TXN006717,4,0,0,0,1,1,12978.82,62039.55,53,5,5,14,2644.75
TXN006718,2,0,1,0,1,2,96761.69,69423.84,23,7,6,48,5380.65
TXN006719,3,0,1,1,1,2,78009.06,144435.56,19,9,4,10,5191.57
TXN006720,5,1,0,1,1,1,30167.22,89169.62,62,1,3,29,4657.19
TXN006721,4,0,0,0,0,1,4733.48,99718.47,49,0,6,9,2718.27
TXN006722,5,1,0,1,2,0,71274.67,119480.5,61,9,15,22,5415.37
TXN006723,1,0,0,1,2,2,73568.72,89548.35,22,12,3,17,4917.86
TXN006724,0,0,0,1,1,1,96380.45,93787.85,36,0,2,8,5249
TXN006725,6,1,1,1,2,1,25743.7,44345.89,19,6,13,8,4900.42
TXN006726,0,0,1,0,2,2,8731.15,18241.33,60,1,3,49,3124.49
TXN006727,1,0,0,0,2,0,91555.91,110994.02,40,8,20,5,4273.32
TXN006728,1,0,1,1,1,0,26235.58,128815.86,57,9,8,15,2898.71
TXN006729,6,1,1,0,2,0,72292.38,67680.03,21,3,10,11,4578.69
TXN006730,4,0,1,1,2,2,6535.63,86848.02,21,13,0,1,3743.88
TXN006731,1,0,1,0,2,1,76178.19,53019.93,28,6,8,16,4152.69
TXN006732,3,0,0,0,0,1,13139.08,73030.88,63,4,7,25,2283.93
TXN006733,5,1,1,1,0,1,69710.84,39244.56,58,4,14,8,4052.75
TXN006734,5,1,1,1,2,1,53468.13,116384.15,37,6,23,4,5710.39
TXN006735,2,0,1,0,2,2,95571.07,78867.65,31,8,7,27,6051.39
TXN006736,1,0,0,0,2,0,4173.31,86601.92,52,3,19,29,3193.19
TXN006737,1,0,1,0,2,0,29558.85,15192.33,62,8,6,16,2010.89
TXN006738,3,0,0,1,2,0,7416.14,97135.77,31,8,13,46,3371
TXN006739,0,0,0,0,2,0,87980.16,38371.81,66,10,17,38,3258.4
TXN006740,0,0,0,1,0,1,59593.16,63675.25,20,7,2,18,3240.35
TXN006741,5,1,0,1,1,1,53729.48,67780.2,32,0,14,5,5974.52
TXN006742,5,1,1,1,2,2,13580.06,72822.56,38,9,23,3,5259.06
TXN006743,4,0,0,0,2,0,49158.71,41841.09,19,10,19,43,3368.29
TXN006744,6,1,0,1,2,1,40171.01,129015.43,38,10,5,37,6308.98
TXN006745,3,0,0,0,1,1,31917.31,69899.02,27,14,14,13,2940.28
TXN006746,6,1,0,1,2,1,77332.8,95698.82,44,8,13,15,6295.35
TXN006747,6,1,0,0,2,0,6596.97,95951.26,64,2,10,36,3699.41
TXN006748,2,0,1,0,1,1,64845.23,94977.85,36,7,7,31,4156.89
TXN006749,6,1,0,1,2,0,82387.81,88304.52,29,4,7,30,6360.99
TXN006750,2,0,1,1,1,0,90777.07,125167.6,66,5,4,4,4448.7
TXN006751,6,1,1,0,1,2,74718.7,123766.49,33,2,15,16,6298.41
TXN006752,3,0,0,0,2,2,28604.34,68400.24,25,10,6,3,4035.25
TXN006753,2,0,1,1,0,0,60250.49,99018.45,54,6,0,42,2650.79
TXN006754,0,0,1,1,0,0,14569.66,24396.09,42,1,4,23,1519.51
TXN006755,2,0,1,0,2,0,12147.53,22708.17,41,12,2,5,1202.53
TXN006756,2,0,0,0,1,1,64043.1,77188.3,64,2,12,29,3484.64
TXN006757,3,0,0,1,1,1,85185.21,136028.56,57,1,19,43,5230.04
TXN006758,3,0,0,0,1,1,7191.19,100999.96,35,12,16,10,2345.04
TXN006759,2,0,0,1,2,2,11047.37,103690.3,38,10,0,26,3608.41
TXN006760,1,0,0,1,0,0,56777.93,32074.26,25,8,18,8,3000.7
TXN006761,3,0,0,1,1,1,22212.08,73462.62,36,10,3,23,2966.78
TXN006762,4,0,0,1,1,1,61375.9,66110.73,66,13,12,19,4029.45
TXN006763,4,0,1,0,2,2,21847.11,119616.97,47,12,18,12,4265.01
TXN006764,0,0,1,1,0,2,12089.96,29295.37,44,13,17,27,2424.3
TXN006765,6,1,0,1,0,0,54784.71,85486.74,53,2,10,46,4731.39
TXN006766,2,0,1,0,2,0,86288.42,137589.21,53,7,22,30,4502.35
TXN006767,1,0,0,0,0,1,68669.64,134944.38,43,5,8,31,4722.53
TXN006768,0,0,0,1,2,1,81963.15,129327.2,37,12,2,34,4414.16
TXN006769,2,0,0,1,1,1,27000.35,62497.94,69,0,15,36,3925.09
TXN006770,3,0,1,1,2,1,88654.88,141754.1,58,10,23,18,5090.68
TXN006771,4,0,0,1,1,1,38015.4,122742.07,31,12,20,46,4244
TXN006772,5,1,0,1,2,2,85318.54,129159.78,50,14,21,6,5935.94
TXN006773,1,0,0,1,1,0,47381.97,140529.53,26,5,16,2,3549.92
TXN006774,5,1,0,0,1,2,27151.84,141180.18,40,7,12,39,5829.33
TXN006775,4,0,1,0,2,0,26395.75,43609.09,62,9,5,29,1531.65
TXN006776,6,1,0,1,1,0,56982.95,27876.28,47,13,6,30,3374.69
TXN006777,6,1,1,0,0,0,8361.52,106722.49,67,2,8,44,2822.35
TXN006778,5,1,1,0,2,2,93040.59,88849.95,59,13,20,47,5604.21
TXN006779,3,0,0,1,0,1,27510.62,55839.71,45,6,4,39,2675.91
TXN006780,2,0,0,0,1,0,33894.67,105822.93,48,13,4,8,1943.04
TXN006781,3,0,1,0,1,0,23713.5,18679.56,43,5,21,33,1238.28
TXN006782,5,1,1,1,1,2,799.29,16609.16,53,0,14,21,5004.39
TXN006783,3,0,1,1,2,2,69408.75,59603.48,64,1,3,26,5404.56
TXN006784,4,0,1,1,1,1,59260.01,37138.53,53,13,9,26,4228.16
TXN006785,1,0,0,0,0,1,81059.63,110597.85,69,10,8,32,3149.81
TXN006786,3,0,1,1,0,0,4580.57,142723.06,28,4,6,44,2858.49
TXN006787,4,0,1,0,2,2,92901.24,102627.84,29,6,14,44,6012.57
TXN006788,1,0,1,1,0,1,33423.25,101669.81,62,3,18,42,3254.42
TXN006789,6,1,1,1,2,1,91350.45,10923.38,19,5,9,41,5870.75
TXN006790,2,0,0,1,2,1,11159.58,81718.78,57,1,6,5,3868.39
TXN006791,5,1,0,1,1,2,74520.1,124394.18,21,4,2,47,6582.86
TXN006792,6,1,0,0,0,2,58146.14,101576.85,49,9,2,26,5146.55
TXN006793,2,0,1,0,0,2,36140.03,41889.53,58,14,19,31,2073.32
TXN006794,6,1,1,1,0,2,8374.67,128786.53,51,2,17,37,5401.15
TXN006795,0,0,0,0,1,2,60671.28,145012.74,22,0,23,21,5844.65
TXN006796,6,1,0,1,2,0,3130.77,49059,22,5,12,12,4524.45
TXN006797,4,0,1,1,0,0,50377.57,38993.21,21,8,11,31,2259.56
TXN006798,1,0,0,0,0,2,60618.75,57393.77,68,13,16,26,3652.86
TXN006799,6,1,1,0,0,0,73386.11,18842.16,58,13,16,43,2356.53
TXN006800,3,0,1,1,0,2,99137.8,132280.57,29,9,10,39,6679.84
TXN006801,2,0,1,1,1,0,26379.32,140101.93,52,7,16,29,3568.54
TXN006802,6,1,1,1,2,0,32577.79,98662.43,54,3,19,34,4092.07
TXN006803,1,0,1,0,0,1,34443.96,117006.87,51,7,16,12,3232.09
TXN006804,4,0,1,1,0,2,73292.48,103611.09,62,10,18,0,4565.66
TXN006805,0,0,0,1,2,0,93216.02,62829.59,45,4,6,41,4535.91
TXN006806,2,0,0,1,1,0,97445.21,98485.93,24,2,18,26,5511.72
TXN006807,5,1,0,1,1,1,94608.23,127084.82,57,3,1,21,6699.42
TXN006808,1,0,1,1,1,0,87998.61,123387.04,69,6,9,46,4730.39
TXN006809,5,1,0,1,1,1,99102.25,21348.05,28,14,5,42,4681
TXN006810,1,0,1,0,0,0,37906.6,74764.13,61,4,15,47,2604.89
TXN006811,1,0,1,1,2,1,94857.97,65625,49,3,7,23,5694.61
TXN006812,4,0,1,1,2,1,76221.49,115281.22,67,2,3,22,5069.94
TXN006813,4,0,1,0,2,2,17261.76,80192.63,67,2,19,34,3828.06
TXN006814,4,0,0,0,1,2,5023.79,58958.16,49,9,10,8,3204.38
TXN006815,6,1,0,1,1,0,21841.15,108888.97,48,5,17,26,3816.43
TXN006816,3,0,0,0,2,2,77985.74,76300.99,65,7,20,6,4833.46
TXN006817,1,0,1,1,0,2,63353.84,45927.36,37,14,14,23,4125.81
TXN006818,2,0,0,0,1,2,22823.45,134658.37,23,3,15,15,5446
TXN006819,5,1,0,0,0,0,74321.18,25826.7,67,0,7,22,3259.56
TXN006820,4,0,0,1,2,0,14561.56,12532.28,66,3,16,6,1961.86
TXN006821,6,1,1,0,1,2,82273.22,30147.54,35,11,1,39,4119.04
TXN006822,4,0,0,1,0,2,79519.02,32910.06,38,14,16,21,4376.04
TXN006823,5,1,1,0,1,0,97271.31,85325.91,20,4,14,28,4742.37
TXN006824,5,1,0,1,2,2,15452.82,97481.17,58,7,19,19,5821.96
TXN006825,1,0,1,0,2,1,90707.99,72805.56,45,13,6,36,3835.05
TXN006826,4,0,0,1,2,0,34439.72,38583.97,45,12,10,5,2571.69
TXN006827,5,1,0,1,0,0,41897.96,28506.73,49,6,18,30,3103.88
TXN006828,3,0,0,1,1,1,47110.28,78901.28,56,1,23,26,4424.05
TXN006829,3,0,1,1,1,2,62876.95,89167.63,41,8,5,40,4320.77
TXN006830,4,0,0,0,1,1,99478.96,52554.59,24,14,17,36,4202.12
TXN006831,6,1,0,1,2,2,60195.9,40861.59,36,2,8,8,6497.36
TXN006832,5,1,1,0,0,2,92708.23,21282.98,18,8,15,24,4445.43
TXN006833,1,0,1,0,2,0,25875.31,13674.23,50,0,12,41,2906.67
TXN006834,1,0,1,1,2,0,40141.96,24803.1,50,8,22,37,2508.9
TXN006835,6,1,1,1,0,2,50697.7,113891.12,28,6,7,32,5135.38
TXN006836,1,0,0,0,2,1,32628.75,58162.61,40,1,16,12,3964.63
TXN006837,0,0,0,0,2,0,97698.28,13838.65,67,9,13,36,3140.45
TXN006838,4,0,1,0,1,2,72705.51,81143.14,62,6,21,26,3864.34
TXN006839,1,0,0,1,0,0,48148.69,85049.42,45,0,8,18,3915.45
TXN006840,3,0,1,1,0,0,75254.82,70016.43,64,10,5,15,2345.43
TXN006841,5,1,0,0,1,0,47010.53,25495.59,34,2,15,46,4253.95
TXN006842,2,0,1,0,0,1,2213.92,115695.44,27,6,2,13,1918.46
TXN006843,6,1,0,0,1,1,54547.74,106471.42,25,2,1,45,4705.62
TXN006844,2,0,1,1,2,2,62705.93,65262.08,26,1,7,3,5863.7
TXN006845,1,0,1,0,0,1,98130.14,63314.15,36,4,3,38,4014.81
TXN006846,2,0,0,0,0,2,4558.89,31830.92,67,14,11,21,1232.31
TXN006847,2,0,0,0,2,2,51453.65,115496.91,25,2,0,46,5868.33
TXN006848,0,0,0,0,2,0,10266.4,93940.35,22,12,23,36,2828.08
TXN006849,3,0,1,1,0,0,15325.09,22011.08,31,8,16,0,1547.28
TXN006850,6,1,0,0,0,1,61241.1,62928.88,62,6,17,20,3860.06
TXN006851,3,0,1,1,0,2,23540.99,136498.53,50,10,16,49,4950.48
TXN006852,0,0,0,1,1,2,75042.82,73332.44,60,0,23,29,5534.8
TXN006853,0,0,0,0,0,0,51662.77,55489.85,61,0,15,26,2772.04
TXN006854,2,0,1,1,0,0,22212.18,100129.77,55,5,2,45,2925.5
TXN006855,4,0,1,0,2,0,49632.27,38416.13,29,14,8,33,3057.87
TXN006856,5,1,0,0,2,1,587.73,83332.48,20,3,11,28,4104.41
TXN006857,5,1,1,0,1,2,86342.63,103733.19,57,0,6,3,5742.52
TXN006858,2,0,1,0,2,2,1761.5,129682.98,46,8,5,6,3881.33
TXN006859,5,1,0,0,0,2,1197.48,106950.6,39,13,10,32,4154.4
TXN006860,0,0,1,1,0,0,61344.64,63817.37,51,1,5,11,2473.86
TXN006861,3,0,0,1,1,1,97365.33,117492.02,23,0,16,32,6795.37
TXN006862,5,1,0,0,2,1,85665.38,135775.99,52,2,23,45,6074.24
TXN006863,6,1,1,1,2,0,25575.88,76886.91,56,14,9,23,3672.37
TXN006864,2,0,0,0,2,1,20068.35,10630.11,33,14,2,37,1900.88
TXN006865,4,0,1,1,1,1,62798.16,133328.52,48,9,18,0,3276.09
TXN006866,2,0,0,1,2,2,82352.46,33161.88,66,11,2,33,4060.2
TXN006867,1,0,1,0,2,0,36526.83,27685.57,61,11,20,16,1106.96
TXN006868,2,0,1,1,2,0,43519.28,53075,32,0,1,39,3429.51
TXN006869,0,0,1,1,0,0,11991.21,63197.72,63,12,19,49,1323.93
TXN006870,3,0,1,1,1,0,15706.23,121912.74,18,3,22,21,2916.22
TXN006871,3,0,1,0,0,2,57050.98,64485.67,61,3,0,48,3276.93
TXN006872,6,1,0,1,1,1,10714.29,16834.96,37,5,17,47,3859.08
TXN006873,5,1,0,1,2,1,20603.59,99034.64,40,11,7,26,4855.54
TXN006874,0,0,1,1,0,2,23850.36,103970.94,37,2,23,14,4093.98
TXN006875,1,0,0,1,2,1,44670.49,123990.93,49,12,18,14,4437.33
TXN006876,0,0,1,1,2,0,5038.39,65841.25,63,14,4,22,1925.52
TXN006877,2,0,1,1,1,2,50227.21,22049.95,65,8,23,11,3425.79
TXN006878,0,0,0,1,2,2,92903.1,87428.72,42,5,9,26,6564.21
TXN006879,0,0,0,1,0,0,2934.13,26939.63,64,13,8,48,431.74
TXN006880,6,1,1,1,1,0,63282.99,12390.55,25,6,17,49,4225.64
TXN006881,1,0,1,0,1,0,83666.32,119001.69,50,5,23,39,3178.7
TXN006882,2,0,1,1,0,1,31589.85,66477.48,62,8,18,8,2781.54
TXN006883,4,0,1,1,2,0,13586.1,83500.72,47,1,4,46,4042.99
TXN006884,6,1,1,1,2,2,4812.31,102798.89,20,10,20,44,5141.22
TXN006885,4,0,1,1,2,1,64568.35,66143.87,41,13,10,28,4328.38
TXN006886,6,1,0,1,2,1,55447.32,17158.42,29,7,19,36,5412.68
TXN006887,3,0,1,0,2,2,23314.85,45384.11,48,4,23,20,2989.98
TXN006888,6,1,1,0,1,1,83245.92,37207.77,24,1,0,0,4200.69
TXN006889,5,1,0,0,1,0,73682.88,146835.16,57,12,11,11,3698.01
TXN006890,0,0,1,0,0,0,28004.66,113530.76,34,6,5,0,2248.13
TXN006891,3,0,1,1,2,0,75459.62,73217,67,11,22,26,3925.8
TXN006892,1,0,0,1,2,0,24876.92,18871.44,27,4,23,23,2861.23
TXN006893,4,0,1,1,2,1,67689.11,26219.07,32,7,19,23,3920.25
TXN006894,6,1,0,0,0,2,12295.23,123805.94,38,13,11,48,4343.57
TXN006895,0,0,1,0,2,1,69377.83,142362.87,38,9,11,33,4426.23
TXN006896,1,0,0,0,1,2,24258.05,14389.03,46,10,2,38,2474.68
TXN006897,5,1,0,0,2,2,57460.7,137455.6,59,5,23,34,5801.49
TXN006898,1,0,0,1,0,0,17660.15,63278.92,58,6,14,49,2287.3
TXN006899,0,0,1,1,1,1,72733.71,39908.57,18,10,10,45,4391.44
TXN006900,5,1,1,0,1,0,6557.52,24312.53,38,11,9,9,1832.85
TXN006901,1,0,0,1,1,1,16959.07,118044.85,22,0,20,23,4515.33
TXN006902,5,1,0,0,2,1,18821.58,75647.47,32,1,20,26,5033.27
TXN006903,6,1,1,0,0,0,4613.69,126539.33,63,8,22,6,1803.81
TXN006904,6,1,1,0,0,1,74628.75,41662,43,14,20,13,2671.57
TXN006905,0,0,1,0,2,0,98104.77,104999.53,28,6,22,34,4248.88
TXN006906,0,0,1,1,0,2,77950.58,26537.04,66,6,15,42,4227.02
TXN006907,5,1,1,1,1,0,86132.88,22565.1,38,3,11,14,4410.01
TXN006908,2,0,0,0,1,1,1097.76,28675.98,63,12,15,43,2007.57
TXN006909,3,0,1,0,0,1,12228.06,123246.18,23,12,4,31,1324.44
TXN006910,1,0,0,1,0,2,56122.52,101786.76,21,3,17,36,5438.16
TXN006911,1,0,1,1,2,2,97797.95,33234.94,62,2,9,8,5867.03
TXN006912,2,0,0,0,2,2,66240.94,63868.11,38,9,5,38,5138.12
TXN006913,2,0,0,0,2,0,37726.6,116916.04,34,3,13,46,4742.03
TXN006914,2,0,1,0,2,0,15041.86,49994.41,48,11,13,32,1899.51
TXN006915,4,0,0,0,2,1,15707.15,138976.92,61,9,8,32,4146.62
TXN006916,4,0,0,0,2,2,36593.94,138044.39,40,5,15,37,5781.55
TXN006917,5,1,0,1,1,2,71524.11,87406.12,49,10,12,31,6230.24
TXN006918,4,0,0,1,0,0,3666.02,98476.4,61,2,13,20,2026.53
TXN006919,6,1,1,0,2,1,85291.67,101450.57,53,9,20,4,5326.53
TXN006920,6,1,0,0,1,2,94184.37,46185.58,51,7,10,42,5914.08
TXN006921,0,0,1,0,0,0,88937.24,61144.99,69,0,1,10,2294.38
TXN006922,5,1,0,0,0,0,91346.18,29031.76,23,5,21,28,3199.45
TXN006923,1,0,1,1,0,2,2026.26,139481.99,55,12,19,45,2352.68
TXN006924,3,0,1,1,2,2,97790.34,111338.92,39,1,19,7,7385.11
TXN006925,0,0,1,0,2,1,36952.53,16489.88,50,10,18,26,2706.69
TXN006926,1,0,0,1,2,2,86993.47,86914.24,28,13,11,45,5791.22
TXN006927,1,0,1,0,0,0,19087.48,58030.32,40,0,16,40,1577.78
TXN006928,5,1,1,0,0,2,44929.31,124140.3,61,11,8,42,4278.52
TXN006929,2,0,0,1,1,2,4894.36,58132.01,53,3,21,42,4247.42
TXN006930,2,0,1,0,1,1,4487.56,100181.02,45,11,10,47,2864.03
TXN006931,0,0,0,1,1,0,94355.97,33203.65,65,12,11,11,3586.94
TXN006932,2,0,0,0,1,2,81155.36,88225.77,36,5,2,6,4350.41
TXN006933,1,0,1,0,0,0,53217.69,51144,60,6,16,34,1884.26
TXN006934,2,0,0,0,2,1,52783.09,33084.38,60,10,5,43,3422.34
TXN006935,4,0,0,0,2,0,75001.08,96696.28,30,0,3,5,4289.3
TXN006936,2,0,0,1,2,2,34496.04,99409.77,30,2,12,18,6122.36
TXN006937,1,0,1,0,2,2,76305.99,147669.53,25,5,16,35,6852.29
TXN006938,5,1,0,1,1,1,48758.33,103674.85,60,12,9,41,5001.06
TXN006939,0,0,0,1,0,1,63972.78,82199.39,65,12,19,39,3202.49
TXN006940,3,0,0,0,2,1,96500.53,137766.92,30,5,17,41,5511.56
TXN006941,2,0,1,1,0,0,47395.9,125959.31,52,9,13,15,2982.85
TXN006942,6,1,0,0,1,0,42131.26,86824.48,44,5,15,10,3462
TXN006943,6,1,1,1,1,0,90622.04,81588.87,28,6,18,35,5309.77
TXN006944,1,0,0,1,2,0,90306.76,141875.69,38,10,14,27,5540.75
TXN006945,3,0,1,0,2,1,99245.66,96397.79,25,6,22,44,5684.3
TXN006946,3,0,1,0,1,0,55310.87,109929.08,59,11,22,22,2241.04
TXN006947,4,0,1,1,1,0,34754.02,22135.07,43,9,20,34,2268.67
TXN006948,3,0,0,0,0,0,24418.81,110562.79,47,14,12,34,1581.9
TXN006949,6,1,0,0,1,0,3892.59,47055.46,39,7,1,16,1380.54
TXN006950,5,1,0,1,0,1,72809.5,26175.31,67,10,8,38,4577.73
TXN006951,1,0,1,1,1,1,23730.88,128953.26,66,1,12,42,4926.76
TXN006952,1,0,0,0,0,2,60860.77,106766.75,56,9,21,3,3397.58
TXN006953,2,0,0,1,1,2,91700.94,67059,67,13,11,47,4486.03
TXN006954,2,0,1,0,1,0,95046.25,70398.34,27,0,0,6,3919.25
TXN006955,2,0,0,0,0,0,938.81,37596.48,43,9,12,47,1690.02
TXN006956,6,1,0,1,0,1,32048.97,11337.14,69,13,21,17,2342.65
TXN006957,6,1,1,0,2,2,83819.11,58910.28,44,14,7,43,5838.01
TXN006958,6,1,1,1,2,0,53876.3,30778.01,39,12,3,22,3433.89
TXN006959,6,1,0,0,1,2,80847.12,69041.75,30,6,21,27,5679.18
TXN006960,6,1,1,0,1,2,85405.67,126735.51,56,11,10,40,5165.05
TXN006961,6,1,0,0,0,2,44541.31,26065.61,24,0,23,41,4905.29
TXN006962,5,1,0,1,1,1,36218.8,22845.5,69,1,5,35,3686.62
TXN006963,6,1,0,1,2,0,45815.61,136294.31,60,0,12,37,6637.84
TXN006964,3,0,0,0,0,0,65453.12,114319.54,59,13,19,18,2986.41
TXN006965,3,0,0,1,1,1,37032.34,17429.78,29,11,22,49,2013.13
TXN006966,4,0,1,1,0,1,77611.33,21139.87,30,11,4,43,3816.41
TXN006967,5,1,1,0,2,1,90447.28,105889.39,29,0,12,49,6672.33
TXN006968,2,0,0,1,2,2,28589.96,61848.19,29,2,16,20,5529.18
TXN006969,0,0,1,1,2,2,96516.47,111384.26,55,3,18,34,6049.96
TXN006970,6,1,1,1,1,0,62461.16,66623.57,20,4,18,49,4676.42
TXN006971,4,0,0,0,1,0,87877.79,145490.14,25,4,0,1,3460.02
TXN006972,0,0,1,0,1,2,10839.69,107218.33,66,1,3,16,3088.26
TXN006973,3,0,1,1,1,2,25524.16,16526.21,48,10,1,10,3079.64
TXN006974,4,0,0,0,1,1,32441.4,56270.25,30,2,11,12,3966.19
TXN006975,4,0,0,1,1,2,30630.8,88904.87,25,13,0,40,4219.86
TXN006976,1,0,0,0,2,0,17600.19,29862.31,54,7,11,27,2099.99
TXN006977,3,0,0,1,2,0,86885.99,10352.84,41,1,12,16,4335.11
TXN006978,3,0,0,0,1,1,42151.91,21103.14,45,3,5,44,2599.32
TXN006979,5,1,0,1,2,1,96331.46,83396.89,21,6,6,23,6991.8
TXN006980,4,0,0,0,0,0,58555.5,98515.71,33,8,19,44,3655.92
TXN006981,6,1,1,1,1,2,14270.27,23006.47,35,2,4,33,5097.78
TXN006982,3,0,0,0,0,2,54817.52,103121.91,21,2,8,48,5069.84
TXN006983,4,0,1,0,1,0,99357.74,96397.38,60,6,12,36,4128.46
TXN006984,5,1,1,0,1,2,56734.58,141585.58,57,7,13,13,5544.52
TXN006985,6,1,0,1,2,2,686,127694.57,50,13,7,48,5769.45
TXN006986,5,1,1,1,0,0,93341.45,142053.86,62,3,15,5,5729.21
TXN006987,1,0,1,1,2,0,23871.99,145255.07,44,13,13,40,3417.16
TXN006988,6,1,1,0,1,1,69008.64,71713.2,53,0,17,43,4859.34
TXN006989,4,0,0,1,0,0,51750.48,78307.5,21,4,9,21,3438.23
TXN006990,3,0,1,0,1,1,32880.66,49427.08,53,10,18,19,2218.74
TXN006991,3,0,1,0,2,1,28622.63,81180.54,30,13,15,22,3410.59
TXN006992,4,0,0,0,1,2,92911.61,31100.06,68,14,8,43,4092.35
TXN006993,4,0,1,1,1,0,91236.63,104000.33,65,3,20,31,3923.37
TXN006994,4,0,1,0,2,2,51556.92,13490.55,31,13,0,21,2569.96
TXN006995,2,0,1,1,1,0,26220.27,42987.89,59,10,8,38,1694.19
TXN006996,6,1,1,1,0,0,10683.03,39130.04,54,7,23,49,1947.15
TXN006997,3,0,1,0,2,2,16079.35,141304.47,64,12,13,22,4363.15
TXN006998,6,1,0,1,1,1,52464.05,30286.25,23,6,6,19,4920.28
TXN006999,5,1,1,0,2,0,31129.08,134708.56,68,1,22,36,4295.02
TXN007000,3,0,0,0,1,1,4685.78,27410.15,31,5,23,42,1739.13
TXN007001,2,0,1,1,2,2,45789.15,101097.72,60,3,10,45,5247.64
TXN007002,4,0,0,0,2,2,74745.83,54784.04,20,6,19,38,5469.11
TXN007003,1,0,0,0,0,0,89223.66,54240.33,42,8,6,42,3505.41
TXN007004,4,0,0,0,2,2,58735.76,149757.95,51,6,23,33,5645.23
TXN007005,4,0,1,1,0,0,72467.57,41646,23,14,9,16,2161.38
TXN007006,2,0,1,1,2,0,36725.01,38358.41,57,1,18,14,4144.57
TXN007007,6,1,1,1,2,0,49875.7,92506.86,18,7,1,20,3565.69
TXN007008,3,0,1,0,1,0,73097.87,113705.34,63,5,1,0,2675.62
TXN007009,4,0,1,0,1,0,72901.99,147550.63,65,8,22,44,3324.64
TXN007010,3,0,0,1,1,2,42740.36,108197.93,66,6,15,37,5038.13
TXN007011,0,0,0,1,2,0,54594.9,88661.95,25,4,11,33,5043.78
TXN007012,5,1,0,1,2,1,92423.61,67278.44,34,7,7,28,6295.35
TXN007013,6,1,1,1,0,0,63383.76,93315.79,30,6,9,1,3387.68
TXN007014,3,0,1,1,0,0,64436.18,94116.9,36,0,22,19,3324.47
TXN007015,1,0,0,0,0,0,78569.72,40479.61,58,10,14,41,2552.03
TXN007016,5,1,1,1,1,2,11964.68,103969.2,52,4,15,49,5748.61
TXN007017,1,0,1,0,1,1,52526.99,38619.33,67,6,3,43,3278.76
TXN007018,4,0,0,0,0,1,95963.46,78593.68,50,9,22,12,2963.01
TXN007019,5,1,0,0,2,1,36485.21,46381.73,62,6,4,7,4512.4
TXN007020,3,0,1,0,1,2,29845.15,53792.14,62,10,16,22,2783.58
TXN007021,5,1,1,1,1,2,60320.19,95942.78,61,13,9,47,5236.63
TXN007022,4,0,0,0,0,0,22501.38,19027.92,50,2,3,10,1010.91
TXN007023,2,0,1,1,1,2,55816.54,11684.87,59,4,0,22,2742.67
TXN007024,6,1,0,0,0,1,15987.38,28286.8,68,7,0,35,1823.61
TXN007025,1,0,0,1,1,1,58189.45,33618.98,56,14,6,27,3734.38
TXN007026,4,0,0,1,2,2,60436.73,37702.22,63,8,2,16,4666.7
TXN007027,2,0,1,0,2,2,42130.85,118350.35,55,13,15,7,4152.15
TXN007028,5,1,0,1,1,1,38583.27,72560.12,55,8,15,0,4502.55
TXN007029,5,1,0,0,0,1,24923.1,75791.06,26,9,14,28,4040.95
TXN007030,4,0,1,1,1,1,33426.77,100206.78,69,4,22,2,2829.41
TXN007031,3,0,0,0,0,1,50085.42,112075.23,65,1,10,12,4054.01
TXN007032,5,1,1,0,1,1,25142.06,10491.17,54,7,21,32,2649.36
TXN007033,3,0,1,1,2,2,78392.03,129941.55,64,6,17,22,5728.71
TXN007034,3,0,1,1,2,2,71049.01,148380.88,18,3,20,22,6770.25
TXN007035,6,1,0,0,1,0,27295.93,27053.04,53,4,23,33,2524.98
TXN007036,3,0,0,0,1,0,10194.8,101151.28,59,11,19,25,1427.72
TXN007037,0,0,1,1,1,0,517.91,10337.93,55,9,7,4,630.92
TXN007038,6,1,1,0,2,2,59873.53,16864.13,19,11,23,7,3987.15
TXN007039,2,0,1,0,2,0,21530.69,49900.14,27,11,5,16,1690.21
TXN007040,2,0,0,0,0,0,1751.96,128496.57,68,10,17,24,1943.39
TXN007041,5,1,1,1,1,2,36228.98,101350.13,40,10,7,22,5047.38
TXN007042,5,1,1,0,1,1,96218.85,72414.93,26,9,19,27,4744.29
TXN007043,3,0,1,0,2,2,69149.31,71403.79,28,1,16,33,6038.55
TXN007044,6,1,0,1,1,2,85847.49,75247.5,53,8,4,7,6389.29
TXN007045,6,1,1,0,0,1,14901.54,53544.64,59,13,2,42,1490.89
TXN007046,0,0,0,0,1,0,7792.17,132880.03,55,11,18,18,1557.13
TXN007047,3,0,0,0,2,2,1647.21,89501.68,52,14,6,12,3334.05
TXN007048,0,0,1,0,1,2,95588.4,77752.99,30,5,11,25,5251.34
TXN007049,3,0,1,1,2,1,30370.17,75110.72,36,8,0,38,3300.42
TXN007050,1,0,1,0,0,2,46220.74,141015.71,52,7,2,5,3819.89
TXN007051,1,0,0,0,0,0,39755.1,111312.67,69,0,9,12,2689
TXN007052,4,0,0,0,1,1,73180.47,30274.04,47,12,5,48,4038.63
TXN007053,3,0,0,0,1,2,31341.51,71175.82,35,8,15,22,3942.66
TXN007054,6,1,1,0,2,0,53777.56,50372.11,29,8,13,35,4059.92
TXN007055,5,1,0,1,0,0,99560.44,148161.61,29,3,7,42,7033.73
TXN007056,2,0,1,1,0,2,44684.32,68155.4,38,0,5,16,4434.1
TXN007057,4,0,1,0,0,0,55351.52,19501.81,29,3,10,0,1669.55
TXN007058,5,1,1,0,0,1,50501.54,67569.68,45,5,3,42,3142.54
TXN007059,1,0,0,1,1,0,80417.02,54989.04,46,3,7,12,3868.46
TXN007060,3,0,0,1,1,1,27050.55,93941.57,56,8,4,27,3624.83
TXN007061,4,0,0,1,2,1,17458.58,41650.94,58,3,9,13,4195.08
TXN007062,3,0,1,0,0,1,75532.27,15036.31,61,9,21,47,1694.36
TXN007063,1,0,0,0,1,2,41854.01,23423.25,68,7,11,13,3357.58
TXN007064,4,0,0,0,1,0,91415.74,49640.66,21,1,16,6,4526.22
TXN007065,1,0,1,0,0,2,64593.85,58765.17,48,11,19,36,3339.4
TXN007066,0,0,1,0,1,2,56652.14,126823.08,41,6,10,40,5533.62
TXN007067,1,0,0,0,2,1,7510.48,47809.76,59,7,19,42,2250.12
TXN007068,6,1,1,1,2,2,73175.98,14409.03,68,13,11,17,4961.98
TXN007069,6,1,0,1,0,0,68761.02,119302.69,66,5,20,40,4536.43
TXN007070,3,0,1,0,2,2,64187.16,131648.46,35,9,11,8,5426.5
TXN007071,2,0,1,0,1,2,27157,78922.87,59,12,16,37,2831.81
TXN007072,1,0,0,0,2,1,94700.56,49889.81,43,5,19,19,4874.29
TXN007073,5,1,1,1,1,1,32504.69,118099.58,61,7,22,20,4358.66
TXN007074,6,1,1,1,0,2,15646.98,11245.78,37,2,21,37,3831
TXN007075,2,0,1,1,0,1,98726.51,139363.95,25,1,4,35,5756.15
TXN007076,0,0,0,1,1,2,74751.5,131174.43,68,8,16,24,5773.3
TXN007077,4,0,1,0,1,0,41771.29,86276.65,50,7,23,42,1889.84
TXN007078,4,0,1,1,2,0,93623.68,48861.37,21,9,4,1,3857.84
TXN007079,6,1,0,1,1,1,9566.18,14598.28,55,4,12,43,3497.71
TXN007080,2,0,0,0,0,0,9222.29,149975.33,39,12,13,29,1520.84
TXN007081,6,1,1,0,1,0,68403.88,116690.32,53,4,7,7,4231.71
TXN007082,4,0,1,0,2,2,18208.22,57419.38,65,5,13,24,2965.76
TXN007083,1,0,1,1,2,1,91755.38,12698.08,48,5,5,29,4530.35
TXN007084,2,0,0,0,1,0,84115.74,99500.84,25,1,6,29,4622.68
TXN007085,3,0,1,1,2,1,30983.54,148166.56,26,6,9,12,4942.91
TXN007086,1,0,0,1,2,1,88939.54,108990.18,64,2,16,30,6962.87
TXN007087,1,0,0,1,0,1,4767.32,21720.02,35,7,5,31,2438.25
TXN007088,1,0,1,1,1,0,55089.47,66318.97,52,8,2,35,2647.54
TXN007089,3,0,1,0,0,1,93588.5,25285.68,41,2,18,40,3917.84
TXN007090,0,0,0,0,0,1,85610.61,137702.48,34,5,18,28,4124.37
TXN007091,5,1,1,1,2,2,35929.3,56258.03,18,7,21,47,6006.25
TXN007092,6,1,1,0,0,2,18695.61,112672.71,56,5,23,33,3463.65
TXN007093,4,0,0,1,1,2,21448.79,21856.65,59,9,2,18,3460.16
TXN007094,6,1,1,1,1,2,51693.53,27978.06,32,2,2,25,5243.79
TXN007095,2,0,0,0,1,1,59878.91,105128.27,30,3,4,4,4379.11
TXN007096,0,0,1,0,0,2,3765.02,128087.19,40,8,5,19,2639.63
TXN007097,2,0,0,1,1,2,41648.38,38202.99,46,11,5,13,3302.1
TXN007098,6,1,0,0,1,0,83123.52,68567.21,48,11,22,42,3243.14
TXN007099,4,0,1,1,0,2,44710.73,96718.38,54,10,22,28,2815.11
TXN007100,3,0,0,0,0,2,17332.95,121478.69,45,11,12,2,2998.07
TXN007101,6,1,0,1,0,0,95508.6,97947.53,49,0,18,19,5074.68
TXN007102,1,0,1,1,0,1,26994.42,23359.63,24,3,4,24,3118.21
TXN007103,6,1,1,0,2,1,79943.61,85994.71,31,9,0,40,4395.38
TXN007104,1,0,1,0,0,0,19782.52,133844.94,31,0,16,4,3461.68
TXN007105,3,0,0,1,0,0,42605.69,131523.32,49,7,1,28,2491.72
TXN007106,6,1,0,0,1,1,49297.04,91902.19,26,14,11,49,4146.97
TXN007107,0,0,0,0,1,2,50313.21,149397.47,23,6,17,40,4873.24
TXN007108,0,0,1,1,0,0,51889.15,24717.32,68,6,6,40,2148.83
TXN007109,2,0,0,1,0,0,22882.28,77003.35,32,1,4,1,2488.92
TXN007110,3,0,0,0,0,0,51833.59,118517.31,47,9,18,5,2358.69
TXN007111,0,0,1,0,1,1,48430.42,29745.34,47,14,15,35,2543.81
TXN007112,6,1,0,1,1,1,21267.59,146184.97,33,5,22,0,5150.26
TXN007113,3,0,1,1,0,1,98825.06,59566.52,40,7,11,30,3939.24
TXN007114,4,0,1,1,1,1,86623.56,59019.57,48,7,18,26,4370.51
TXN007115,1,0,1,1,1,1,88813.85,39847.2,29,14,18,44,4366.88
TXN007116,6,1,0,1,0,2,68714.32,50322.44,38,4,19,36,5154.86
TXN007117,1,0,0,1,1,2,16409.75,90862.45,20,7,20,45,5712.55
TXN007118,1,0,0,1,0,1,57025.16,70109.6,20,12,14,45,4848.1
TXN007119,3,0,1,1,2,1,82233.24,37072.94,55,1,23,18,4430.34
TXN007120,3,0,1,0,2,1,4354.28,123279.59,39,13,8,0,2267.22
TXN007121,2,0,1,0,2,0,49836.39,18713.5,38,3,20,30,2352.69
TXN007122,1,0,0,0,1,0,39914.23,126851.38,68,9,7,17,2805.29
TXN007123,2,0,0,1,2,1,21606.41,48491.42,61,1,18,6,4162.93
TXN007124,1,0,0,0,1,1,38135.88,79426.47,33,4,6,48,3170.1
TXN007125,2,0,0,1,0,0,98358,63349.04,35,10,18,31,3302.25
TXN007126,2,0,0,0,2,0,72462.71,89884.3,21,2,11,34,4869.82
TXN007127,4,0,1,1,1,0,30303.94,121438.6,37,5,2,31,2598.7
TXN007128,2,0,0,1,2,0,60732.83,148504.77,62,6,3,0,4175.88
TXN007129,3,0,1,0,1,0,25042.3,52848.28,30,5,1,32,1916.81
TXN007130,2,0,1,1,1,1,61278.97,87532.62,48,10,6,11,3686.1
TXN007131,1,0,0,0,0,1,89668.59,75241.06,19,1,21,44,4217.08
TXN007132,2,0,1,0,1,0,55909.24,149849.94,47,1,2,23,3531.49
TXN007133,0,0,0,0,1,1,73467.33,123247.91,48,14,0,3,3314.58
TXN007134,5,1,0,0,2,0,45607.23,65591.74,45,3,11,14,3944.72
TXN007135,1,0,1,0,0,0,52650.33,76763.07,26,13,18,31,1988.38
TXN007136,0,0,0,0,1,0,69659.97,44433.92,28,6,19,23,3192.35
TXN007137,1,0,0,0,2,1,81334.3,115734.62,52,7,16,22,5251.7
TXN007138,3,0,1,0,0,1,66115.41,128329.65,66,4,23,24,3265.76
TXN007139,5,1,1,0,1,1,97760.45,145098.16,61,13,17,48,5363.22
TXN007140,5,1,1,1,2,1,82072.35,89216.05,54,9,2,25,5261.22
TXN007141,3,0,1,1,0,2,77827.44,103895.62,63,0,12,20,5245.86
TXN007142,5,1,1,0,0,0,84587.61,72448.24,68,13,4,5,2715.43
TXN007143,3,0,1,1,0,0,28480.49,95277.99,34,8,21,21,2109.21
TXN007144,0,0,0,1,0,1,43488.69,58824.86,43,14,18,44,3182.06
TXN007145,4,0,0,0,1,1,56664.06,113276.48,21,12,18,38,4203.82
TXN007146,1,0,0,0,1,2,46507.44,13178.05,50,7,7,36,3261.02
TXN007147,3,0,1,1,0,0,84822.05,13983.96,34,14,19,10,1903.82
TXN007148,1,0,0,0,0,0,3193.32,110256.92,59,0,15,36,2370.3
TXN007149,0,0,1,0,1,1,21312.95,140295.59,25,8,4,29,3345.26
TXN007150,4,0,0,0,2,1,88229.8,98514.85,43,4,3,30,5266.45
TXN007151,0,0,1,1,0,2,6380.46,111713.96,60,13,15,32,3151.23
TXN007152,5,1,0,0,1,0,23085.34,125350.8,37,7,23,44,3437
TXN007153,1,0,1,1,1,2,35449.41,60634.4,59,9,13,11,3636.24
TXN007154,6,1,1,0,2,0,75198.69,25135.91,68,9,12,26,4038.1
TXN007155,4,0,1,0,1,1,56237.98,140632.92,55,11,22,13,3270.09
TXN007156,5,1,1,1,0,2,95483.17,141399.88,60,1,19,0,6353.82
TXN007157,4,0,0,0,1,1,23173.56,71857.68,65,6,7,44,2911.2
TXN007158,5,1,0,1,0,0,87275.98,40403.75,59,8,23,49,3816.49
TXN007159,0,0,1,1,1,0,28649.89,134929.61,50,6,17,48,3609.13
TXN007160,3,0,1,0,0,2,24927.08,109179.74,57,8,4,7,2120.79
TXN007161,1,0,1,0,0,1,50088.33,11151.97,34,3,5,7,1862.06
TXN007162,2,0,0,1,1,0,7584.85,25080.76,68,4,5,39,2669.34
TXN007163,2,0,1,1,0,0,38738.55,147647.95,26,6,19,28,3494.43
TXN007164,0,0,1,0,1,2,35889.76,15337.95,37,0,22,25,3095.29
TXN007165,1,0,0,0,1,2,16430.1,49557.7,25,1,20,25,3675.03
TXN007166,1,0,1,0,1,1,86149.09,86789.49,58,1,21,48,4061.09
TXN007167,0,0,1,0,0,2,38896.02,35809.79,65,14,16,19,1866.16
TXN007168,1,0,0,0,1,0,98201.06,42487.57,63,14,22,43,2978.7
TXN007169,3,0,1,1,2,1,90020.94,59415.45,23,14,15,42,4847.15
TXN007170,0,0,1,1,0,1,19883.66,47737.6,26,9,4,48,2888.33
TXN007171,3,0,0,1,2,1,50759.66,122469.87,28,8,19,6,5585.96
TXN007172,1,0,1,1,2,0,60379.51,80038.43,64,2,2,31,3659.92
TXN007173,0,0,0,0,2,2,81986.57,49006.82,64,8,0,41,3921.76
TXN007174,1,0,1,1,2,1,88621.45,53833.44,22,0,4,48,5923.93
TXN007175,0,0,1,0,1,0,62589.79,15581.09,25,10,2,17,1399.48
TXN007176,1,0,1,0,2,2,3995.85,16914.89,69,2,23,21,2604.31
TXN007177,3,0,1,0,0,1,48387.01,110507.06,52,9,15,28,3035.22
TXN007178,6,1,1,0,2,2,88537.95,25807.52,69,14,15,31,5626.71
TXN007179,3,0,0,0,2,2,71551.92,76611.55,42,1,3,48,5801.32
TXN007180,1,0,1,1,2,2,87079.12,127931.19,53,1,2,19,6118.05
TXN007181,0,0,1,0,1,0,67570.94,61583.49,56,0,11,30,3652.59
TXN007182,2,0,0,0,2,1,4881.48,58405.31,66,5,16,42,3487.75
TXN007183,3,0,0,0,2,1,96816.66,132226.76,61,4,11,40,6405.54
TXN007184,3,0,1,1,2,1,91842.84,131079.06,23,13,9,7,5033.49
TXN007185,5,1,0,0,0,0,13094.66,133219.15,41,14,1,42,2695.45
TXN007186,2,0,1,0,1,2,11712.77,90067.95,38,11,9,35,4194.4
TXN007187,1,0,0,0,1,0,54138.31,143322.6,53,4,1,7,3638.43
TXN007188,6,1,0,1,1,1,75826.56,124654.95,35,10,16,8,6293.29
TXN007189,0,0,1,0,0,2,38526.23,68188.82,65,8,23,13,2113.52
TXN007190,5,1,0,1,2,0,14070.03,98137.72,18,5,4,45,5388.55
TXN007191,1,0,1,1,0,0,51300.33,27050.47,46,8,1,32,1521.08
TXN007192,4,0,0,0,1,0,34087.83,87186.51,34,3,23,14,2493.11
TXN007193,6,1,0,1,1,0,35501.31,46840.87,22,6,13,29,3977.62
TXN007194,3,0,0,1,1,2,64676.06,49696.61,67,12,9,29,4173.02
TXN007195,4,0,1,0,0,0,88618.01,27600.55,23,10,14,39,2586.27
TXN007196,3,0,1,0,1,2,56079.88,60147.89,62,3,4,30,3481.57
TXN007197,3,0,0,0,2,0,68916.45,77394.65,25,0,13,4,4162.42
TXN007198,4,0,1,0,0,1,66164.73,94049.62,42,3,20,18,2974.74
TXN007199,6,1,1,1,2,0,55339.05,52681.71,36,1,17,47,5752.28
TXN007200,4,0,1,1,1,0,31420.44,120914.75,65,4,23,41,3620.57
TXN007201,1,0,0,0,1,1,38090.52,82934.39,67,10,12,10,3939.3
TXN007202,5,1,1,0,0,2,31912.53,99327.3,56,1,12,36,4724.76
TXN007203,5,1,0,0,2,0,91791.06,48940.11,26,12,2,9,4007
TXN007204,4,0,0,1,0,0,82748.56,123979.02,45,1,3,47,4838.35
TXN007205,1,0,0,0,2,1,58145.06,97398.42,48,11,4,35,3496.33
TXN007206,5,1,0,1,1,2,91268.23,130728.82,18,10,9,32,6836.28
TXN007207,1,0,0,1,0,1,88697.66,32393.22,58,13,1,23,2264.02
TXN007208,1,0,1,1,0,0,92805.59,63292.86,27,11,23,14,3008.76
TXN007209,3,0,1,1,2,2,22566.5,25822.27,67,3,20,28,3615.1
TXN007210,5,1,0,0,1,0,71891.55,40173.82,39,6,8,38,4470.23
TXN007211,5,1,1,0,1,1,61117.84,65236.65,18,12,8,26,3930
TXN007212,3,0,1,0,2,0,73516.15,135241.47,30,2,9,19,4709.23
TXN007213,4,0,1,1,2,1,26706.25,87985.69,31,10,11,35,4080.52
TXN007214,3,0,1,1,2,1,69633.5,56252.97,40,11,14,13,4361.33
TXN007215,5,1,1,0,2,2,41277.94,114565.88,56,6,2,36,4995.61
TXN007216,5,1,1,1,2,1,83492.13,12755.58,45,10,8,48,5663.27
TXN007217,6,1,1,1,1,2,79638.89,61812.91,46,8,6,35,5713.86
TXN007218,4,0,0,1,1,2,21530.08,94116.44,57,14,22,36,3687.36
TXN007219,3,0,0,0,0,2,18793.6,91653.22,50,2,15,23,3761.23
TXN007220,0,0,0,0,1,2,71914.31,95058.1,19,3,23,48,4828.43
TXN007221,0,0,1,0,2,2,55272.25,39610.11,60,0,3,42,5056.24
TXN007222,4,0,1,1,1,1,55941.99,57191.08,50,6,13,35,3795.1
TXN007223,3,0,0,0,1,1,75375.27,140419.16,41,0,4,28,5485.2
TXN007224,3,0,1,0,1,2,85569.59,146356.57,29,12,15,14,5411.55
TXN007225,1,0,1,0,0,1,24276.91,53685.37,57,11,21,38,847.82
TXN007226,5,1,0,1,0,2,55776.18,100230.52,45,2,19,4,5530.94
TXN007227,2,0,0,1,2,1,82980.99,43781.55,52,13,13,45,5014.36
TXN007228,6,1,0,1,2,2,87343.02,61594.01,27,8,12,32,6956.99
TXN007229,4,0,1,1,0,0,29097.23,120926.86,64,11,23,38,1795.03
TXN007230,2,0,1,1,1,0,10863.31,80165.02,61,4,13,44,2910.74
TXN007231,2,0,1,0,1,2,23665.91,128942.59,51,9,4,44,3602.36
TXN007232,4,0,0,0,0,1,94577.2,98023.63,22,9,18,0,4094.66
TXN007233,3,0,0,1,2,2,46516.73,98048.97,58,10,16,46,5427.86
TXN007234,4,0,1,1,1,1,42148.09,14743.2,35,1,0,33,3091.6
TXN007235,2,0,0,0,2,2,1801.89,114953.85,23,8,23,39,3612.37
TXN007236,5,1,0,1,1,2,5575.96,146901.31,28,5,18,7,5752.76
TXN007237,6,1,1,1,2,1,67035.24,76224,63,8,10,23,4379.33
TXN007238,6,1,0,1,1,1,59187.79,32201.2,18,11,9,45,5055.69
TXN007239,5,1,0,1,2,2,57765.07,146776.87,40,10,3,22,6544.01
TXN007240,5,1,0,1,2,0,11477.13,50617.62,21,13,22,35,2910.5
TXN007241,3,0,1,0,2,0,35530.09,67287.71,24,3,16,12,2587.69
TXN007242,0,0,1,0,0,0,81329.63,20831.3,58,5,21,36,2177.21
TXN007243,4,0,0,1,2,0,17903.67,25517.16,66,11,16,45,2444.4
TXN007244,6,1,1,1,0,0,88327.38,40319.19,34,6,15,17,4130.19
TXN007245,5,1,1,0,0,1,12587.09,86785.25,28,10,18,9,1914.62
TXN007246,4,0,1,1,2,0,17330.36,88090.49,44,13,19,3,2523.15
TXN007247,6,1,0,0,0,1,48036.12,94874.14,29,5,13,6,4650.33
TXN007248,5,1,1,1,0,0,94557.34,91734.37,64,3,22,35,4317.42
TXN007249,6,1,0,0,0,1,33289.99,79333.18,51,7,15,21,3195.37
TXN007250,3,0,0,0,1,0,65992.69,122293.81,25,5,1,42,3881.45
TXN007251,0,0,1,1,2,0,59072.79,140745.96,69,1,7,42,4800.23
TXN007252,0,0,0,1,0,1,15387.45,47766.59,40,12,5,11,2435.75
TXN007253,5,1,1,0,2,1,25192.61,28227.12,43,11,9,23,3369.42
TXN007254,6,1,1,1,0,2,93050.2,69512.22,51,5,1,46,4644.21
TXN007255,3,0,0,0,2,0,18890.55,13699.13,49,0,18,36,1765.16
TXN007256,1,0,0,1,0,0,69653.48,133664.64,23,14,3,7,2860.54
TXN007257,4,0,1,1,1,1,96487.1,43558.88,18,8,5,19,4671.49
TXN007258,4,0,1,1,1,1,12390.85,86901.53,67,14,12,42,2549.9
TXN007259,2,0,1,0,1,0,40218.61,26113.3,21,9,0,17,1482.36
TXN007260,3,0,1,0,0,0,22781.25,87456.03,42,11,4,24,885.36
TXN007261,6,1,0,1,2,1,22545.37,15459.08,25,6,23,49,5185.55
TXN007262,2,0,0,0,0,1,12339.09,117632.94,57,7,6,22,2457.92
TXN007263,5,1,0,1,1,0,65130.34,143759,63,11,13,37,5102.88
TXN007264,6,1,1,0,0,1,74761.18,52976.65,37,10,18,17,3161.57
TXN007265,2,0,0,1,2,1,67840.99,46150.05,31,3,10,45,5331.04
TXN007266,0,0,0,0,1,0,92503.32,72719.3,50,7,17,10,3689.81
TXN007267,4,0,0,0,0,2,14995.04,96796.31,69,11,17,38,2834.39
TXN007268,6,1,0,0,2,1,32324.61,36454.74,20,0,20,13,3508.39
TXN007269,2,0,1,0,1,2,34784.99,122463.12,32,10,23,47,3964.97
TXN007270,0,0,0,0,2,1,23592.17,37794.87,44,3,5,21,3578.45
TXN007271,3,0,0,0,2,2,14649.39,10766.39,36,5,5,44,4027.99
TXN007272,2,0,0,1,1,1,48927,83395.08,18,9,6,37,4842.25
TXN007273,5,1,0,1,0,2,83526.74,26120.96,52,6,16,14,5364.05
TXN007274,5,1,1,0,0,2,95476.7,107753.42,69,11,18,4,5635.3
TXN007275,5,1,1,1,0,1,13369.39,33445.8,50,2,4,48,3495.28
TXN007276,6,1,0,0,0,2,82404.14,124433.26,68,9,6,4,4131.41
TXN007277,4,0,1,1,2,0,82545.82,75851.54,34,9,5,49,4483.9
TXN007278,2,0,1,1,0,0,39203.32,89278.91,30,1,16,41,3875.19
TXN007279,3,0,1,1,0,0,11447.95,36121.92,69,8,18,18,509.07
TXN007280,2,0,1,1,2,2,99005.8,30536.33,65,0,11,33,6052.28
TXN007281,4,0,0,0,2,1,65731.51,98380.95,29,9,6,15,4943.58
TXN007282,0,0,1,1,1,2,98228.47,45764.49,56,13,11,20,4491.36
TXN007283,4,0,1,1,2,1,48623.72,64029.58,43,0,16,44,4947.74
TXN007284,5,1,0,1,1,2,39821.7,77122.88,44,9,14,31,5809.98
TXN007285,6,1,0,0,1,1,25094.95,42148.7,41,1,15,18,3555.57
TXN007286,0,0,0,1,0,2,98365.41,121359.33,34,4,0,23,5526.2
TXN007287,6,1,0,0,0,2,25699.1,141519.42,28,0,10,34,5280.48
TXN007288,5,1,1,0,0,0,2864.39,70465.04,39,12,0,17,754.67
TXN007289,1,0,0,1,2,2,51490.61,138456.77,25,5,12,13,6489.1
TXN007290,4,0,1,0,2,0,38016.52,133575.59,59,13,19,21,3055.21
TXN007291,4,0,1,1,0,1,26507.56,33246.61,65,7,16,38,2577.6
TXN007292,3,0,0,1,0,1,63643.51,34273.47,49,9,15,29,3224.54
TXN007293,2,0,0,1,2,0,36744.73,76836.71,46,1,16,11,4572.15
TXN007294,0,0,1,1,1,2,40523.96,83620.01,59,4,13,48,5157.82
TXN007295,6,1,1,1,1,1,2793.04,57758.16,49,2,23,11,2511.78
TXN007296,0,0,0,1,0,2,59112.56,53808.94,57,1,4,29,4875.53
TXN007297,3,0,0,1,0,2,12646.07,70391.42,22,13,12,2,3242.8
TXN007298,3,0,0,0,0,2,21773.58,106667.1,66,5,17,39,3593.99
TXN007299,6,1,1,0,1,1,71853.22,21815.11,30,0,6,31,5161.39
TXN007300,2,0,1,1,0,1,31667.65,109481.48,42,11,16,26,3026.44
TXN007301,6,1,0,1,1,2,16739.41,139673.64,59,7,10,27,5989.18
TXN007302,6,1,1,0,2,0,57953.7,116890.94,27,14,16,17,4538.94
TXN007303,5,1,0,1,2,0,21883,36834.76,43,5,18,24,3960.89
TXN007304,2,0,1,0,2,0,27462.33,22247.37,43,3,5,14,2375.67
TXN007305,4,0,1,0,0,2,62323.26,78653.26,38,11,19,44,3845.6
TXN007306,5,1,0,1,2,0,74116.25,143896.85,40,4,17,47,6631.29
TXN007307,1,0,0,1,1,1,74096.14,124668.3,61,1,20,26,5634.34
TXN007308,2,0,0,0,1,0,48483.22,88782.71,29,7,9,14,2684.73
TXN007309,3,0,1,0,1,0,45702.54,30017.4,56,5,0,29,1267.66
TXN007310,5,1,1,1,0,2,78870.7,109937.15,60,5,0,10,4552.95
TXN007311,2,0,0,1,0,1,19706.96,123819.75,69,2,14,44,4676.75
TXN007312,0,0,1,0,1,1,15644.14,140909.68,42,0,5,13,2916.68
TXN007313,6,1,0,0,1,0,66637.16,95696.27,29,7,6,44,5027.99
TXN007314,1,0,1,0,1,2,41245.94,82025.21,53,11,9,27,3749.08
TXN007315,4,0,0,1,1,2,71144.85,96685.49,49,6,3,7,4734.27
TXN007316,6,1,1,1,2,0,26031.72,142055.35,35,11,13,10,3897.64
TXN007317,0,0,1,1,1,1,32824.75,97937.79,59,0,7,13,4035.67
TXN007318,0,0,1,0,0,1,89719.43,46062.86,37,11,0,46,2555.24
TXN007319,1,0,1,0,0,1,42454.82,99061.2,19,12,20,21,2637.91
TXN007320,4,0,0,1,0,2,59299.87,133164.24,50,7,1,24,3712.86
TXN007321,3,0,1,0,0,0,11114.88,89380.28,63,9,18,9,800.68
TXN007322,5,1,0,0,0,2,18293.5,80377.84,34,1,9,35,4404.02
TXN007323,4,0,0,0,1,1,4070.83,112671.69,53,10,3,38,3063.74
TXN007324,2,0,0,0,1,2,42724.9,102538.42,47,7,16,23,4563.6
TXN007325,0,0,0,0,2,1,98897.54,17936.26,26,4,15,5,4579.31
TXN007326,2,0,1,1,2,0,87450.38,111543.56,48,7,4,32,5192.96
TXN007327,3,0,0,1,2,1,63474.44,67056.92,56,10,9,21,4370.78
TXN007328,2,0,1,1,1,0,86179.1,141725.76,38,11,21,19,3924.22
TXN007329,4,0,1,1,2,2,59619.85,145912.42,39,5,10,10,6249.75
TXN007330,2,0,1,1,1,2,37192.5,72823.43,34,14,0,34,3695.78
TXN007331,3,0,1,0,0,2,17767.87,145631.28,20,1,12,34,4476.42
TXN007332,3,0,0,0,1,1,65478.35,53514.87,49,6,19,0,3897.87
TXN007333,3,0,1,0,1,0,19708.6,105570.22,50,10,1,41,1494.15
TXN007334,4,0,0,1,0,2,42034.13,20507.66,27,14,0,25,2293.39
TXN007335,3,0,1,0,0,2,82667.28,30298.51,22,10,13,13,4298.35
TXN007336,0,0,1,0,0,0,13358.32,131033.63,21,12,20,48,1642.13
TXN007337,6,1,0,0,2,1,13337.63,135129.77,68,14,11,1,4060.35
TXN007338,3,0,1,1,2,2,22828.04,84565.57,55,5,10,45,5289.53
TXN007339,2,0,1,0,2,1,55415.77,57568.28,49,3,0,4,4007.08
TXN007340,5,1,1,0,0,1,25546.49,73143.35,55,8,13,38,3008.52
TXN007341,2,0,1,1,2,1,50568.19,131747.43,58,12,7,14,4514.91
TXN007342,5,1,1,1,0,2,30547.27,39539.08,37,12,17,20,3438.14
TXN007343,2,0,0,0,0,2,50871.1,51281.83,26,3,4,28,3697.75
TXN007344,4,0,1,1,0,0,28124.33,119962.01,32,0,2,20,2638.99
TXN007345,2,0,1,0,2,0,98011.23,140937.72,69,12,21,37,4223.38
TXN007346,4,0,0,1,2,1,49525.43,23009.83,25,2,5,35,5083.53
TXN007347,4,0,1,0,0,2,74492.52,122528.12,51,10,23,13,3677.68
TXN007348,3,0,0,0,2,1,70204.38,100309.56,47,7,20,32,4266.89
TXN007349,0,0,1,1,1,0,49310.66,42308.02,27,2,4,22,2918.92
TXN007350,5,1,1,1,2,1,24266.78,115814.41,31,13,20,7,4062.74
TXN007351,3,0,0,1,0,1,51316.47,111908.25,51,13,1,19,3123.18
TXN007352,3,0,1,1,0,2,68256.68,29884.17,39,6,2,37,3231.57
TXN007353,6,1,1,0,0,1,46261.97,80315.15,30,10,3,46,3224.72
TXN007354,4,0,0,1,1,1,8651.55,116160.75,68,0,22,37,3289
TXN007355,4,0,0,0,0,2,2289.33,36816.18,46,14,0,46,1676.5
TXN007356,5,1,1,0,0,2,33123.74,74787.24,46,13,15,0,2868.9
TXN007357,2,0,0,0,2,0,15447.28,26903.76,24,3,18,41,3611.23
TXN007358,2,0,1,1,1,2,90665.93,52956.89,61,3,22,3,5141.03
TXN007359,3,0,0,0,2,1,17995.35,40512.29,23,8,7,13,3064.4
TXN007360,1,0,1,0,0,0,39731.13,80709.96,52,11,1,21,1172.1
TXN007361,1,0,0,1,0,0,71351.71,29770.15,54,10,2,11,2282.09
TXN007362,2,0,0,0,1,0,81634.46,63641.11,21,0,13,24,3910
TXN007363,1,0,0,0,0,0,48032.46,48522.81,31,10,6,47,2621.14
TXN007364,6,1,0,0,1,1,18522.93,114446.85,23,11,12,6,3926.65
TXN007365,2,0,0,1,2,1,27454.07,107953.77,34,14,6,6,3541.45
TXN007366,4,0,0,0,1,1,42187.36,23290.27,66,12,15,38,2708.28
TXN007367,3,0,0,0,2,1,36777.16,143487.74,41,8,2,5,3421.29
TXN007368,0,0,0,0,0,0,35192.94,114255.61,30,9,4,18,2448.75
TXN007369,3,0,0,1,2,1,13619.45,96234.22,29,7,22,46,4281.94
TXN007370,2,0,1,1,2,0,91374.37,76878.21,46,14,2,22,3276.26
TXN007371,6,1,0,1,2,2,3460.78,34909.14,41,9,23,9,4455.9
TXN007372,2,0,1,0,1,1,44280.21,144682.24,51,5,14,43,4514.55
TXN007373,3,0,0,0,2,2,98041.99,11100.17,31,10,19,7,4558.1
TXN007374,6,1,1,0,1,2,66142.53,106947.36,44,3,10,35,6157.95
TXN007375,6,1,1,0,1,1,35863.36,81042.21,22,10,22,6,2734.82
TXN007376,6,1,0,0,1,0,15036.71,136361.46,57,5,17,2,3585.95
TXN007377,5,1,0,1,0,2,96405.32,63297.62,64,5,4,7,4987.48
TXN007378,2,0,1,0,0,1,1891.64,82610.22,26,1,21,12,2190.29
TXN007379,1,0,1,0,0,2,68298.06,113927.51,33,6,12,30,4870.94
TXN007380,1,0,0,1,1,2,88073.68,16659.32,30,8,0,12,4523.43
TXN007381,2,0,0,1,0,1,3003.47,17626.53,32,7,13,25,3022.69
TXN007382,2,0,0,0,2,2,72654.9,39634.18,53,2,8,47,5132.08
TXN007383,5,1,1,1,1,0,99884.36,30499.44,42,7,8,47,4976.17
TXN007384,1,0,0,1,0,0,64144.43,10902.09,33,3,3,1,1673.95
TXN007385,2,0,0,1,1,2,41760.56,97218.58,61,9,20,2,3972.52
TXN007386,2,0,0,0,0,2,87502.87,121431.32,69,0,1,14,4588.31
TXN007387,5,1,0,1,2,1,55640.84,143996.1,61,2,15,48,7444.72
TXN007388,5,1,0,0,1,0,75069.36,71726.04,48,0,4,1,4219.2
TXN007389,3,0,1,1,0,2,58984.01,49160.89,64,4,19,16,4191.53
TXN007390,5,1,1,0,0,0,4309.96,130946.34,54,9,17,37,2018.9
TXN007391,0,0,0,0,2,2,21707.93,128215.39,50,14,1,10,3358.15
TXN007392,1,0,0,0,2,1,8336.98,97478.05,37,10,13,4,2871.83
TXN007393,3,0,1,1,0,1,11115.43,48240.87,43,8,14,5,1767.19
TXN007394,0,0,0,1,0,0,2032.85,137192.46,52,6,9,2,2117.49
TXN007395,2,0,1,1,1,0,42405.92,34976.19,57,2,15,22,2697.31
TXN007396,2,0,0,0,1,2,18275.84,16110.51,24,6,7,31,4208.72
TXN007397,3,0,1,1,0,2,85641.8,121526.56,62,11,23,3,4029.71
TXN007398,5,1,1,1,2,2,75128.73,88912.27,59,7,23,46,5555.58
TXN007399,6,1,0,0,1,0,57531.11,44505.49,48,3,20,28,3425.96
TXN007400,6,1,1,1,0,1,49157.62,103925.39,34,2,13,16,5384.02
TXN007401,2,0,0,0,2,1,25958.93,117340.31,60,1,19,30,3986.89
TXN007402,6,1,1,1,2,0,47757.67,128236.43,25,13,9,34,5437.57
TXN007403,4,0,0,0,0,1,64302.31,49497.64,40,7,12,47,3902.88
TXN007404,3,0,0,0,0,0,78331.77,13582.24,64,2,18,20,2344.73
TXN007405,0,0,0,1,1,2,8627.37,81405.43,61,6,1,22,3249.21
TXN007406,3,0,1,0,0,0,70992.24,129851,35,10,4,47,2538.04
TXN007407,1,0,0,1,1,1,74401.62,39094.99,59,10,13,30,4160.94
TXN007408,5,1,0,1,2,0,56117.73,68957.57,29,10,23,0,4182.92
TXN007409,5,1,0,1,1,0,21824.76,45898.9,47,1,20,10,4061.49
TXN007410,3,0,1,1,0,0,54148.87,11870.77,53,4,22,0,1794.4
TXN007411,2,0,0,0,1,0,50519.14,135793.37,32,4,20,6,3327.36
TXN007412,2,0,1,0,2,1,47833.15,28907.45,35,8,23,40,3500.48
TXN007413,4,0,1,0,2,2,46333.67,117347.4,42,7,7,12,5042.85
TXN007414,4,0,1,1,0,1,11527.14,58524.45,30,7,0,19,1650.72
TXN007415,5,1,0,1,1,1,18697.8,48875.47,41,9,4,5,3529.47
TXN007416,4,0,0,0,0,2,10184.54,141744.04,34,1,10,29,4635.31
TXN007417,0,0,1,0,0,1,24626.54,102007.93,18,14,7,48,2589.57
TXN007418,4,0,0,1,2,2,26715.94,106169.17,54,1,16,5,5042.87
TXN007419,0,0,0,1,1,2,24885.05,116351.41,66,11,9,33,4476.56
TXN007420,4,0,1,1,0,0,21487.44,57730.67,44,9,13,34,1711.8
TXN007421,5,1,1,0,2,1,73674.49,88913.03,37,6,0,19,4708.02
TXN007422,5,1,0,1,0,2,81947.26,47831.27,35,14,4,37,4477.39
TXN007423,0,0,1,0,1,1,33047.37,126835.81,26,14,14,29,2862.94
TXN007424,3,0,0,1,0,1,30860.32,93903.03,27,11,9,32,4320.69
TXN007425,5,1,1,0,1,2,84481.22,44076.96,42,12,14,23,4689.9
TXN007426,3,0,0,1,2,0,62580.43,135966.18,66,12,0,30,4116.65
TXN007427,2,0,0,0,2,2,29697.11,91317.6,18,3,23,15,4481.77
TXN007428,0,0,1,0,0,0,71504.42,79304.27,53,14,10,39,1661.96
TXN007429,6,1,0,0,2,2,34786.98,14828.26,35,2,17,15,4627.03
TXN007430,5,1,0,1,0,2,58862.28,137372.28,64,12,5,26,4948.78
TXN007431,1,0,1,0,0,0,99267.09,143318.35,32,2,1,35,4741.82
TXN007432,2,0,0,0,1,0,30508.64,88763.81,50,6,1,21,2030.37
TXN007433,3,0,0,1,0,1,93087.34,71951.87,39,0,16,14,5123.69
TXN007434,5,1,0,0,1,2,32404.92,60339.11,41,3,21,45,5119.2
TXN007435,0,0,1,0,0,1,54258.53,47526.72,18,5,4,0,2762.27
TXN007436,6,1,1,1,1,1,46268.39,90434.11,28,14,19,27,4600.7
TXN007437,4,0,1,0,2,0,78424.38,27933.31,60,8,13,32,2912.65
TXN007438,6,1,1,1,0,0,6578.72,138684.31,43,11,11,35,2679.88
TXN007439,1,0,1,0,1,1,62898.67,34634.22,43,0,3,14,2931.5
TXN007440,3,0,0,1,0,0,76186.36,114371.86,23,0,8,30,4144.7
TXN007441,2,0,0,0,1,2,47478.41,52964.29,50,1,17,5,4016.14
TXN007442,6,1,0,0,1,0,10976.61,41649.95,31,6,9,3,1140.58
TXN007443,0,0,1,0,0,0,24858.1,88101.69,41,6,6,19,1988.02
TXN007444,1,0,0,1,0,2,68127.4,117117.5,55,14,4,3,4302.56
TXN007445,0,0,1,0,2,0,89596.02,111743.13,66,13,14,9,3089.16
TXN007446,5,1,0,0,2,1,42450.06,42725.89,58,4,12,6,3885.52
TXN007447,4,0,1,1,2,1,56261,56270.33,34,3,13,26,5474.09
TXN007448,2,0,0,1,0,1,23224.31,131636.51,31,12,3,5,3342.45
TXN007449,0,0,0,1,2,0,41515.22,111254.12,36,14,5,30,3514.89
TXN007450,3,0,1,0,1,0,34010.59,109777.15,25,9,14,35,2567.94
TXN007451,5,1,0,0,0,0,65724.79,47646.71,40,12,12,26,3006.18
TXN007452,5,1,0,0,1,1,98477.55,120880.6,61,5,12,12,5212
TXN007453,2,0,1,1,1,0,81423.69,60178.49,19,7,17,10,3872.45
TXN007454,5,1,0,1,1,2,19620.38,66194.67,20,11,16,8,4293.51
TXN007455,3,0,0,0,0,0,57979.02,50258.55,30,6,0,7,775.82
TXN007456,0,0,1,0,0,1,7107.97,26994.63,22,1,3,9,1371.57
TXN007457,2,0,1,1,2,2,25068.09,68855.1,35,10,10,1,3823.88
TXN007458,5,1,1,1,2,2,17635.66,12371.53,18,1,18,23,5989.19
TXN007459,5,1,1,1,2,1,33886.78,73827.43,54,5,12,34,5785.89
TXN007460,3,0,1,0,2,2,68041.99,111500.9,38,11,15,33,4654.32
TXN007461,4,0,0,1,1,2,50189.64,144504.3,61,0,18,49,6108.8
TXN007462,4,0,1,1,0,2,93324.47,21005.84,36,4,14,10,4414.03
TXN007463,6,1,1,1,2,2,21668.51,49380.7,55,13,11,0,5067.3
TXN007464,5,1,0,1,1,2,36738.81,79178.35,51,0,22,4,4628.49
TXN007465,0,0,0,0,0,0,33320.33,33854.31,19,6,7,26,2156
TXN007466,2,0,0,1,0,1,23978.38,26355.99,37,2,21,6,3179.32
TXN007467,5,1,0,0,0,1,99320.49,73324.53,48,8,0,49,4151.39
TXN007468,1,0,0,0,1,0,39028.94,91302.27,30,4,21,36,3038.04
TXN007469,2,0,1,1,2,0,94080.64,124829.08,31,0,7,37,6286.14
TXN007470,6,1,0,1,0,1,39352.11,149692.48,55,9,4,0,3851.19
TXN007471,4,0,1,0,1,1,20807.12,118397.91,29,3,23,31,3429.74
TXN007472,5,1,0,1,0,0,12361.03,40987.66,30,7,0,16,1517.73
TXN007473,3,0,1,0,1,0,85628.54,114716.93,41,13,11,17,2636.6
TXN007474,1,0,0,1,2,2,3693.72,85201.51,57,6,3,3,4341.13
TXN007475,5,1,1,0,2,0,96457.26,73113.34,48,5,14,48,4853.5
TXN007476,6,1,1,0,0,0,42110.03,141001.99,31,8,8,12,3413.96
TXN007477,0,0,1,0,2,2,25113.75,108292.96,67,11,9,4,3158.95
TXN007478,1,0,1,1,2,2,61935.89,105437.03,47,11,20,21,5145.33
TXN007479,6,1,1,0,1,1,13724.84,11645.84,44,13,12,25,1697.31
TXN007480,5,1,1,0,1,1,7678.48,131110.01,53,3,9,3,4397.92
TXN007481,0,0,1,1,0,0,82864.44,121062.07,23,9,9,22,4218.28
TXN007482,1,0,1,1,1,2,42754.74,51851.86,23,11,13,4,3758.1
TXN007483,0,0,1,0,2,2,52066.36,50895.88,32,13,18,8,2945.08
TXN007484,0,0,1,0,1,1,18081.25,17486.98,41,0,18,12,2384.62
TXN007485,1,0,0,1,2,1,6611.71,17119.9,30,13,0,8,1980.1
TXN007486,1,0,1,0,0,0,37093.73,103603.23,24,11,21,3,1265.15
TXN007487,0,0,1,1,2,2,50861.55,36073.27,62,9,21,25,4503.22
TXN007488,6,1,0,1,1,1,76660.35,139296.7,38,5,23,13,6256.59
TXN007489,4,0,1,1,1,0,50354.67,127936.62,55,3,7,1,3852.48
TXN007490,1,0,1,0,1,0,78359.45,58843.92,55,0,16,30,4121.86
TXN007491,5,1,0,1,1,0,11985.56,63209.6,31,9,22,49,2110.54
TXN007492,2,0,0,0,0,1,6864.3,55818.72,20,2,9,25,2618.84
TXN007493,3,0,1,0,2,1,16306.67,22935.29,60,10,0,1,1204.78
TXN007494,0,0,0,1,1,1,77315.21,14400.22,62,0,7,40,4982.15
TXN007495,0,0,1,1,2,1,76053.36,73298.64,52,4,4,45,4916.68
TXN007496,3,0,1,1,0,1,14566.1,142025.62,29,7,1,43,3408.75
TXN007497,4,0,1,1,2,2,3583.37,138414.9,38,11,18,36,4383.17
TXN007498,3,0,0,0,1,2,68685.55,123377.42,37,13,1,1,3732.87
TXN007499,1,0,1,0,2,2,85600.54,98003.29,44,12,19,39,5357.47
TXN007500,3,0,1,1,1,2,75533.72,129871.14,22,1,22,27,5978.65
TXN007501,0,0,0,0,1,0,20678.5,82109.59,62,11,23,22,1472.51
TXN007502,3,0,1,1,0,0,58584.91,35222.42,28,13,10,6,1547.8
TXN007503,2,0,1,0,0,2,75857.89,105783.85,66,5,2,38,4266.13
TXN007504,5,1,1,0,2,1,25954.96,138890.44,59,5,8,39,4497.17
TXN007505,1,0,1,0,2,2,53008.22,12744.71,61,4,7,21,4627.88
TXN007506,3,0,1,1,1,2,31788.81,45202.17,23,6,5,35,4080.2
TXN007507,0,0,1,0,1,0,22944.75,47161.35,22,0,13,0,2239.9
TXN007508,6,1,0,0,1,1,96974.14,23865.54,39,9,7,33,5130.01
TXN007509,5,1,1,0,1,0,91301.91,41569.19,18,3,14,3,4311.05
TXN007510,1,0,1,0,0,1,44843.94,63757.49,37,10,23,40,2346.45
TXN007511,0,0,0,1,1,0,14109.42,141576.96,41,5,2,34,3208.4
TXN007512,4,0,1,0,0,2,72926.78,130437.21,37,13,22,30,4038.32
TXN007513,2,0,1,1,2,1,25942.26,142440.87,64,3,7,32,4727.68
TXN007514,4,0,0,1,2,0,17267.52,26880.05,65,5,21,4,2645.89
TXN007515,2,0,0,0,0,2,38462.14,13926.78,46,1,15,42,4103.81
TXN007516,3,0,0,0,1,0,53220.06,25383.64,59,10,5,42,1469.41
TXN007517,1,0,0,1,2,0,10195.31,138001.39,41,8,6,10,3697.04
TXN007518,3,0,0,1,0,0,57388.77,32048.41,25,3,12,31,4120.11
TXN007519,2,0,0,1,2,2,2027.16,90169.14,51,12,19,46,4434.35
TXN007520,2,0,0,0,1,1,89240.97,41861.53,39,4,8,0,5088.83
TXN007521,2,0,1,0,0,0,92113.8,12888.96,56,14,18,42,1359.89
TXN007522,5,1,1,1,2,2,73440.54,21846.99,50,6,6,5,5680.43
TXN007523,0,0,1,1,1,0,46921.67,109371.58,69,7,15,27,3502.21
TXN007524,1,0,0,1,0,1,25862.18,35531.3,47,0,23,16,2546.81
TXN007525,3,0,1,0,0,0,74539.15,42079.49,23,6,6,49,2217.32
TXN007526,3,0,0,0,0,2,93213.82,62815.91,30,9,14,10,5320.36
TXN007527,4,0,1,1,0,0,16274.1,102013.82,61,8,4,40,2424.5
TXN007528,2,0,1,0,2,0,46849.29,75712.14,36,1,1,26,3332.26
TXN007529,6,1,1,1,0,1,31868.53,142245.43,43,10,1,11,3653.97
TXN007530,2,0,1,0,0,1,35995.81,70785.51,34,1,19,12,2838.93
TXN007531,2,0,0,1,0,1,40872.9,37878.33,54,10,4,30,2887.45
TXN007532,6,1,0,0,0,0,95203.74,85060,44,3,11,34,5286.61
TXN007533,3,0,1,0,0,2,26234.4,73124.55,41,11,3,24,2118.18
TXN007534,4,0,0,0,1,0,49521.25,120199.37,64,0,17,29,3759.68
TXN007535,0,0,0,0,2,0,95173,140916.97,31,8,19,35,4819.64
TXN007536,6,1,1,0,1,0,47867.66,127081.33,20,11,10,20,3405.41
TXN007537,5,1,0,0,2,0,86428.15,64465.56,22,4,20,47,5037.74
TXN007538,1,0,0,0,0,1,6347.1,40256.26,31,2,19,35,2451.02
TXN007539,6,1,0,1,2,1,95326.53,138028.45,25,5,5,27,7142.1
TXN007540,0,0,0,1,0,1,19159.35,64031.55,60,6,12,26,3014.42
TXN007541,3,0,1,1,0,1,98003.54,117828.93,42,3,22,11,4878.22
TXN007542,5,1,1,0,1,2,17969.9,148533.83,32,13,4,9,4616.77
TXN007543,5,1,0,0,1,0,44714.41,90841.98,62,14,3,25,3769.23
TXN007544,5,1,1,0,1,0,31207.14,77183.27,54,13,9,28,2859.47
TXN007545,2,0,1,1,2,0,43606.53,107981.91,62,12,1,44,2760.19
TXN007546,1,0,1,1,2,2,25427.21,37150.34,20,13,7,5,4206.14
TXN007547,3,0,0,1,1,2,96549.08,78353.56,62,1,19,24,5882.36
TXN007548,3,0,0,1,1,1,30919.64,53726.31,28,11,19,7,2840.98
TXN007549,5,1,1,1,0,0,65500.85,32991.9,26,4,2,10,3509.06
TXN007550,3,0,1,1,2,0,14176.03,95419.12,21,14,8,16,3353.21
TXN007551,1,0,0,0,0,2,82526.55,90598.85,66,11,19,37,3799.31
TXN007552,1,0,1,1,2,0,54479.54,116568.5,32,13,1,46,3676.44
TXN007553,4,0,0,0,1,2,97954.89,132215.82,44,6,16,12,5983.8
TXN007554,6,1,1,1,2,1,42628.52,40852.64,48,9,0,40,3661.67
TXN007555,6,1,0,1,2,2,19947.06,119158.37,67,9,23,14,4462.95
TXN007556,4,0,0,0,0,0,34928.89,61433.92,33,2,16,18,1861.78
TXN007557,0,0,0,0,1,2,73828.08,98032.78,49,1,4,18,5658.43
TXN007558,6,1,0,0,1,2,66081.1,129033.6,51,1,12,9,6126.42
TXN007559,1,0,1,1,1,1,77945.57,45865.92,23,14,7,27,3560.46
TXN007560,1,0,0,1,0,0,7810.29,94134.58,61,10,6,36,2094.93
TXN007561,6,1,1,0,0,0,58246.69,77244.64,22,11,22,24,3097.71
TXN007562,1,0,0,1,0,1,93250.78,120680.82,41,14,13,14,4010.94
TXN007563,4,0,0,0,2,2,11236.24,107613.78,66,11,7,34,3120.59
TXN007564,5,1,1,1,2,2,9886.36,117748.46,36,10,10,15,5935.44
TXN007565,5,1,1,1,0,0,71802.13,50312.04,47,3,2,36,3894.68
TXN007566,3,0,1,1,0,2,31860.65,108609.88,29,3,4,26,3904.23
TXN007567,5,1,0,0,1,1,66028.63,94812.82,22,13,17,4,4248.38
TXN007568,2,0,0,1,2,0,54765.76,73935.26,45,4,4,23,3673.72
TXN007569,4,0,1,0,2,2,98613.63,62968.12,56,2,12,1,5747.93
TXN007570,1,0,0,0,1,1,88961.11,56424,51,10,4,39,4212.59
TXN007571,6,1,1,0,1,1,67968.24,11354.41,29,13,1,48,3485.62
TXN007572,5,1,0,0,1,0,26536.63,33738.2,40,0,12,34,3674.68
TXN007573,4,0,0,0,0,0,26559.86,18256.95,22,12,5,32,1260.01
TXN007574,5,1,0,0,0,2,88283.26,128770.06,57,14,16,41,5096.69
TXN007575,0,0,1,0,0,2,58741.44,130412.44,54,14,7,31,3426.29
TXN007576,1,0,0,0,0,2,79033.54,128467.07,33,3,16,31,5427.74
TXN007577,0,0,1,0,0,1,45261.49,124508.77,26,0,18,15,3649.65
TXN007578,1,0,1,1,2,1,10755.83,40986.26,50,12,14,44,3085.2
TXN007579,4,0,0,0,2,2,33602.3,78850.06,54,11,0,37,2943.52
TXN007580,3,0,1,1,2,0,16534.34,137098.13,50,7,17,44,4109.16
TXN007581,5,1,1,0,1,1,78292.37,116369.45,66,14,6,43,3970.69
TXN007582,5,1,0,1,2,1,70200.94,10254.84,18,4,6,22,4803.31
TXN007583,2,0,1,1,1,2,9297.09,74319.72,64,1,15,25,3828.02
TXN007584,6,1,1,1,2,0,62327.85,11493.83,54,11,10,4,3475.24
TXN007585,0,0,0,1,0,1,87476.48,49292.55,26,4,4,6,5009.52
TXN007586,5,1,0,1,2,0,69887.75,71006.74,35,4,20,33,5152.28
TXN007587,4,0,0,1,0,1,51355.64,135005.9,55,0,13,49,5196.06
TXN007588,3,0,1,0,0,0,31530.4,101613.8,38,4,22,9,1865.02
TXN007589,6,1,1,0,2,0,88766.13,60747.84,61,7,9,21,3771.85
TXN007590,4,0,0,0,2,1,42569.09,78691.69,31,9,4,20,3646.2
TXN007591,0,0,1,0,0,0,85611.66,124434.53,56,1,23,18,2985.8
TXN007592,2,0,0,0,1,1,78408.48,51951.78,56,7,18,41,3931.15
TXN007593,5,1,0,0,1,1,81714.58,96104.87,68,12,17,38,4879.56
TXN007594,4,0,0,1,2,0,98984.85,46714.56,23,7,3,44,5132.16
TXN007595,6,1,1,0,0,1,75001.47,77194.88,20,11,22,24,3289.39
TXN007596,1,0,1,1,1,0,3887.07,13452.19,65,0,8,12,2095.54
TXN007597,3,0,0,1,2,1,20940.68,129318.54,65,3,18,42,4570.62
TXN007598,6,1,0,1,2,0,4001.92,16768.84,35,4,10,18,3273.64
TXN007599,4,0,1,1,0,1,19396.4,41410.47,54,9,2,6,2303.06
TXN007600,3,0,0,1,1,1,6613.23,56691.66,37,7,10,30,2623.88
TXN007601,5,1,1,1,2,2,50410.9,97522.56,46,2,6,1,5986.79
TXN007602,1,0,0,0,1,1,3306.52,110804.69,53,0,16,43,3783.1
TXN007603,2,0,0,1,2,1,47521.62,21263.15,33,6,22,44,3853.28
TXN007604,6,1,1,1,2,0,89934.67,16085.17,21,3,17,3,5074.68
TXN007605,2,0,1,0,1,0,74983.31,121858.58,62,9,14,0,2521.1
TXN007606,1,0,1,0,1,0,94423.61,109703.31,31,11,16,46,3137.41
TXN007607,3,0,1,0,0,0,23051.35,126417.05,34,4,16,49,2325.45
TXN007608,5,1,1,0,0,2,53343.04,104715.36,52,5,23,22,4269.87
TXN007609,4,0,0,0,0,2,32198.66,115141.72,52,3,9,46,4281.77
TXN007610,1,0,0,0,0,0,49635.07,63065.37,66,0,14,16,2857.82
TXN007611,0,0,1,0,1,0,55929.05,92625.8,62,10,22,21,1464.97
TXN007612,3,0,1,1,0,0,4100.52,122754.93,49,7,15,34,2124.31
TXN007613,2,0,0,0,1,0,23708.99,34096.45,69,10,14,7,1346.37
TXN007614,6,1,0,1,2,1,70624.89,69195.21,27,12,8,6,5066.86
TXN007615,1,0,1,0,1,0,77406.34,113668.57,46,8,20,0,3020
TXN007616,2,0,1,0,0,1,57160.41,84569.12,29,2,18,24,3386.41
TXN007617,3,0,0,1,1,0,27447.49,105432.04,26,9,0,23,2928.01
TXN007618,2,0,1,0,1,2,40805.87,51001.69,43,3,1,49,3756.64
TXN007619,1,0,0,0,1,2,10055.66,14527.94,38,4,5,32,2380.02
TXN007620,3,0,0,0,1,0,95341.37,14080.41,18,9,23,10,3231.66
TXN007621,0,0,1,0,1,2,86933.41,141989.36,53,12,8,31,4129.64
TXN007622,1,0,0,0,0,2,7027.43,142235.61,36,8,23,28,2517.15
TXN007623,4,0,0,0,1,2,17065.82,39579.53,23,4,17,0,3432.13
TXN007624,5,1,0,0,0,2,58318.9,30645.19,64,6,0,46,3911.22
TXN007625,1,0,1,1,2,1,23626.79,12539.58,35,2,9,7,3500.02
TXN007626,3,0,0,0,1,1,93472.87,42375.96,54,0,3,44,4271.42
TXN007627,6,1,1,1,2,1,75681.26,56809.2,25,5,13,28,5973.83
TXN007628,5,1,0,1,0,1,27692.51,43773.97,28,12,20,30,3542.47
TXN007629,1,0,0,1,1,0,1107.09,121633.78,22,9,5,34,2534.87
TXN007630,0,0,0,1,2,2,80045.02,114920.27,38,0,19,6,6239.39
TXN007631,6,1,0,1,0,2,42696.93,21341.98,57,5,4,30,4031.14
TXN007632,0,0,0,1,2,0,64416.58,107625.03,60,7,14,44,5252.62
TXN007633,4,0,1,1,1,0,29054,82881.92,38,13,23,49,2324.07
TXN007634,6,1,1,0,1,1,14715.89,28503.25,37,8,9,31,3263.3
TXN007635,2,0,0,0,1,1,67693.5,113534.96,59,7,2,29,4465.63
TXN007636,6,1,1,0,0,2,45307.3,22046.38,26,12,16,11,3651.57
TXN007637,5,1,1,1,2,0,23899.39,34801.09,19,4,8,34,4238.57
TXN007638,6,1,0,0,0,2,14193.99,30891.71,66,6,8,9,3786.12
TXN007639,3,0,1,1,2,0,58257.72,141464.68,21,5,14,25,4611.13
TXN007640,3,0,1,1,0,1,72692.22,107741.84,43,8,17,4,3770.14
TXN007641,2,0,1,0,1,2,28746.75,67580.03,29,3,2,22,4003.24
TXN007642,6,1,1,1,2,2,73646.68,125108.58,36,7,7,8,5881.43
TXN007643,0,0,0,1,2,0,18720.66,40234.32,36,11,2,32,2138.05
TXN007644,0,0,1,0,2,2,34172.36,140353.06,36,10,18,36,5022.81
TXN007645,1,0,0,1,0,1,74615.79,107579.62,46,8,21,29,4195.75
TXN007646,4,0,0,0,1,2,66184.28,88341.29,56,6,12,32,5092.63
TXN007647,5,1,1,1,2,0,27417.1,121250.78,62,11,21,1,2699.28
TXN007648,4,0,0,1,0,2,12652.43,100269.34,51,6,15,41,3794.35
TXN007649,6,1,1,0,2,1,4726.11,134195.3,25,1,6,3,4916.15
TXN007650,4,0,0,0,1,0,83872.56,126081.37,23,8,19,25,3712.48
TXN007651,1,0,1,0,2,0,7976.62,37696.27,49,11,4,29,1666.43
TXN007652,4,0,1,1,1,1,11927.09,43552.93,45,14,18,34,2379.05
TXN007653,2,0,0,1,0,0,24152.21,19113.64,28,4,1,9,1190.37
TXN007654,1,0,1,0,0,0,44844.14,40827.85,45,9,2,30,1273.36
TXN007655,2,0,1,0,1,2,79083.81,58088.44,49,2,2,14,4552.14
TXN007656,6,1,1,0,1,0,25124.29,14035.83,58,3,1,20,2062.44
TXN007657,1,0,1,1,0,2,54579.07,54094.76,25,12,15,5,3842.34
TXN007658,6,1,0,1,1,1,9492.07,118016.42,37,9,16,0,3608.51
TXN007659,6,1,0,0,1,1,46718.85,127645.86,41,1,15,9,6167.85
TXN007660,4,0,0,0,2,1,18175.08,11242.26,69,2,15,1,3919.25
TXN007661,2,0,1,0,0,1,21513.56,11000.59,44,5,18,8,2071.76
TXN007662,6,1,0,1,0,0,36999.43,30483,64,14,16,16,2311.04
TXN007663,2,0,1,0,1,0,76254.1,132160.79,28,13,23,15,2609.72
TXN007664,2,0,1,0,1,2,74526.65,75698.93,64,12,4,1,3284
TXN007665,1,0,1,0,1,2,41789.81,147606.29,40,11,11,15,4590.42
TXN007666,3,0,0,1,0,2,12307.78,134226.41,39,0,21,34,5061.02
TXN007667,4,0,0,1,2,0,28428.82,134617.94,22,1,11,27,4719.91
TXN007668,6,1,0,0,0,2,50782.9,27986.7,65,3,6,12,4036.92
TXN007669,2,0,0,1,2,0,87006.47,76532.11,51,0,6,5,5468.23
TXN007670,5,1,1,0,1,1,96841.33,149102.68,48,5,3,24,5541.84
TXN007671,3,0,0,0,0,0,63928.36,30866.19,64,11,5,38,1747
TXN007672,6,1,0,0,2,1,35393.31,90392.68,54,3,15,25,5587.43
TXN007673,5,1,0,0,0,2,69498.62,58199.2,64,1,7,43,5743.18
TXN007674,4,0,0,1,2,0,33954.9,64300.14,43,9,5,45,3799.06
TXN007675,4,0,1,0,2,2,62734.61,134710.95,40,3,22,14,4774.17
TXN007676,2,0,0,0,0,2,24754.77,92306.36,60,11,18,1,2245.46
TXN007677,2,0,0,1,1,1,27065.38,116228.69,55,7,9,21,3764.3
TXN007678,6,1,0,0,0,2,7984.95,104252.82,55,5,15,41,4108.46
TXN007679,1,0,1,1,1,0,42304.04,84062.2,49,10,1,27,2448.09
TXN007680,3,0,0,0,2,2,62008.36,120839.57,22,0,13,16,6246.31
TXN007681,6,1,0,0,2,1,78985.1,145902.61,42,12,10,22,5794.1
TXN007682,3,0,0,0,0,1,81129.68,145354.74,50,4,23,14,3887.97
TXN007683,2,0,1,0,0,2,99248.22,120523.28,69,10,23,37,3714.24
TXN007684,4,0,1,1,1,1,9231.69,78226.17,24,5,1,33,2867.4
TXN007685,2,0,0,0,1,2,49567.11,32842.25,33,3,2,29,4913.19
TXN007686,4,0,0,1,0,1,52376.77,16225.87,66,3,21,0,2984.48
TXN007687,6,1,1,1,1,2,80551.08,42402.3,46,2,10,40,6303.06
TXN007688,4,0,1,1,1,2,27002.67,57636.12,32,12,3,15,2681.24
TXN007689,2,0,1,0,0,0,7402.55,28178.95,37,9,13,24,378.66
TXN007690,0,0,1,1,0,0,31719,41467.15,39,9,4,47,1872.14
TXN007691,3,0,1,1,2,2,98400.82,21696.37,27,5,2,45,6208.81
TXN007692,5,1,0,1,2,0,89994.4,83314.78,25,11,7,22,5589.66
TXN007693,4,0,0,0,0,0,39827.07,27684.55,49,8,9,32,1804.61
TXN007694,4,0,0,0,2,1,87689.06,113987.61,45,12,11,33,5452.66
TXN007695,0,0,0,1,1,0,3759.07,56570.97,26,6,7,8,2067.38
TXN007696,6,1,1,1,0,1,31763.31,104088.78,48,8,22,15,4068.62
TXN007697,6,1,1,0,2,0,72817.78,133552.72,40,11,6,36,4538.52
TXN007698,6,1,1,1,0,0,22534.5,22042.32,36,13,1,49,2219.36
TXN007699,5,1,1,1,2,2,20239.9,148460.11,49,5,11,47,7132.45
TXN007700,1,0,1,1,0,0,86249.85,100334.07,27,12,21,4,2570.43
TXN007701,0,0,0,0,1,2,61787.42,17471.23,37,1,19,48,4595.48
TXN007702,5,1,0,1,2,2,98907.76,53960.31,52,5,10,41,7603.4
TXN007703,0,0,0,1,0,2,13899.63,134074.32,48,6,8,11,4074.06
TXN007704,4,0,0,0,1,2,35934.78,93472.7,28,1,4,4,4309.9
TXN007705,3,0,0,1,2,0,31465.73,50211.13,60,13,5,22,2407.07
TXN007706,0,0,1,0,2,2,88073.16,141669.24,57,0,6,7,5353.92
TXN007707,1,0,1,0,0,0,25902,120215.36,27,12,13,42,2528.19
TXN007708,2,0,1,0,1,0,35669.37,112975.39,26,5,17,34,2694.27
TXN007709,5,1,1,1,0,1,14711.97,134379.8,59,14,14,15,2442.33
TXN007710,0,0,1,1,2,1,77652.4,117769.19,27,11,0,19,4969.5
TXN007711,0,0,0,1,0,1,24151.48,50143.37,67,7,15,27,2973.39
TXN007712,1,0,0,1,0,2,7297.87,91744.05,54,10,14,29,2966.17
TXN007713,3,0,0,1,1,0,43793.32,127920.06,54,5,21,10,3944.55
TXN007714,0,0,1,1,1,0,39450.08,35318.73,24,7,8,49,3318.38
TXN007715,0,0,1,1,2,2,18172.12,32823.26,37,5,6,16,4101.8
TXN007716,3,0,1,1,1,1,13792.96,32256.67,37,5,11,9,2773.28
TXN007717,1,0,1,0,0,1,89707.44,37195.74,25,13,8,23,2877.16
TXN007718,5,1,0,1,2,0,7250.53,24452.31,34,7,11,30,3767.13
TXN007719,5,1,1,1,1,0,10381.44,127268.06,55,2,10,10,3634.85
TXN007720,0,0,0,0,0,0,24882.2,124564.55,42,14,2,46,2110.51
TXN007721,3,0,1,1,0,1,95307.5,31191.66,30,14,12,7,3590.32
TXN007722,0,0,0,0,2,0,8995.73,108775.2,62,2,4,30,2913.66
TXN007723,6,1,1,1,2,1,81693.48,97776.58,30,5,21,36,6863.87
TXN007724,2,0,1,1,1,1,89259.19,48667.2,65,3,21,36,4216.23
TXN007725,5,1,0,0,1,1,38097.84,41831.58,19,6,20,32,4629.99
TXN007726,6,1,0,0,1,2,29742.49,45082.02,54,10,17,8,3977.74
TXN007727,4,0,1,1,1,2,67899.08,112288.29,59,6,10,45,5843.9
TXN007728,2,0,0,0,2,0,70412.14,54704.39,59,8,2,2,2598.44
TXN007729,0,0,1,1,0,1,78107.73,48914.3,28,1,21,48,3518.43
TXN007730,1,0,1,1,0,0,83141.39,13147.35,37,10,8,12,2656.02
TXN007731,5,1,0,1,1,1,27205.35,137153.11,26,1,7,27,5345.47
TXN007732,4,0,1,1,2,0,68852.68,115378.58,62,5,23,23,3690.76
TXN007733,2,0,1,1,1,0,13923.12,76189.71,62,13,7,9,1675.69
TXN007734,5,1,0,1,1,2,51317.77,142009.77,46,8,12,41,6299.75
TXN007735,3,0,1,0,2,2,61482.25,51094.51,51,12,10,36,4197.91
TXN007736,1,0,1,0,0,2,16592.33,104458.71,22,6,5,14,3251.26
TXN007737,2,0,1,0,0,2,8112.4,52721.05,48,5,12,41,2229.78
TXN007738,3,0,1,1,1,1,19877.26,54040.14,43,4,10,27,3547.62
TXN007739,6,1,0,0,2,0,42348.58,128259.28,54,7,13,36,4436.08
TXN007740,0,0,0,1,0,0,88840.18,120183.07,61,11,13,0,3156.41
TXN007741,3,0,0,0,0,1,53425.49,51175.04,37,1,18,12,2469.71
TXN007742,2,0,1,1,2,1,74975.04,21394.53,25,11,4,3,3171.7
TXN007743,2,0,0,1,2,0,17827.38,60061.78,23,2,14,39,4046.75
TXN007744,6,1,0,1,0,2,11044.83,116408.05,35,11,12,29,4761.96
TXN007745,0,0,0,1,1,2,24341.93,24076.21,25,5,23,2,3699.96
TXN007746,3,0,1,1,1,2,31731.1,104094.12,69,0,15,19,5516.86
TXN007747,3,0,0,0,0,1,55036.15,134566.86,42,11,18,34,4048.84
TXN007748,0,0,0,1,1,0,88183.71,35091.8,19,7,16,26,4542.9
TXN007749,3,0,1,0,1,1,42896.22,130708.61,45,13,15,47,3974.58
TXN007750,5,1,1,1,2,0,52120.42,17190.94,59,10,13,11,3601.65
TXN007751,0,0,1,1,2,2,959.05,103363.24,42,10,16,44,4457.91
TXN007752,1,0,1,1,2,2,3814.55,120745.45,37,8,6,40,5308.65
TXN007753,2,0,1,0,1,2,8835.04,72267.26,23,1,5,15,3680.94
TXN007754,1,0,1,1,2,0,70049.91,38522.02,54,12,4,31,3171.32
TXN007755,5,1,0,0,2,2,48876.04,139462.13,33,8,23,32,6283.42
TXN007756,6,1,0,1,0,0,19699.64,12795.64,52,4,23,15,2016.34
TXN007757,5,1,1,0,2,1,59463.64,87709.97,53,7,0,28,4182.56
TXN007758,4,0,1,0,0,2,54688.91,62198.92,18,0,15,26,3806.23
TXN007759,4,0,0,0,1,1,9335.53,74548.01,31,0,22,30,2937.17
TXN007760,4,0,1,1,2,1,64221.07,85119.11,31,11,13,23,4538.73
TXN007761,0,0,1,1,0,0,76831.91,84864.81,41,11,1,30,2480.98
TXN007762,3,0,0,0,0,1,29012.16,38507.31,36,3,3,8,2564.51
TXN007763,5,1,1,1,0,0,68905.14,105158.33,55,0,0,44,3796.19
TXN007764,1,0,1,1,1,0,20372.09,12680.76,61,11,1,35,1684.9
TXN007765,6,1,0,1,2,1,75794.52,12965.77,35,13,8,5,4001.48
TXN007766,1,0,0,0,1,0,91221.53,76988.23,26,0,0,29,4143.59
TXN007767,1,0,0,0,0,0,44465.78,85866.4,69,11,22,25,1754.64
TXN007768,1,0,0,1,1,0,24839.9,48484.53,30,4,19,39,3383.43
TXN007769,6,1,0,0,1,1,40218.08,87234.57,68,1,22,6,4414.93
TXN007770,4,0,1,1,0,0,25382.71,82255.29,62,3,15,7,2210.55
TXN007771,1,0,1,1,2,2,623.32,58890.88,68,7,13,10,4157.58
TXN007772,6,1,1,0,2,1,65220.43,101248.45,36,10,22,2,4100.57
TXN007773,6,1,1,0,1,1,4731.4,144111.21,27,5,12,3,3852.98
TXN007774,3,0,1,1,2,0,21433.88,78712.38,55,1,18,32,4353.4
TXN007775,6,1,0,1,0,1,72383.73,120047.11,20,2,14,19,6128.87
TXN007776,4,0,1,1,2,2,66739.64,44663.52,65,1,17,4,5547.13
TXN007777,1,0,1,0,1,1,7796.23,116673.08,58,3,2,33,2931.11
TXN007778,6,1,1,0,0,1,66175.45,100846.83,34,14,14,13,3971.31
TXN007779,0,0,1,1,0,1,93092.2,99557.69,40,4,14,12,3935.32
TXN007780,6,1,1,1,0,0,7913,135024.95,44,11,4,48,3099.03
TXN007781,2,0,0,0,1,2,41860.98,42669.04,26,13,12,44,3810.22
TXN007782,2,0,1,1,1,2,73078.67,61583.02,22,14,23,23,4451.73
TXN007783,2,0,1,0,2,2,66938.44,21629.44,36,8,19,29,3881.78
TXN007784,6,1,1,0,1,1,23037.8,111656.8,46,6,15,39,4659.63
TXN007785,4,0,1,1,0,2,16725.19,128141.42,32,7,21,10,3148.36
TXN007786,1,0,1,1,1,0,78532.58,66816.69,59,6,19,8,3123.14
TXN007787,5,1,1,0,1,1,95646.34,59955.75,53,10,14,12,3851.17
TXN007788,5,1,0,1,2,0,76874.56,102211.26,29,9,13,12,5132.38
TXN007789,5,1,1,0,0,1,96338.85,20582.66,31,7,8,31,4195.38
TXN007790,4,0,0,0,2,0,60697.04,51137.87,32,12,20,6,3232.68
TXN007791,3,0,0,0,2,1,92945.34,61269.79,68,10,17,10,4180.59
TXN007792,0,0,1,1,2,0,69198.35,82602.64,48,4,16,48,4096.42
TXN007793,0,0,1,1,0,2,90934.03,76719.69,22,2,4,41,4651.52
TXN007794,2,0,1,1,2,1,16578.1,39215.26,61,11,14,0,2983.16
TXN007795,2,0,0,0,0,1,81648.74,85710.3,20,6,23,27,3412.12
TXN007796,6,1,1,0,2,0,20076.21,139621.62,64,13,10,7,2958.26
TXN007797,5,1,1,0,2,0,3229.2,13792.3,47,0,21,14,2898.17
TXN007798,6,1,1,0,0,0,51999.82,105242.92,64,2,11,4,3273.47
TXN007799,5,1,0,1,1,1,32166.05,97459.26,29,6,6,21,4858.46
TXN007800,2,0,0,1,2,0,4831.37,139419.77,32,12,19,19,3320.45
TXN007801,1,0,1,1,1,2,98040.29,100348.29,55,3,20,3,6177.07
TXN007802,3,0,0,0,2,0,66813.38,97477.98,45,6,8,44,4342.65
TXN007803,6,1,1,0,1,0,90230.31,117772.79,66,9,2,24,2978.61
TXN007804,3,0,0,1,1,0,99908.72,47492.83,40,9,16,15,3695.92
TXN007805,3,0,1,0,1,2,39500.69,93402.52,64,5,23,39,3455.24
TXN007806,3,0,0,1,1,0,25846.33,82718.96,32,3,8,45,4099.49
TXN007807,2,0,1,0,1,0,18796.5,71386.15,28,6,10,26,1772.75
TXN007808,0,0,1,0,0,1,51761.12,21128.2,47,7,13,28,2451.04
TXN007809,2,0,0,0,1,1,60805.04,50968.04,29,13,9,11,3128.05
TXN007810,3,0,0,0,0,0,47506.06,49197.44,36,7,3,6,2083.71
TXN007811,2,0,0,0,2,1,39031.58,111395.13,49,6,15,23,3910.81
TXN007812,3,0,0,1,0,0,17243.12,138891.86,18,1,15,4,3635.69
TXN007813,4,0,0,1,1,0,44465.03,42310.21,33,7,11,46,4090.65
TXN007814,5,1,1,1,0,2,8981.69,20447.35,28,4,5,41,4308.68
TXN007815,0,0,1,0,1,0,86572.25,149993.97,48,13,6,32,3791.1
TXN007816,4,0,0,1,0,1,5166.81,106768.75,50,8,22,37,2576.81
TXN007817,1,0,1,1,2,1,38374.28,134105.92,53,5,7,39,5004.1
TXN007818,2,0,1,0,1,1,10463.72,30143.12,47,14,5,42,1450.59
TXN007819,1,0,0,0,1,1,77610.56,122107.53,55,3,6,5,4895.91
TXN007820,6,1,1,1,0,0,31617.33,123865.32,21,8,8,7,3821.58
TXN007821,2,0,1,1,0,2,11754.01,31208.45,42,0,15,21,3241.15
TXN007822,5,1,0,1,0,2,53383.38,32596.59,51,3,21,49,5726.81
TXN007823,4,0,0,1,0,0,91669.56,51363.17,34,10,12,13,3918.76
TXN007824,5,1,1,1,0,1,90910.16,40350.24,50,4,14,8,4415.07
TXN007825,6,1,0,0,1,2,25340.28,146557.39,47,3,17,12,5319.82
TXN007826,3,0,1,1,2,2,72106.14,60812.14,30,12,3,49,5011.88
TXN007827,5,1,0,1,0,0,3513.28,116582.9,29,14,4,31,3042.61
TXN007828,5,1,0,1,1,1,13619.25,122707.11,49,8,7,13,4150.81
TXN007829,3,0,0,1,2,2,50197.5,64031.72,40,0,3,34,5411.59
TXN007830,2,0,0,1,2,0,23261.27,105561.98,46,2,16,24,4512.19
TXN007831,3,0,1,1,0,2,79927.05,25092.02,51,8,16,30,4342.93
TXN007832,4,0,0,0,1,2,93141.68,65574.69,36,11,1,48,3774.19
TXN007833,5,1,0,0,1,1,931.16,145423.49,29,6,23,42,4280.9
TXN007834,3,0,1,0,1,1,23675.13,33594.29,21,4,15,44,2484.74
TXN007835,6,1,1,1,1,2,44235.56,63999.58,42,10,18,19,4560.86
TXN007836,6,1,1,1,1,1,56526.39,120673.01,43,5,21,41,5166.32
TXN007837,5,1,1,0,2,2,91632.33,103159.26,35,3,6,36,6666.53
TXN007838,4,0,0,1,2,2,89242.41,98412.6,47,4,10,6,6259.23
TXN007839,1,0,1,1,2,2,63898.42,129456.04,51,7,0,9,4657.42
TXN007840,4,0,0,1,1,0,26110.11,14073.14,50,4,20,5,2377.9
TXN007841,0,0,1,0,2,1,78437.14,117963.01,48,9,17,24,3918.14
TXN007842,0,0,0,0,2,1,20663.85,133556.87,48,1,6,49,4486.17
TXN007843,0,0,1,0,0,2,96534.65,12264.43,30,7,12,5,4159.77
TXN007844,5,1,0,1,2,1,1081.07,88254.81,41,11,2,44,4313.16
TXN007845,6,1,0,0,0,2,57192.17,58802.39,22,2,8,16,4578.04
TXN007846,2,0,1,0,1,1,9295.53,17106.78,68,4,16,21,1115.15
TXN007847,6,1,0,0,1,1,41056.15,68484.74,18,12,1,22,3045.28
TXN007848,2,0,0,1,1,2,63675.89,100164.22,51,11,14,28,4273.93
TXN007849,2,0,0,0,1,1,69115.05,138661.91,63,10,8,6,4055.59
TXN007850,6,1,0,0,2,2,78664.16,96874.27,26,5,6,34,6558.23
TXN007851,5,1,1,1,0,0,59536.11,129944.03,25,0,18,38,4887.15
TXN007852,4,0,0,0,1,2,25506.28,27020.01,60,13,10,19,2914.48
TXN007853,2,0,0,1,1,1,88980.7,39472.96,53,2,23,25,4778.79
TXN007854,1,0,1,1,0,0,81205.19,145841,46,0,20,28,4477.82
TXN007855,6,1,1,0,0,0,16425.21,134236.1,52,14,17,28,2096.71
TXN007856,6,1,1,0,0,2,82737.86,42931.77,22,6,16,6,4483.11
TXN007857,0,0,0,0,0,0,97278.13,96936.34,63,12,21,33,2609.58
TXN007858,4,0,0,1,0,2,63903.3,60768.59,27,1,3,4,4753.67
TXN007859,0,0,1,0,2,1,28539.62,75603.79,55,9,1,12,2842.01
TXN007860,6,1,0,0,0,2,60856.09,130522.94,27,6,16,5,4886.54
TXN007861,6,1,1,0,2,0,34582.24,112999.77,28,11,22,31,3020.48
TXN007862,2,0,0,1,0,2,67756.67,43381.96,69,14,19,35,3581.49
TXN007863,4,0,1,1,0,2,54707.6,54239.03,25,13,0,32,2302.1
TXN007864,3,0,0,1,1,1,92984.32,50559.46,21,2,12,42,5829.41
TXN007865,1,0,1,0,1,2,61981.9,119292.79,35,2,9,32,5720.14
TXN007866,2,0,0,0,1,1,21791.18,78612.38,37,0,16,18,4595.31
TXN007867,6,1,1,1,1,0,72648.43,143101.4,63,6,22,40,4806.81
TXN007868,2,0,0,0,1,0,30437.39,124336.2,20,11,20,17,2965.83
TXN007869,1,0,0,0,1,2,27602.9,39567.22,61,7,16,13,3236.49
TXN007870,6,1,0,1,0,2,39481.77,120031.99,32,10,10,20,5997.79
TXN007871,1,0,1,1,0,0,1693.67,80851.11,25,3,8,38,2283.09
TXN007872,3,0,0,1,1,0,96929.5,45519.42,63,8,2,33,3685.52
TXN007873,2,0,0,0,1,0,53466.95,60866.44,23,13,9,30,2904.47
TXN007874,5,1,0,0,1,2,77462.64,146097.66,63,12,16,16,5855.65
TXN007875,2,0,1,0,0,0,26156.3,77754.6,53,3,15,6,1437.01
TXN007876,0,0,0,1,1,2,74788.5,110744.82,37,9,15,20,5118.71
TXN007877,4,0,1,1,1,0,56933.46,76791.94,49,4,14,6,3845.07
TXN007878,4,0,0,0,0,0,42702.35,62018.02,23,10,12,0,2044.71
TXN007879,0,0,1,1,0,2,97081.59,121498.8,33,5,1,21,5261.74
TXN007880,6,1,1,1,2,1,49637.45,128765.41,66,8,5,21,5602.17
TXN007881,4,0,0,0,1,2,65917.13,20064.48,19,8,2,22,4147.05
TXN007882,1,0,1,1,0,1,2026.55,49056.86,35,7,23,27,1929.39
TXN007883,4,0,1,0,2,2,30494.79,81101.95,62,9,0,39,3605.15
TXN007884,4,0,0,1,0,1,88924.81,54309.68,43,11,16,45,3971.54
TXN007885,0,0,1,0,2,1,76016.43,119701.62,37,1,23,29,5065.87
TXN007886,6,1,1,1,2,1,53907.03,26062.67,33,11,0,44,3521.01
TXN007887,3,0,1,0,1,2,90065.89,121691.76,38,9,10,9,5096.14
TXN007888,4,0,1,1,1,2,48878.94,96504.1,62,9,3,11,4306.51
TXN007889,5,1,0,1,2,2,56867.45,50511.48,31,0,10,44,6764.93
TXN007890,4,0,1,1,1,1,38524.21,58223.66,35,11,12,15,3329.69
TXN007891,3,0,1,1,0,1,62193.98,35605.88,25,1,21,20,3685.45
TXN007892,0,0,0,1,0,2,32240.65,45360.28,22,13,16,12,3022.13
TXN007893,3,0,0,0,2,2,38856.47,110417.64,41,5,19,46,5637.94
TXN007894,0,0,1,0,2,0,96649.46,62623.78,58,10,20,3,3217.37
TXN007895,1,0,0,0,0,0,11575.21,106247.78,64,13,12,36,803.61
TXN007896,0,0,0,1,0,0,10972.91,81975.06,46,6,16,29,2445.49
TXN007897,1,0,0,0,2,0,4809.94,30341.68,26,13,1,25,1826.12
TXN007898,1,0,0,1,0,0,32344.43,79869.89,69,5,1,13,1979
TXN007899,0,0,0,1,0,2,40123.81,115905.78,59,0,21,36,4566.27
TXN007900,5,1,0,0,2,1,9904.31,51674.57,35,0,17,24,4261.98
TXN007901,2,0,0,0,1,1,55138.53,100731.43,63,0,5,38,4251.04
TXN007902,0,0,0,1,0,2,58538.5,37864.57,35,0,1,26,3869.46
TXN007903,4,0,0,1,1,2,75227.16,28997.85,65,9,22,13,4615.5
TXN007904,5,1,1,0,1,2,97608.83,60431.66,45,14,10,1,5246.12
TXN007905,5,1,1,0,0,0,62125.55,64488.5,54,13,16,1,2668.31
TXN007906,4,0,1,1,1,0,11609.26,116541.35,27,9,8,32,2346.18
TXN007907,2,0,1,1,2,0,9308.16,74411.03,37,13,19,1,2136.69
TXN007908,5,1,1,0,0,2,77865.91,21372.89,55,0,4,33,5062.3
TXN007909,1,0,0,1,0,2,65208.25,98759.93,58,1,19,24,4748.01
TXN007910,2,0,0,1,1,1,16610.48,75695.46,40,1,14,44,4300.27
TXN007911,6,1,1,0,0,2,25709.32,56430.05,65,3,16,36,3428.71
TXN007912,4,0,1,0,0,0,75148.92,122310.63,60,2,9,26,3714.65
TXN007913,2,0,0,1,1,1,56832.5,31613.87,37,3,5,25,4061.93
TXN007914,0,0,1,1,1,2,58707.51,137849.73,40,4,12,46,5955.66
TXN007915,2,0,0,0,0,1,21395.86,56768.61,67,3,20,21,1724.16
TXN007916,1,0,1,1,0,1,63091.27,74531.8,22,2,15,46,5161.34
TXN007917,0,0,0,0,2,2,77177.55,140092.62,44,2,23,6,5719.85
TXN007918,3,0,1,1,2,0,88582.6,116573.58,26,3,1,12,5068.99
TXN007919,4,0,0,0,0,0,73803.37,20402.34,60,5,19,47,2558.71
TXN007920,4,0,1,1,0,1,57849.38,90961.56,58,6,4,27,3092.98
TXN007921,2,0,1,1,2,2,67489.3,53450.8,53,3,23,44,4492.82
TXN007922,5,1,0,1,1,2,48768.59,81188.35,57,7,16,27,5570.7
TXN007923,0,0,0,0,0,0,23076.38,114015.67,54,14,6,23,1934.28
TXN007924,3,0,1,0,2,2,88279.59,79464.21,20,5,23,34,4507.41
TXN007925,0,0,1,0,2,2,53495.95,19943.06,53,4,16,32,5038.64
TXN007926,4,0,0,1,0,1,59634.67,84197.27,65,7,4,36,3998.15
TXN007927,0,0,0,1,0,2,99015.84,13378.15,62,5,5,8,4505.38
TXN007928,3,0,0,0,2,2,98509.06,58777.31,52,0,9,49,6336.62
TXN007929,5,1,1,0,0,2,58837.94,76924.27,53,10,4,2,4059.5
TXN007930,2,0,1,1,1,0,3878.75,100254.3,46,0,13,1,2436.84
TXN007931,1,0,0,1,0,0,39916.68,80868.95,50,13,19,21,2308.99
TXN007932,0,0,1,1,2,1,93760.68,31272.55,43,12,13,20,4616.21
TXN007933,1,0,1,1,2,0,29186.51,140510.46,25,9,1,36,4292
TXN007934,4,0,0,0,0,0,99927.23,101041.95,26,9,8,23,3532.86
TXN007935,2,0,1,0,2,0,8889.59,54375.49,39,5,17,13,2154.4
TXN007936,6,1,0,1,1,0,57027.36,145231.56,22,7,17,32,5381.23
TXN007937,2,0,0,1,0,1,51787.21,133560.87,61,8,21,16,3469.59
TXN007938,0,0,1,1,0,2,25907.61,30088.61,58,14,8,20,3030.34
TXN007939,5,1,1,0,2,2,94886.41,101760.07,53,3,4,12,5955.47
TXN007940,2,0,0,0,1,2,62107.54,88409.72,49,10,17,43,3934.19
TXN007941,0,0,0,1,0,1,23407.71,36993.25,47,6,11,43,3210.66
TXN007942,0,0,0,1,2,0,38712.8,42686.52,66,8,5,39,2856.24
TXN007943,1,0,1,1,0,1,72262.33,88928.33,61,11,16,10,3466.19
TXN007944,2,0,0,1,1,1,30120.82,54980.36,62,12,13,1,3130.58
TXN007945,0,0,0,1,2,1,88020.82,126876.4,60,7,9,36,6042.63
TXN007946,1,0,0,1,0,2,16984.55,23683.49,34,11,18,27,2956.12
TXN007947,3,0,0,0,2,0,26818.26,137964.31,47,12,2,2,1681.29
TXN007948,6,1,1,0,2,2,14917.41,127677.36,64,7,9,14,5093.93
TXN007949,1,0,1,0,1,1,10865.79,113407.29,26,0,13,45,4014.88
TXN007950,1,0,0,1,1,1,30381.38,46759.42,21,9,14,23,4404.91
TXN007951,0,0,1,1,0,2,99918.29,110094.1,29,5,15,7,6089.2
TXN007952,4,0,1,1,2,2,9885.78,71427.77,52,10,5,5,3004.2
TXN007953,4,0,1,0,2,2,21693.72,98726.11,37,8,13,31,4740.42
TXN007954,5,1,0,1,2,0,27525.87,53757.62,34,14,3,40,3003.25
TXN007955,4,0,1,0,0,2,62103.4,127020.1,39,7,12,34,4835.75
TXN007956,1,0,1,1,1,0,74661.9,15680.65,24,1,7,12,4206.48
TXN007957,5,1,0,1,1,0,75317.4,106804.36,56,4,22,27,5611.2
TXN007958,0,0,0,1,2,2,1359.28,126008.37,61,10,8,41,4548.84
TXN007959,2,0,1,0,0,1,65359.12,100499.94,59,3,20,3,3374.59
TXN007960,6,1,1,0,2,1,63258.32,36878.85,25,7,10,30,5207.75
TXN007961,6,1,0,0,1,0,52006.64,49897.31,26,8,4,0,3307.35
TXN007962,1,0,0,1,2,0,38231.25,82086.74,63,11,4,29,2476.92
TXN007963,1,0,0,0,2,0,79845.7,56122.87,23,2,17,7,4274.92
TXN007964,5,1,0,1,2,1,34716.14,10688.3,36,8,15,39,4973.82
TXN007965,0,0,1,1,1,0,23386.22,15694.94,39,14,22,45,1364.04
TXN007966,3,0,0,0,0,0,31354.47,117487.58,64,0,18,13,2268.5
TXN007967,1,0,1,0,2,1,44244.97,21719.01,37,6,23,43,2896.73
TXN007968,3,0,1,1,1,2,21798.71,139923.06,37,7,8,27,5155.68
TXN007969,3,0,1,1,2,1,60953.34,71983.1,44,5,10,33,5066.31
TXN007970,4,0,0,1,0,2,88478.82,116146.13,44,3,10,38,6297.22
TXN007971,0,0,0,1,2,2,59748.28,27570.64,24,3,13,3,5416.23
TXN007972,6,1,1,0,0,0,44943.5,139711.04,41,6,9,23,3761.57
TXN007973,6,1,1,0,1,0,79788.44,14733.24,25,14,8,26,2210.54
TXN007974,3,0,1,0,0,2,74929.84,15899.2,20,9,4,41,3409.98
TXN007975,6,1,1,1,0,0,37022.28,17642.01,28,5,10,10,2764.49
TXN007976,0,0,1,1,1,2,60613.27,24477.14,53,14,8,22,3657.9
TXN007977,4,0,0,1,0,0,73119.36,78156.43,19,3,12,41,3854.83
TXN007978,0,0,0,0,0,1,24923.59,120358.7,18,4,18,31,3680.16
TXN007979,1,0,0,1,1,2,36944.25,49892.7,24,9,7,49,5411.77
TXN007980,3,0,1,1,0,2,11024.72,114408.76,41,3,22,3,3476.89
TXN007981,0,0,1,0,0,0,98774.19,118368.54,29,0,3,18,3862.78
TXN007982,6,1,0,0,2,1,9044.83,137158.83,25,3,11,6,6120.58
TXN007983,2,0,0,1,0,0,17276.31,30909.27,30,5,6,32,1815.61
TXN007984,0,0,1,0,0,1,48243.28,28974.83,23,14,23,13,1527.58
TXN007985,3,0,0,1,0,0,86594.55,27093.31,56,10,7,12,3369.98
TXN007986,4,0,0,0,1,2,35910.26,60303.49,41,1,18,5,3945.1
TXN007987,6,1,0,1,0,1,76975.32,78517.77,69,6,22,18,4775.83
TXN007988,4,0,1,0,1,1,67765.39,74625.31,41,8,7,8,3473.28
TXN007989,3,0,1,0,1,0,64047.08,45986.82,55,11,18,34,1740.96
TXN007990,6,1,0,0,0,1,84579.22,97077.15,61,14,3,48,3941.63
TXN007991,1,0,1,0,0,0,1909.94,57358.31,24,14,9,47,864.07
TXN007992,6,1,0,1,0,1,92950.73,61251.62,27,10,14,25,4977.15
TXN007993,1,0,0,1,0,0,83008,24774.21,47,9,22,3,1705.26
TXN007994,4,0,1,0,0,0,93817.79,92912.39,56,1,7,47,3545.71
TXN007995,4,0,1,1,0,0,79461.99,101739.25,41,6,14,27,3168.6
TXN007996,3,0,1,0,0,2,87919.85,116113.03,44,1,15,26,5431.21
TXN007997,1,0,0,0,1,1,20706.27,136561.29,47,8,23,43,3414.42
TXN007998,4,0,0,1,2,2,32263.29,117240.62,32,11,20,6,4347.78
TXN007999,1,0,0,1,1,2,31864.49,43004.11,19,0,6,8,4810.13
TXN008000,4,0,1,1,0,2,11362.09,42991.72,25,12,7,33,2314.55
TXN008001,6,1,0,1,2,2,73093.14,138112.21,34,3,12,7,7488.23
TXN008002,0,0,0,1,2,1,14049,120618.7,65,12,12,9,3499.64
TXN008003,2,0,0,1,0,1,5724.66,119514.5,30,11,1,0,2516.72
TXN008004,6,1,0,1,0,2,77656.96,110759.91,35,14,19,49,5088.02
TXN008005,5,1,1,0,1,1,90513.99,47408.28,38,1,14,7,5467.6
TXN008006,0,0,1,1,2,1,76530.27,128637.45,53,0,5,44,6473.09
TXN008007,5,1,1,0,2,0,82622.55,30003.85,29,14,17,38,3739.8
TXN008008,4,0,0,1,0,1,59764.36,59002.47,60,12,6,45,2757.11
TXN008009,2,0,0,1,0,2,88830.76,58506.44,19,1,1,38,4529.31
TXN008010,2,0,0,0,2,1,49922,88418.5,37,9,1,16,3985.73
TXN008011,4,0,1,0,2,2,98838.1,74882.1,40,5,0,17,5769.15
TXN008012,4,0,1,0,0,1,10789.8,74373.14,38,4,21,33,2101.95
TXN008013,1,0,1,0,0,2,81013.48,87500.14,48,11,13,34,3605.17
TXN008014,4,0,1,1,0,1,64318.25,68158.58,33,12,1,2,2154.89
TXN008015,3,0,1,1,1,1,58274.28,44997.65,30,0,9,11,4853.11
TXN008016,4,0,0,0,1,1,72718.15,102976.9,21,14,3,3,3546.71
TXN008017,3,0,1,0,0,2,84109.01,120688.67,19,2,3,35,4696.35
TXN008018,4,0,1,1,1,0,86356.96,77059.42,67,11,22,8,3747.41
TXN008019,1,0,1,1,2,2,17950.41,100927.65,18,9,6,34,5246.45
TXN008020,3,0,0,0,2,1,20105.08,84950.86,43,5,19,2,3616.4
TXN008021,0,0,1,1,0,2,2108.57,18259.5,47,4,4,24,2331.58
TXN008022,3,0,1,1,2,1,13618.32,69231.85,55,5,11,25,4255.28
TXN008023,6,1,1,0,2,1,26756.31,11379.35,37,7,11,36,4126.67
TXN008024,1,0,0,0,2,0,72243.06,102663.1,42,5,5,47,4333.9
TXN008025,5,1,0,0,2,1,47838.87,81142.61,69,10,17,26,4848.54
TXN008026,3,0,1,0,2,1,75911.4,27756.41,36,13,1,27,3379.09
TXN008027,6,1,1,1,1,1,48910.32,85906.81,44,4,18,18,4986.85
TXN008028,6,1,1,0,1,0,55781.95,135779.64,27,10,15,23,3629.69
TXN008029,6,1,1,1,0,2,11551.13,57668.71,58,3,22,36,3439.17
TXN008030,4,0,0,1,2,0,77767.55,147531.63,34,4,1,39,4621.75
TXN008031,6,1,1,1,1,2,75933.59,144313.19,64,12,16,43,6741.65
TXN008032,4,0,0,1,1,1,31102.38,119943.38,19,10,19,37,3672.16
TXN008033,5,1,1,0,1,2,33193.52,123932,34,8,6,24,4896.83
TXN008034,1,0,0,1,2,2,22358.3,67476.35,24,13,20,33,3715.56
TXN008035,2,0,0,0,1,2,81477.05,66355.75,33,9,6,14,5276.56
TXN008036,4,0,1,1,0,2,74827.18,143615.63,66,10,22,15,3857.69
TXN008037,6,1,0,0,0,1,61110.2,61267.47,44,5,11,3,4148.99
TXN008038,6,1,1,1,2,0,24262.8,23562.2,18,4,22,25,2943.7
TXN008039,0,0,0,1,0,2,17599.41,31378.15,39,10,10,46,3764.09
TXN008040,6,1,0,0,1,1,5501.75,109455.86,39,10,16,38,4248.5
TXN008041,1,0,1,0,2,1,5038.34,63617.33,44,7,10,46,3083.97
TXN008042,3,0,1,0,0,1,19120.05,37908,33,4,7,25,2110.16
TXN008043,3,0,0,0,2,1,10502.99,123930.06,53,4,5,47,4348.74
TXN008044,6,1,0,1,1,2,55832.71,78414.29,33,7,5,27,5591.96
TXN008045,0,0,1,1,0,0,36129.97,89469.77,41,8,14,48,3262.84
TXN008046,4,0,1,1,1,1,44772.11,31552.91,52,7,19,36,3364.58
TXN008047,1,0,1,1,0,0,59609.68,36985.59,50,14,11,37,1477.84
TXN008048,0,0,0,1,2,0,66080.62,27619.85,34,14,8,35,4246.49
TXN008049,4,0,1,0,0,0,64996.07,82035.99,22,8,12,9,2623.89
TXN008050,1,0,1,0,0,1,26455.23,118591.98,52,14,14,32,2139.75
TXN008051,6,1,0,1,0,1,81057.89,112519.93,36,8,14,7,5462.5
TXN008052,3,0,1,0,2,1,91812.11,46572.31,60,7,12,37,4124.61
TXN008053,1,0,1,1,0,0,31935.87,129217.03,64,13,8,41,2319.73
TXN008054,6,1,1,1,1,1,2198.01,24792.52,51,6,10,35,3747.62
TXN008055,5,1,1,0,2,1,89965.84,25967,49,14,21,20,4219.06
TXN008056,2,0,0,1,2,0,92393.1,128902.6,42,14,10,44,5364.77
TXN008057,1,0,1,0,1,1,5569.17,44218.74,39,12,8,49,1773.16
TXN008058,2,0,1,1,2,2,993.18,109136.22,56,6,16,19,4036.91
TXN008059,1,0,1,0,0,2,81732.28,11271.14,67,11,22,33,2782.51
TXN008060,2,0,1,1,2,2,30495.6,23104.15,44,0,20,37,4959.27
TXN008061,5,1,1,1,1,2,91500.93,95300.42,50,14,5,42,5544.98
TXN008062,3,0,1,0,2,0,22065.99,35538.23,25,14,21,27,1400.59
TXN008063,4,0,0,1,1,1,86184.88,13949.92,47,6,4,31,4360.19
TXN008064,2,0,0,1,2,2,7330.1,75372.55,65,14,20,11,3382.03
TXN008065,5,1,0,0,1,2,26433.37,56272.87,43,9,2,8,4184.28
TXN008066,2,0,1,0,2,1,97326.32,122315.97,32,5,5,42,5001.51
TXN008067,3,0,1,0,0,0,23504.07,124636.06,53,13,21,14,500.25
TXN008068,2,0,1,1,1,2,13734.79,96019.24,62,11,16,12,3913.24
TXN008069,5,1,0,0,1,1,85776.94,51024.72,29,0,10,1,5672.63
TXN008070,6,1,1,0,2,1,12221.18,74627.73,58,9,3,19,3211.91
TXN008071,5,1,0,0,2,2,10196.88,108315.84,62,12,11,13,4398.54
TXN008072,0,0,1,1,2,2,32680.8,19703.2,60,9,9,41,4283.92
TXN008073,3,0,1,0,0,1,63715.19,56549.59,29,7,16,14,3025.34
TXN008074,6,1,0,1,2,1,71219.26,125131.76,21,8,5,28,6580.48
TXN008075,0,0,0,1,1,2,88183.26,66844,20,10,17,20,5480.07
TXN008076,3,0,0,0,2,2,54320.7,97453.52,54,10,20,9,4604.98
TXN008077,6,1,0,1,0,2,39645.07,23486.81,55,1,18,40,5285.11
TXN008078,2,0,0,1,2,2,36203.96,118786.44,49,12,21,37,5288.52
TXN008079,6,1,0,1,2,0,84766.82,24065.17,43,3,14,20,5528.89
TXN008080,5,1,1,1,1,1,72519.62,130613.54,21,10,11,34,5880.05
TXN008081,0,0,0,1,2,2,90590.19,24924.15,18,6,18,43,6328.85
TXN008082,2,0,1,0,0,1,96421.53,134724.99,22,13,4,16,4233.7
TXN008083,5,1,1,0,2,2,30355.06,60927.78,19,11,17,43,4789.59
TXN008084,3,0,1,0,2,0,53202.57,97434.3,63,12,11,3,2564.41
TXN008085,6,1,1,1,1,1,63366.17,128517.08,28,10,14,13,5579.92
TXN008086,5,1,1,0,2,0,16802.97,11433.8,26,12,9,39,2870.72
TXN008087,2,0,0,1,1,1,5808.03,47197.04,25,0,18,31,3727.93
TXN008088,0,0,0,1,1,0,86842.51,137167.36,56,7,8,17,4858.73
TXN008089,0,0,0,1,2,2,53784.59,64344.65,32,11,5,33,4768.01
TXN008090,6,1,1,1,1,2,57292.03,108892.63,26,8,13,31,6135.38
TXN008091,5,1,0,0,1,0,55713.98,29601.69,59,12,0,13,2691.47
TXN008092,2,0,1,1,2,2,75618.59,104972.02,67,12,0,35,5005.18
TXN008093,1,0,1,0,2,0,14977.44,20242.54,47,7,10,33,1723.16
TXN008094,3,0,1,0,0,0,61597.82,110425.52,46,1,2,5,2340.95
TXN008095,3,0,1,1,0,1,47213.21,55332.69,68,7,20,39,2330.19
TXN008096,2,0,0,0,1,0,89747.34,75218.67,42,7,21,34,4151.53
TXN008097,1,0,0,0,1,1,52202.28,33276.43,39,1,4,14,3028.98
TXN008098,0,0,0,0,2,0,94322.03,97898.86,51,10,7,19,3108.82
TXN008099,6,1,0,1,0,1,35648.67,57259.47,39,8,21,27,3157.94
TXN008100,4,0,0,1,0,1,96706.02,63672.5,63,0,17,36,4997.05
TXN008101,4,0,1,1,2,2,87578.22,101307.01,47,6,4,37,5777.83
TXN008102,6,1,0,0,2,1,58634.2,35040.63,27,12,11,20,4539.83
TXN008103,2,0,1,0,2,1,35694.14,129281.25,22,14,22,23,3433.3
TXN008104,1,0,1,1,2,0,37904.37,113500.1,22,1,17,9,4108.49
TXN008105,1,0,1,1,0,1,77388.83,90882.2,19,7,20,35,3868.72
TXN008106,3,0,0,0,2,2,58272.82,27966.63,47,7,11,8,4754.47
TXN008107,0,0,1,1,2,0,40457.96,106195.36,39,3,20,21,4050.48
TXN008108,5,1,1,1,0,1,63787.47,12533.91,30,7,7,41,3055.67
TXN008109,1,0,0,0,2,0,73456.72,122615.41,56,4,8,36,3980.41
TXN008110,6,1,1,0,0,0,2778.6,52531.68,42,8,14,15,933.77
TXN008111,5,1,1,1,0,0,9441.35,26409.62,44,0,2,42,2469.13
TXN008112,4,0,1,1,2,0,9901.3,33028.45,64,12,14,23,2019.44
TXN008113,5,1,0,1,2,0,23577.41,144838.82,44,4,3,3,4616.34
TXN008114,0,0,1,1,1,1,42985.55,118336.26,38,13,15,43,3756.71
TXN008115,6,1,1,0,1,0,80463.16,43302.08,48,12,18,22,3551.06
TXN008116,0,0,0,1,0,0,35434.35,144885.27,32,8,17,41,3710.74
TXN008117,5,1,0,1,0,2,2239.04,29616.47,55,14,15,21,2771.1
TXN008118,2,0,1,0,1,2,48594.5,112693.81,56,5,11,1,3904.96
TXN008119,1,0,0,0,0,0,99664.55,101943.55,53,3,11,27,3702.86
TXN008120,6,1,0,0,1,1,35227.59,125006.75,53,0,22,18,4465.65
TXN008121,2,0,0,0,2,2,96144.82,63437.82,18,12,3,19,5116.35
TXN008122,5,1,0,0,2,2,10583.84,66256.96,28,9,14,27,4989.6
TXN008123,1,0,0,0,2,0,17723.42,97439.38,22,14,18,41,2389.53
TXN008124,3,0,0,0,0,1,72550.15,65748.81,51,11,17,23,2480.95
TXN008125,2,0,0,1,2,1,50370.64,15789.12,54,13,10,26,3782.7
TXN008126,2,0,1,1,0,2,76629.62,112159.12,22,5,23,43,5390.75
TXN008127,5,1,0,0,2,2,86424.06,99732.45,37,10,22,1,6449.87
TXN008128,4,0,0,1,0,2,25482.95,69319.79,62,13,14,6,3244.76
TXN008129,5,1,0,1,0,2,68441.5,52396.14,61,6,15,0,4765.82
TXN008130,2,0,1,0,1,2,60956.32,54901.62,59,6,10,10,4122.41
TXN008131,1,0,0,0,1,0,86222.74,113744.01,30,8,10,30,4141.56
TXN008132,4,0,0,0,1,0,43295.34,112082.52,26,3,20,29,2918.64
TXN008133,5,1,1,0,0,0,5661.11,124648.58,22,3,12,12,3000.32
TXN008134,6,1,0,0,1,2,57631.52,116705.26,55,4,6,23,5812.73
TXN008135,5,1,1,1,1,0,95908.39,116112.19,49,11,14,17,5532.72
TXN008136,2,0,1,1,1,2,1955.8,45248.25,47,13,16,12,2750.14
TXN008137,2,0,0,0,0,1,24405.67,24225.76,66,8,23,16,859.24
TXN008138,3,0,1,0,0,1,31948.75,116645.32,45,14,12,45,1830.66
TXN008139,5,1,0,1,1,0,76700.97,23806.52,54,14,3,47,3085.45
TXN008140,2,0,0,1,1,1,32666.05,147495.6,45,1,0,29,4080.19
TXN008141,6,1,1,1,0,1,24288.84,132512.5,60,3,11,18,5112.4
TXN008142,0,0,1,0,0,1,65031.52,84684.62,23,13,3,11,2406.09
TXN008143,4,0,0,0,1,0,5117.33,59305.7,58,8,0,25,969.56
TXN008144,0,0,0,1,1,1,17474.39,83758.03,61,5,5,17,3842.54
TXN008145,4,0,1,0,1,0,41099.01,112802.26,46,13,23,11,1896.06
TXN008146,6,1,0,1,0,2,35882.2,115886.2,21,5,10,43,5871.67
TXN008147,5,1,0,0,1,2,35043,20313.24,35,6,20,49,4902.58
TXN008148,3,0,0,0,0,0,11301.22,122679.57,32,4,17,41,2324.22
TXN008149,2,0,1,1,2,0,36403.58,99809.59,42,3,17,1,3864.63
TXN008150,2,0,0,1,1,1,79900.28,15681.15,21,10,19,19,3487.71
TXN008151,2,0,0,0,2,2,41677.5,53842.57,31,2,5,5,4711.06
TXN008152,5,1,0,1,0,1,58824.03,81489.79,67,1,13,0,5243.48
TXN008153,4,0,1,0,2,2,16776.15,36383.21,34,6,5,25,3832.88
TXN008154,6,1,1,1,1,1,7436.28,31733.67,51,4,21,6,3451.92
TXN008155,2,0,1,1,2,1,88055.63,11999.36,36,0,14,31,6466.22
TXN008156,0,0,0,0,2,2,33471.57,137617.09,46,3,21,32,5053.58
TXN008157,2,0,1,0,2,1,35358.55,17855.11,39,8,0,9,1764.22
TXN008158,5,1,0,0,0,2,87829.94,61241.6,31,14,16,44,5181.43
TXN008159,6,1,1,1,1,0,70923.25,38808.03,53,7,11,40,3859.41
TXN008160,3,0,0,1,0,1,75748.14,113744.63,19,10,2,14,3649.25
TXN008161,6,1,1,0,2,2,68359.35,109005.85,62,6,1,30,5351.28
TXN008162,0,0,0,1,2,2,11026.33,122871.14,24,4,22,23,5911.35
TXN008163,2,0,0,0,0,1,95820.58,96353.16,45,0,5,28,4940.56
TXN008164,2,0,1,0,0,2,90959.06,92831.44,25,11,4,17,4219.69
TXN008165,1,0,0,0,2,1,24003.9,66995.5,46,4,7,6,2835.92
TXN008166,4,0,1,0,1,1,80497.42,99090.22,27,14,1,33,3086.68
TXN008167,0,0,1,0,0,0,41234.94,26128.78,38,7,11,13,2044.01
TXN008168,1,0,0,1,2,0,68534.81,105831.8,52,3,6,19,4671.03
TXN008169,6,1,0,1,2,0,16977.5,24545.69,21,11,13,28,4547.98
TXN008170,3,0,1,0,1,1,54086.15,130643.59,38,4,9,36,4582.38
TXN008171,4,0,1,1,2,1,13098.32,80795.59,55,7,19,41,3564.74
TXN008172,0,0,1,0,0,2,53848.63,84249.97,42,4,13,30,3948.88
TXN008173,2,0,0,1,2,0,24737.6,91880.06,37,13,10,18,3237.53
TXN008174,6,1,1,1,2,0,45520.42,118647.35,24,3,18,22,4676.15
TXN008175,0,0,0,0,2,2,66962.95,76985.89,24,10,0,6,4698.34
TXN008176,2,0,0,1,2,0,87768.92,69862.33,49,14,1,5,3565.68
TXN008177,4,0,1,0,1,0,16946.26,50366.68,49,3,22,34,1550.11
TXN008178,2,0,1,1,0,0,89380.28,27925.51,39,12,2,28,2252.26
TXN008179,3,0,0,0,2,2,39308.75,36647.96,66,5,4,12,4116.57
TXN008180,6,1,0,0,0,0,84457.76,10073.9,42,9,10,38,4121.8
TXN008181,5,1,0,0,1,1,51498.52,131719.03,23,0,18,24,6289.79
TXN008182,2,0,0,0,0,0,86289.75,117094.18,68,3,6,33,3701.04
TXN008183,3,0,1,0,1,1,66450.99,40615.54,44,13,15,18,2461.13
TXN008184,5,1,0,0,0,0,51117.26,10334.61,35,0,19,3,2247.37
TXN008185,6,1,1,1,0,1,31597.59,78896.28,29,14,7,23,3464.99
TXN008186,4,0,1,0,2,0,96906.45,67760.25,45,11,23,32,2887.44
TXN008187,4,0,1,1,0,1,80189.32,118640.93,36,5,3,42,4607.27
TXN008188,6,1,0,0,2,1,38428.12,66405.37,60,7,11,1,4393.88
TXN008189,6,1,0,1,2,0,17089,130975.79,34,3,17,1,5143.31
TXN008190,0,0,1,0,0,2,78063.77,23417.35,52,7,22,13,2476.84
TXN008191,3,0,1,0,2,0,98999.46,61220.13,32,13,13,49,3562.34
TXN008192,3,0,1,1,0,2,28258.01,140751.73,22,1,16,10,4767
TXN008193,6,1,1,0,2,2,91628.38,11642.15,53,4,11,33,5928.19
TXN008194,1,0,0,0,2,2,12974.39,64710.52,50,14,8,37,3557.23
TXN008195,1,0,1,0,1,2,95244.52,46358.46,38,13,15,27,5304.7
TXN008196,5,1,0,0,1,2,74661.22,84460.5,52,14,20,38,4054.12
TXN008197,5,1,0,1,0,2,34986.32,49027.35,59,2,9,21,5349.09
TXN008198,1,0,0,0,2,0,30810.87,131787.13,44,13,19,41,3542.58
TXN008199,6,1,0,1,1,1,64521.82,141199.36,62,6,19,32,5411.31
TXN008200,6,1,1,0,1,1,59553.96,128878.8,47,12,10,37,4410.94
TXN008201,5,1,0,0,1,0,91934.2,65799.5,56,8,8,30,5021.31
TXN008202,2,0,1,0,2,0,76741.19,148590.73,63,0,0,13,3751.86
TXN008203,6,1,0,0,0,0,54266.3,112905.08,47,14,15,37,3007.16
TXN008204,1,0,1,1,2,2,92792.8,59785.25,62,7,3,8,5196.68
TXN008205,3,0,1,0,2,2,59476.7,23116.99,38,3,21,23,4430.64
TXN008206,6,1,1,0,1,1,85043.64,103386.5,43,12,7,28,5098.76
TXN008207,6,1,1,0,2,0,84173.79,111999.44,41,9,1,4,4524.74
TXN008208,2,0,1,1,2,1,91959.89,27144.28,39,10,13,41,5138.38
TXN008209,5,1,0,1,1,1,7226.4,86963.09,54,4,23,38,3265.95
TXN008210,6,1,1,1,1,2,58590.06,148192.32,60,11,8,26,5837.19
TXN008211,4,0,0,1,2,2,47105.06,55673.89,43,0,23,7,5299.79
TXN008212,0,0,1,0,1,1,49308.97,52265.3,39,4,13,28,3747.73
TXN008213,1,0,0,0,0,2,46261.11,136462.3,63,8,13,11,3740.86
TXN008214,4,0,0,1,0,2,83827.94,26438.25,50,7,20,7,3721.87
TXN008215,5,1,0,0,0,2,32184.07,140693.85,41,7,11,41,4749
TXN008216,3,0,1,0,0,1,46543.73,119128.19,22,5,10,40,3968.37
TXN008217,0,0,0,1,0,1,20467.91,64717.66,41,11,0,20,2449.44
TXN008218,4,0,1,0,1,1,25545.8,21696.67,52,8,21,47,2089.63
TXN008219,0,0,1,1,1,0,66211.8,12684.44,39,3,0,46,2433.11
TXN008220,1,0,0,1,0,1,12135.13,62616.37,50,5,10,8,2900.71
TXN008221,5,1,0,1,0,2,19188.27,108749.5,34,2,19,13,4775.51
TXN008222,6,1,1,1,0,1,53039.44,78254.09,69,1,14,0,4058.54
TXN008223,3,0,1,1,1,0,4855.42,113411.26,29,8,20,30,2433.77
TXN008224,5,1,1,1,1,2,13129.24,103879.92,47,4,22,15,4341.98
TXN008225,0,0,1,0,2,1,86403.62,90207.01,43,10,8,38,4148.06
TXN008226,4,0,1,0,2,1,84691.6,145449.87,30,1,19,26,6303.08
TXN008227,1,0,1,0,2,2,35103.72,111973.82,23,4,20,10,3896.67
TXN008228,1,0,0,1,2,1,35125.14,138045.88,20,5,21,1,4651.33
TXN008229,5,1,1,1,1,0,93683.29,43902.48,28,7,16,30,4706.38
TXN008230,6,1,1,1,1,2,3071.19,109909.55,60,4,9,49,5676.7
TXN008231,4,0,0,0,1,1,58239.4,93692.4,27,14,14,23,3739.58
TXN008232,6,1,0,0,1,2,59940.36,139401.45,28,11,11,38,5895.2
TXN008233,6,1,0,1,0,1,78894.76,81463.42,33,1,4,2,4986.05
TXN008234,4,0,1,1,2,1,95199.18,49149.79,37,12,13,47,5489.39
TXN008235,0,0,0,1,1,2,35904.84,63877.45,59,6,9,3,3949.22
TXN008236,5,1,0,1,1,1,44064.43,40636.17,61,4,19,29,4587.11
TXN008237,5,1,1,1,2,1,67294.2,40796.22,36,12,0,2,3966.09
TXN008238,2,0,1,0,1,2,96743.53,75859.02,26,10,15,3,4910.48
TXN008239,5,1,1,1,0,1,89133.84,134959.64,53,1,3,12,6165.72
TXN008240,1,0,1,1,1,1,66871.77,36861.71,32,11,4,13,3598.25
TXN008241,0,0,0,1,2,2,85744,50301.8,40,5,8,9,5876.33
TXN008242,4,0,1,1,0,0,8977.84,129418.34,38,10,16,13,2814.02
TXN008243,5,1,0,0,0,0,38024.13,57495.88,56,6,5,16,3142.37
TXN008244,0,0,1,1,2,0,1802.7,144737.88,22,7,23,21,3564.24
TXN008245,5,1,0,1,2,0,18158.49,47648.84,68,2,4,45,4142.47
TXN008246,4,0,1,1,0,0,63234.01,71900.08,39,10,17,36,2520.24
TXN008247,3,0,1,0,1,0,88613.38,23385.39,48,3,16,20,2159.71
TXN008248,4,0,1,1,2,2,63461.64,148904.61,32,11,20,24,5762.85
TXN008249,4,0,0,0,0,2,66581.74,134619.89,45,5,10,2,5037.43
TXN008250,4,0,0,1,2,2,10830.25,124458.72,55,2,2,18,4396.34
TXN008251,5,1,0,1,1,1,66653.62,32027.95,69,10,5,31,4494.55
TXN008252,2,0,1,1,1,0,45707.5,145710.13,32,5,8,14,3833.08
TXN008253,4,0,0,1,0,0,65318.3,140081.18,66,8,12,40,4111.28
TXN008254,1,0,1,1,1,2,32954.22,70994,36,11,0,23,3092.4
TXN008255,1,0,1,1,1,1,58357.85,105429.18,52,4,14,8,4151.03
TXN008256,0,0,1,1,1,1,42694.9,148944.18,35,1,19,9,4733.91
TXN008257,2,0,0,1,2,2,56084.39,67364.33,27,9,3,47,4899.78
TXN008258,0,0,1,1,0,0,15135.41,25826.4,32,1,22,31,2155.6
TXN008259,1,0,0,0,0,1,39884.57,131489.06,67,13,1,39,2395.68
TXN008260,6,1,1,0,0,0,37740.73,76707.92,41,10,15,6,1869.06
TXN008261,1,0,1,0,1,1,73771.25,148175.72,64,6,23,45,3835.95
TXN008262,3,0,1,0,2,0,70787.75,87125,68,13,5,49,3248.09
TXN008263,4,0,0,1,0,1,90931.44,14126.86,37,3,19,26,4044.32
TXN008264,6,1,0,1,2,0,63389.53,78841.77,54,8,14,14,5180.18
TXN008265,1,0,1,0,0,0,31797.44,110528.7,28,8,18,43,1873.19
TXN008266,5,1,0,0,1,0,78430.85,13644.2,26,5,6,20,3753.17
TXN008267,5,1,0,0,0,2,49951.27,67882.82,22,9,10,9,4478.97
TXN008268,0,0,1,0,0,0,19752.57,31778.43,28,12,17,22,1658.6
TXN008269,6,1,1,1,1,0,74867.44,100033.55,56,4,7,4,4341.5
TXN008270,0,0,0,0,1,1,13686.87,144028.42,44,6,1,48,3619.64
TXN008271,4,0,1,1,0,1,18226.26,97441.89,19,4,11,5,3562.53
TXN008272,4,0,1,1,2,2,75996.21,107282.88,69,12,21,21,5646.87
TXN008273,3,0,0,1,1,1,77129.4,65518.81,37,8,7,27,5176.61
TXN008274,2,0,0,0,0,0,79182.74,88839.72,38,8,0,18,2227.03
TXN008275,0,0,1,0,1,2,29685.85,86140.08,68,14,6,48,2635.4
TXN008276,4,0,0,1,2,2,86725.45,116344.89,67,6,8,13,5731.66
TXN008277,0,0,0,0,0,2,72405.48,129967.63,47,14,21,47,4217.18
TXN008278,4,0,1,0,0,0,83479.76,102804.03,65,3,21,6,3068.16
TXN008279,1,0,1,1,2,0,71006.25,147173.23,18,0,8,14,6029.38
TXN008280,0,0,1,1,2,1,58169.85,125960.37,52,14,1,31,3883.56
TXN008281,1,0,1,0,0,1,11384.78,27450.54,43,3,3,21,1554.95
TXN008282,0,0,0,1,2,1,71238.15,81046.56,49,11,13,45,5680.65
TXN008283,2,0,0,0,2,2,69200.85,136453.05,26,13,13,20,5238.27
TXN008284,3,0,1,0,0,0,31592.87,142150.88,66,2,7,18,1498.23
TXN008285,5,1,1,1,1,1,73714.07,63228.83,57,0,20,12,5597.85
TXN008286,5,1,1,1,2,0,55270.23,111598.57,38,12,8,21,4147.24
TXN008287,5,1,1,0,1,2,56160.92,67476.37,33,9,2,9,4121.75
TXN008288,1,0,0,1,1,0,37076.67,27312.36,29,3,21,45,3312.29
TXN008289,6,1,0,0,1,0,12120.11,133845.58,53,6,21,45,3230.99
TXN008290,4,0,1,1,2,2,22084.38,140473.44,54,1,18,43,6108.56
TXN008291,5,1,1,0,0,1,76998.75,80665.07,44,12,5,23,4700.16
TXN008292,2,0,0,1,0,0,27508.43,12563.04,24,11,0,7,682.98
TXN008293,5,1,0,0,0,0,724.18,124245.08,47,11,20,7,2010.49
TXN008294,0,0,0,0,0,2,99703.23,76774.45,41,14,17,48,4488.8
TXN008295,1,0,0,1,0,0,21462.88,20503.97,67,6,7,48,2064.42
TXN008296,6,1,1,0,0,0,65710.62,36514.81,47,14,6,38,2048
TXN008297,0,0,0,0,1,0,92728.74,31296.71,37,5,6,49,3447.47
TXN008298,6,1,0,0,1,2,60171.42,106079.04,63,8,9,18,5078.61
TXN008299,0,0,0,0,1,0,80003.55,51917.33,57,10,3,41,2569.66
TXN008300,0,0,1,0,2,2,97648.99,27876.67,62,1,17,17,4998.49
TXN008301,3,0,1,1,2,1,86106.16,138470.84,45,13,18,32,4254.74
TXN008302,3,0,0,0,2,0,56011.46,143914.35,21,14,9,47,4189.82
TXN008303,4,0,0,0,0,2,36688.44,29400.62,29,5,19,36,3232.3
TXN008304,1,0,1,0,1,2,48505.21,42233.02,20,12,18,28,3145.06
TXN008305,2,0,1,1,2,0,84261.7,92896.9,54,10,2,31,3921.42
TXN008306,2,0,0,1,1,2,85408.78,31071.1,21,5,16,7,5396.69
TXN008307,2,0,1,0,0,1,84662.56,32202.84,32,5,0,31,2626.21
TXN008308,0,0,0,0,1,1,59923.83,57120.65,45,2,23,11,3368.19
TXN008309,3,0,1,1,0,1,47957.11,142883.85,54,5,7,21,3800.22
TXN008310,1,0,0,1,2,1,31478.14,144741.91,26,8,16,19,4619.38
TXN008311,0,0,0,0,0,2,834.41,127850.35,31,13,3,44,3664.62
TXN008312,6,1,1,1,0,2,76566.28,107399.81,49,11,1,25,4681.95
TXN008313,3,0,0,0,1,1,28061.33,110894.27,65,12,16,16,2946.39
TXN008314,3,0,1,0,0,1,33302.95,75740.2,20,10,1,41,3167.05
TXN008315,5,1,1,0,2,1,84426.38,84221.65,64,2,0,33,4875.27
TXN008316,5,1,1,1,2,1,5698.99,98823.37,35,1,4,30,5136.29
TXN008317,1,0,0,0,0,1,92798.22,112380.13,67,7,5,17,4805.44
TXN008318,6,1,0,0,1,2,635.51,23558.46,31,12,11,2,2533.31
TXN008319,1,0,0,1,2,1,93947.33,41484.18,42,13,23,17,4732.32
TXN008320,1,0,1,0,2,1,45748.47,144812.05,56,12,9,19,3976.94
TXN008321,0,0,0,0,0,0,10661.2,56919.92,43,14,7,20,605.35
TXN008322,4,0,0,0,0,2,67579.06,47586.39,69,2,13,34,4231.84
TXN008323,1,0,0,1,2,1,89637.71,69067.58,23,14,3,41,4793.7
TXN008324,5,1,0,1,0,2,44088.25,50728.91,43,11,18,42,5249.55
TXN008325,4,0,1,0,0,0,69290.11,22765.23,65,14,4,29,1007.05
TXN008326,0,0,0,1,2,0,97946.59,39114.56,68,4,23,35,4474.21
TXN008327,4,0,1,0,1,1,24449.73,99622.37,58,4,20,3,2483.66
TXN008328,2,0,1,0,1,1,82134.72,41245.56,69,1,6,14,3762.1
TXN008329,6,1,1,1,2,1,29876.09,100673.41,18,1,19,47,5716.13
TXN008330,4,0,1,1,0,1,42920.59,24011.33,67,5,1,6,1415.56
TXN008331,1,0,0,0,2,0,28535.7,15862.69,38,1,10,31,3582.7
TXN008332,0,0,0,1,2,2,44878.17,130619.48,31,13,9,32,5768.01
TXN008333,6,1,0,1,0,1,1006.36,116403.67,63,5,17,12,4057.65
TXN008334,1,0,1,1,1,2,30692.17,103243.88,25,11,1,16,3479.91
TXN008335,6,1,0,0,1,1,44806.76,14325.89,42,11,13,39,4098.28
TXN008336,5,1,1,0,0,1,63407.9,43509.55,66,6,23,37,3215.39
TXN008337,2,0,0,1,2,0,63917.46,123724.01,35,12,9,5,4370.68
TXN008338,5,1,0,0,0,1,58586.67,30253.47,32,3,5,49,4570.98
TXN008339,1,0,0,0,2,1,29656.67,123799.48,59,9,20,3,3299.43
TXN008340,1,0,1,1,0,1,94766.73,91792.7,37,3,2,14,4861.15
TXN008341,1,0,0,0,0,0,39501,113651.57,33,12,22,7,1441.63
TXN008342,3,0,1,1,1,2,22080.95,100230.99,24,2,15,33,5042.24
TXN008343,2,0,1,0,1,0,55674.04,68378.54,46,0,7,29,2827.67
TXN008344,6,1,1,0,0,1,75018.4,50876.83,48,3,8,22,3669.85
TXN008345,1,0,0,1,0,1,1717.24,104182.09,46,2,10,8,3129.86
TXN008346,1,0,0,0,1,1,27996.23,122967.8,34,7,15,23,3710.25
TXN008347,6,1,1,1,2,2,82585.3,16262.57,22,4,1,43,6320.04
TXN008348,5,1,1,0,1,2,50948.6,63187.25,35,6,23,7,3928.63
TXN008349,5,1,1,0,2,1,41144.59,59102.17,31,2,4,49,5048.68
TXN008350,1,0,1,0,1,1,93124.68,88325.92,48,2,0,5,3707.77
TXN008351,0,0,1,1,1,2,9408.74,25949.51,67,10,22,24,2220.04
TXN008352,3,0,0,0,2,0,61749.23,140678.72,35,5,14,12,4743.55
TXN008353,5,1,0,0,0,0,34547.78,86791.44,64,9,6,33,2431.09
TXN008354,0,0,0,1,1,2,7546.93,139325.39,42,3,15,24,5809.27
TXN008355,3,0,1,1,1,2,21767.58,124371.73,28,7,11,17,4877
TXN008356,1,0,1,0,1,1,62979.35,36829.44,43,2,18,8,2790.84
TXN008357,2,0,0,1,0,2,3313.55,28527.46,22,4,14,32,3563.87
TXN008358,4,0,0,1,1,2,59428.76,130575.03,33,0,2,5,5455.44
TXN008359,4,0,1,1,0,1,95706.62,85054.03,25,13,19,13,3203.16
TXN008360,1,0,1,1,1,2,79612.06,12763.98,30,0,20,5,5273.03
TXN008361,5,1,1,0,2,1,34886.91,140791.74,49,14,20,17,4478.02
TXN008362,0,0,0,1,1,0,14251.66,76223.98,44,7,4,42,2457.37
TXN008363,2,0,1,0,1,0,46773.91,52131.08,66,6,14,38,2661.04
TXN008364,6,1,1,0,0,0,39598.57,82323.7,43,0,21,25,3381
TXN008365,3,0,1,0,0,1,97187.43,125208.57,26,5,16,35,4700.78
TXN008366,1,0,0,1,0,0,98991.87,25440.98,64,1,15,35,4300.16
TXN008367,2,0,1,1,2,0,41353.17,60250.61,24,11,15,10,3282.37
TXN008368,2,0,0,0,2,1,15304.01,54641.33,67,0,22,17,3510.67
TXN008369,5,1,1,0,0,1,91105.65,127550.93,63,9,11,14,4113.63
TXN008370,3,0,1,1,2,0,79457.46,118985.42,25,4,3,29,4953.19
TXN008371,2,0,0,1,0,0,51371.78,66014.56,19,4,4,40,3438.19
TXN008372,5,1,1,0,2,0,36852.79,103028.36,35,1,23,24,3509.74
TXN008373,0,0,0,1,0,2,45092.5,65222.37,53,11,7,15,3244.73
TXN008374,5,1,1,1,0,1,90237.18,89983.94,41,4,11,11,4745.96
TXN008375,0,0,0,0,2,1,18872.02,148770.14,51,13,4,13,3343.22
TXN008376,0,0,1,1,1,1,80774.96,84980.43,59,14,10,46,4019.17
TXN008377,6,1,0,1,0,1,2309.97,148400.46,55,6,18,12,3523.9
TXN008378,6,1,0,0,0,0,92096.91,114607.87,28,3,9,38,5589.92
TXN008379,2,0,1,1,1,1,50279.58,26901.12,69,1,23,29,3349.72
TXN008380,5,1,0,0,0,2,23061.41,121435.26,27,12,17,35,4080.76
TXN008381,6,1,1,1,0,2,784.22,32579.99,46,14,11,45,3287.78
TXN008382,0,0,0,0,2,0,56174.87,84526.01,66,4,8,15,3463.56
TXN008383,6,1,1,1,1,0,24826.54,95854.33,57,10,21,0,2155.12
TXN008384,3,0,1,0,0,1,63310.8,134912.26,23,5,9,40,4349.88
TXN008385,2,0,1,1,0,0,28476.34,39459.39,65,12,19,28,1845.06
TXN008386,5,1,1,1,1,0,9258.39,132631.89,27,7,19,26,4361.29
TXN008387,5,1,0,1,1,0,50752.64,140829.13,47,13,18,12,4294.7
TXN008388,4,0,1,0,2,2,56666.33,22528.23,45,8,20,16,3534.21
TXN008389,5,1,1,1,2,1,45532.71,133939.92,46,10,5,27,5540.2
TXN008390,2,0,1,0,2,0,46074.54,46285.21,68,9,9,19,2435.96
TXN008391,3,0,1,1,0,1,59170.19,21340.13,42,7,18,4,2721.36
TXN008392,5,1,1,1,1,1,52872.17,144200.41,53,6,8,23,6183.5
TXN008393,4,0,0,1,2,1,13690.47,64908.49,44,8,15,8,3519.45
TXN008394,2,0,1,1,1,2,20110.02,97217.69,51,8,7,32,4502.22
TXN008395,0,0,0,1,0,1,14608.21,87402.24,69,5,11,33,3258.73
TXN008396,1,0,0,1,0,1,69482.91,39845.47,51,11,21,45,3302.59
TXN008397,1,0,1,0,1,0,53095.54,103739.2,49,2,4,26,2428.93
TXN008398,0,0,1,0,1,0,43270.58,16456.1,61,13,10,36,1860.54
TXN008399,6,1,0,1,2,2,79934.73,38433.29,21,11,18,32,6667.73
TXN008400,5,1,0,1,1,1,32916.57,142252.93,65,10,2,47,4776.07
TXN008401,1,0,0,1,2,2,57026.61,143491.05,51,7,23,37,6184.36
TXN008402,6,1,1,1,1,1,7903.56,77571.73,33,2,21,28,4285.01
TXN008403,1,0,0,1,1,2,74568.21,33670.04,64,0,14,37,5019.1
TXN008404,0,0,0,0,1,1,69671.65,69026.81,63,12,21,34,2740.46
TXN008405,5,1,1,1,0,0,80336.77,132789.92,28,11,19,19,4295.39
TXN008406,5,1,0,1,0,2,88505.36,19838.37,32,3,2,18,4711.91
TXN008407,6,1,1,0,0,0,75923.81,27901.6,55,13,21,4,2291.47
TXN008408,0,0,0,0,2,1,84526.74,135391.4,47,8,0,24,4568.23
TXN008409,6,1,1,0,2,2,34892.63,68153.68,44,12,10,28,4694.16
TXN008410,5,1,0,1,0,0,34662.07,21684.2,33,7,12,25,2777.49
TXN008411,5,1,1,1,0,0,94457.93,29489.27,18,13,4,45,3952.65
TXN008412,2,0,1,1,1,0,91500.17,133542.74,42,13,6,1,3778.35
TXN008413,6,1,0,1,1,1,55075.49,78614.47,45,5,0,14,4427.22
TXN008414,2,0,1,1,2,2,36972.6,32819.2,60,2,12,44,5512.03
TXN008415,0,0,0,0,2,0,86667.15,135168.37,31,2,9,5,5643.8
TXN008416,3,0,1,1,1,1,32679.41,128339.04,51,6,19,0,4001.87
TXN008417,1,0,1,1,2,1,15786.69,13223.27,65,13,17,8,2296.59
TXN008418,2,0,1,1,0,1,64129.52,91338.62,21,4,12,42,4379.54
TXN008419,1,0,1,0,1,2,4740.87,44207.13,31,2,0,15,2481.36
TXN008420,4,0,1,1,1,1,38220.64,84639.01,33,11,16,13,3316.9
TXN008421,0,0,1,1,2,1,80862.55,49097.57,32,11,11,9,4650.09
TXN008422,3,0,1,1,1,2,29874.01,54222.68,51,11,22,18,3117.02
TXN008423,4,0,0,1,1,2,93165.89,94259.35,30,0,5,7,6328.19
TXN008424,4,0,0,0,0,1,95604.55,85440.28,34,10,6,47,4732.85
TXN008425,5,1,1,0,1,1,81673.72,65326.94,45,8,0,11,4244.23
TXN008426,4,0,1,0,1,0,98770.51,25059.52,69,10,9,5,2128.53
TXN008427,0,0,1,1,1,2,53311.03,145719.35,27,11,2,34,5032.2
TXN008428,2,0,0,0,1,2,57135.36,34444.78,64,11,6,5,2926.86
TXN008429,0,0,1,0,0,0,83698.6,98636.41,34,4,9,5,3446.42
TXN008430,2,0,0,1,1,1,49534.12,21584.27,25,10,9,34,4523.21
TXN008431,4,0,1,1,0,1,40968.64,106363.8,19,14,8,43,3280.59
TXN008432,4,0,1,0,0,1,61667.98,23277.57,18,6,5,10,2877.37
TXN008433,3,0,1,0,0,1,65937.12,42131.17,22,9,23,37,3110.48
TXN008434,2,0,1,0,2,0,75214.13,100577.93,52,14,8,26,3195.57
TXN008435,4,0,1,0,2,2,66985.97,49610.93,39,8,22,25,4353.55
TXN008436,5,1,0,1,1,2,74699.32,84599.11,60,3,8,27,7175.91
TXN008437,1,0,1,1,0,1,67618.69,27430.76,33,12,9,7,2487.26
TXN008438,3,0,0,0,2,0,48304.3,38336.08,26,14,3,24,1889.78
TXN008439,0,0,0,0,1,1,13925.99,112728.63,53,12,15,18,2253.1
TXN008440,3,0,1,0,2,1,78651.6,14919.44,26,11,1,15,3329.21
TXN008441,1,0,1,1,0,0,3562.53,25652.03,31,10,10,49,1082.52
TXN008442,2,0,1,1,1,0,99253.76,40093.84,27,4,8,25,4489.95
TXN008443,0,0,0,1,0,2,82931.62,12826.68,39,2,2,43,5210.74
TXN008444,0,0,0,0,0,2,67255.61,23353.02,33,6,6,14,3363.89
TXN008445,2,0,0,1,2,1,96677.37,49394.81,58,12,12,38,4762.66
TXN008446,6,1,1,0,1,1,61440.79,23008.44,20,14,12,11,3716.87
TXN008447,6,1,0,0,1,2,6115.07,131256.72,45,0,18,23,5254.01
TXN008448,3,0,0,1,1,0,56158.53,19250.33,47,7,10,12,2040.51
TXN008449,4,0,0,0,2,1,28081.82,130537.72,46,2,4,16,4899.76
TXN008450,6,1,1,1,1,1,37263.01,125200.41,18,12,15,12,4953.06
TXN008451,3,0,0,1,2,0,46228.72,24106.62,45,3,1,16,2978.49
TXN008452,6,1,0,0,1,1,77572.77,13526.78,39,9,9,42,4283.38
TXN008453,1,0,1,0,2,0,50541.46,16998.88,49,14,9,0,2005.93
TXN008454,5,1,1,1,1,2,47730.69,92652.93,69,3,18,10,5353.19
TXN008455,4,0,1,1,2,2,30546.23,103849.51,28,10,19,19,4737.32
TXN008456,3,0,0,1,0,2,54217.29,96891.47,43,6,5,30,4758.54
TXN008457,5,1,0,1,0,2,25214.89,85806.76,48,13,21,43,3839.75
TXN008458,5,1,0,1,0,2,26468.88,34455.77,37,11,15,34,4074.64
TXN008459,6,1,1,1,1,1,75847.25,127733.55,37,6,12,38,6048.95
TXN008460,2,0,0,1,2,2,34583.45,55857.69,50,3,18,5,4575.99
TXN008461,1,0,1,0,0,1,5614.27,148064.95,22,5,2,34,2822.82
TXN008462,1,0,1,1,1,1,34695.89,63880.09,58,7,8,27,3576.45
TXN008463,1,0,0,0,2,0,64037.93,46820.68,20,9,9,40,4358.56
TXN008464,4,0,0,0,0,1,81491.57,135195.11,61,13,15,43,3612.39
TXN008465,0,0,0,1,0,1,96212.7,89437.98,67,3,17,0,4939.82
TXN008466,4,0,1,1,1,2,74748.93,111059.06,51,12,3,15,5150.54
TXN008467,3,0,1,1,2,2,43170.74,67175.83,48,0,20,48,5795.01
TXN008468,5,1,0,1,1,0,30262.37,134168.17,59,6,23,44,3912.7
TXN008469,5,1,1,1,0,0,13398.18,138481.53,24,1,23,11,3314.07
TXN008470,0,0,0,0,1,1,62954.8,71147.65,47,10,21,27,3872.75
TXN008471,3,0,0,0,1,0,51233.39,43701.34,35,12,15,14,2172.09
TXN008472,0,0,0,1,0,2,67931.3,100673.99,33,2,17,7,5308.32
TXN008473,5,1,1,1,0,2,24094.75,143641.81,30,7,9,3,4848.63
TXN008474,6,1,1,1,2,2,32702.59,97142.5,50,1,0,30,5935
TXN008475,4,0,0,1,2,1,29563.49,143591.14,24,1,22,45,4472.86
TXN008476,1,0,0,0,0,1,79866.36,58133.12,47,3,9,29,3589.66
TXN008477,5,1,1,0,0,0,17537.37,138111.07,28,5,16,34,2919.9
TXN008478,2,0,0,0,2,2,61042.98,25759.36,23,9,18,5,4933.81
TXN008479,1,0,1,1,1,1,5609.82,60236.82,38,10,15,37,2952.45
TXN008480,5,1,0,1,0,1,55177.99,79225.97,49,1,5,20,4800.12
TXN008481,4,0,1,1,0,0,6859.44,101435.45,22,8,7,29,2174.94
TXN008482,0,0,0,0,1,2,17999.72,51179.49,59,11,15,15,2354.16
TXN008483,6,1,1,0,2,2,11746.02,139393.5,46,1,11,7,6096.33
TXN008484,6,1,0,0,2,0,34999.17,136489.47,52,8,8,26,4244.33
TXN008485,1,0,1,1,1,0,34701.28,121907.13,64,14,15,32,2965.34
TXN008486,4,0,1,0,0,0,82728.72,26010.75,29,6,6,42,2322.08
TXN008487,6,1,1,1,1,0,22955.9,20960.73,54,10,7,11,2389.74
TXN008488,6,1,1,0,0,2,9095.48,79738.4,63,2,19,42,3396.74
TXN008489,3,0,0,1,2,2,60549.42,117148.13,61,8,4,44,5653.25
TXN008490,2,0,1,1,0,0,68901.34,27253.03,39,8,22,41,2746.87
TXN008491,1,0,1,1,0,1,29834.95,99801.25,28,5,8,22,3597.04
TXN008492,0,0,0,1,0,1,60480,83899.75,40,1,7,45,4843.25
TXN008493,6,1,1,0,0,2,77717.63,111638.52,62,6,22,38,4875.8
TXN008494,3,0,0,0,0,2,35081.52,70952.53,27,3,19,45,4658.62
TXN008495,4,0,1,0,2,0,52772.71,107061.52,59,3,15,0,3124.45
TXN008496,6,1,1,1,1,1,15090.01,32345.21,41,6,10,6,3520.01
TXN008497,2,0,1,0,2,2,2852.86,40043.2,63,4,0,35,2812.65
TXN008498,0,0,1,1,0,1,98146.11,136466.77,69,0,16,24,4899.2
TXN008499,4,0,1,0,1,0,30323.22,56112.51,33,2,11,20,2623.18
TXN008500,4,0,1,0,0,2,28250.75,147970.81,29,6,4,36,3926.58
TXN008501,1,0,0,1,2,2,97337.89,16468.64,67,12,13,11,5132.01
TXN008502,6,1,0,1,2,1,72959.24,79422.61,49,8,6,31,5900.73
TXN008503,1,0,1,1,0,1,58737.14,55498.2,41,8,23,48,2786.09
TXN008504,0,0,1,0,0,2,70082.68,149435.11,21,6,6,37,4346.18
TXN008505,6,1,0,1,1,1,71137.69,148604.87,59,4,3,15,5917.04
TXN008506,5,1,0,0,1,1,76451.92,42934.06,50,3,14,0,4341.03
TXN008507,6,1,1,0,0,0,7185.33,47415.96,35,8,6,43,1840.89
TXN008508,5,1,1,0,1,1,41576.73,114954.11,64,5,21,25,3686.7
TXN008509,4,0,1,1,0,2,29865.47,134554.42,34,12,23,13,2775.55
TXN008510,1,0,1,0,0,0,7521.68,102917.58,38,9,8,5,1393.86
TXN008511,2,0,1,1,0,2,41553.6,131059.25,18,1,0,40,5041.8
TXN008512,6,1,1,1,2,0,61809.26,18860.94,63,2,1,19,4261.11
TXN008513,2,0,0,0,0,0,18260.52,99673.99,61,6,7,2,1488.13
TXN008514,6,1,1,0,0,1,30850.16,108023.92,42,14,6,42,3113.12
TXN008515,4,0,1,0,0,1,64097.5,36644.67,48,3,22,11,2574.65
TXN008516,1,0,0,0,1,2,58142.8,118915.83,60,6,2,32,4900.5
TXN008517,0,0,0,1,0,1,86944.15,142197.12,37,12,6,48,4230.83
TXN008518,0,0,0,1,2,0,79227.48,135715.31,43,11,19,49,4389.21
TXN008519,0,0,0,1,2,1,96578.3,44295.44,36,11,15,44,5884.83
TXN008520,6,1,1,1,0,2,59920.73,55358.97,47,4,1,0,3682.98
TXN008521,6,1,0,1,0,0,69997.5,79945.59,42,0,0,18,4506.35
TXN008522,2,0,0,1,0,2,86120.37,32170.57,53,9,7,1,4711.52
TXN008523,1,0,1,1,2,1,84079.25,143553.44,66,2,4,22,6018.48
TXN008524,6,1,0,1,1,0,72012.8,32623.53,35,8,9,44,4170.2
TXN008525,1,0,0,1,1,2,50275.49,116599.21,21,3,3,7,5029.78
TXN008526,2,0,1,0,0,1,27684.09,57799.94,44,11,8,33,1938.65
TXN008527,6,1,1,0,1,1,87782.97,90320.91,50,4,13,3,5764.47
TXN008528,0,0,1,1,2,2,77777.22,16604.34,23,14,20,7,5018.94
TXN008529,0,0,1,1,0,0,83871.74,38701.66,24,1,9,26,3879.02
TXN008530,4,0,1,0,1,2,14508.54,72214.77,18,9,17,25,2699.56
TXN008531,5,1,1,0,0,1,31823.88,104806.77,55,14,22,32,2599.47
TXN008532,3,0,1,0,0,2,42776.06,118858.67,52,10,8,42,3581.01
TXN008533,5,1,0,1,2,1,83916.02,14219.67,40,7,4,39,5539.62
TXN008534,6,1,0,0,2,0,89342.22,31348.63,33,0,22,44,4347.76
TXN008535,1,0,1,0,1,2,28846.83,112170.84,51,13,7,47,3691.18
TXN008536,6,1,0,0,2,0,68799.7,123827.76,51,10,11,39,4387.95
TXN008537,1,0,1,0,0,2,8242.51,43120.01,48,3,19,49,1709.06
TXN008538,1,0,0,0,2,1,41252.54,42151.43,60,5,23,2,2951.33
TXN008539,5,1,1,1,1,0,48923.58,22324.12,48,7,22,8,3609.16
TXN008540,3,0,0,0,1,1,76680.47,31041.16,69,3,18,9,3189.77
TXN008541,4,0,1,1,1,2,89251.24,11122.22,28,1,13,28,5322.13
TXN008542,5,1,0,0,2,1,34059.68,92576.37,25,3,10,20,5655.26
TXN008543,3,0,1,0,2,2,53010.02,136544.79,68,0,10,41,6200.7
TXN008544,0,0,0,0,2,0,64921.1,30940.65,41,7,23,49,3065.04
TXN008545,0,0,0,0,2,1,33204.38,115202.11,40,8,3,17,3457.74
TXN008546,1,0,1,0,2,1,98561.05,90312.22,49,2,17,16,5689.79
TXN008547,2,0,0,1,1,2,87639.55,141589.06,32,13,8,20,5436.58
TXN008548,6,1,0,1,1,2,29992.08,121737.15,45,7,7,2,5293.75
TXN008549,6,1,0,1,2,2,51040.65,129382.06,37,8,3,26,6694.95
TXN008550,1,0,0,1,0,0,23468.64,99479.9,31,11,18,31,1876.7
TXN008551,2,0,0,1,1,1,51693.14,123587.06,43,12,18,41,4565.07
TXN008552,3,0,1,1,0,2,68491.57,59121.73,67,7,21,28,4261.5
TXN008553,0,0,1,1,0,2,9009.35,39262.46,69,13,1,46,2568.43
TXN008554,6,1,0,0,1,1,87076.66,137752.8,54,1,10,28,6103.03
TXN008555,5,1,1,1,0,0,59577.71,112807.02,19,1,2,25,4223.57
TXN008556,2,0,0,0,0,1,98965.49,22698.41,51,9,0,8,2822.28
TXN008557,3,0,1,0,1,2,3046.35,131367.33,51,12,9,26,2972.48
TXN008558,0,0,0,1,1,1,83234.09,58846.55,51,3,20,11,4469.65
TXN008559,5,1,0,0,2,2,79300.32,51758.89,26,0,12,15,6822.44
TXN008560,2,0,0,0,1,2,13718.82,97263.9,61,11,2,46,3265.94
TXN008561,1,0,0,1,0,1,33862.91,89603.81,69,2,6,1,2590.45
TXN008562,1,0,1,0,1,1,88537.22,85355.94,67,3,4,38,3707.74
TXN008563,1,0,1,1,2,0,52086.2,45682.81,20,11,1,26,2140.35
TXN008564,6,1,1,0,1,2,40427.51,144368.33,47,1,17,8,4890.12
TXN008565,3,0,0,1,0,2,90596.9,143016.93,36,11,13,45,5499.62
TXN008566,1,0,1,0,1,2,9787.78,10582.71,48,6,19,1,2117.68
TXN008567,6,1,1,1,0,2,47575.72,57295.87,33,12,1,41,3989.28
TXN008568,4,0,0,0,1,2,65411.22,16376.81,60,9,4,6,2431.29
TXN008569,6,1,0,1,2,1,61049.87,129034.83,41,2,12,7,6238.08
TXN008570,0,0,0,0,2,2,26795.51,134112.55,32,6,6,37,4559.75
TXN008571,6,1,1,0,1,1,56549.63,82561.76,39,6,9,5,4211.52
TXN008572,3,0,1,1,0,0,71001.9,127554.92,49,12,19,18,2718.08
TXN008573,5,1,0,0,2,2,58696.1,108470.44,28,12,6,14,6182.04
TXN008574,6,1,1,1,0,0,68603.99,79940.35,46,10,22,44,3395.7
TXN008575,1,0,0,0,1,1,25979.83,60933.6,59,8,17,27,2501.13
TXN008576,0,0,1,0,2,1,83368.47,47271.5,41,3,17,29,4450.17
TXN008577,2,0,0,1,2,0,45244.11,46320.08,36,3,1,26,3265.63
TXN008578,1,0,1,0,0,2,98728.77,88689.01,22,0,15,9,5823.04
TXN008579,0,0,1,1,2,1,2816.89,33353.24,63,14,12,44,2445.77
TXN008580,4,0,1,0,0,1,38341.38,34470.86,58,14,16,30,1713.96
TXN008581,2,0,0,0,0,1,18457.27,11455.07,55,13,5,0,1164.56
TXN008582,4,0,0,0,1,1,55783.15,95865.93,18,10,22,49,3519.93
TXN008583,5,1,0,0,0,1,24698.91,149208.19,47,5,8,31,3624.61
TXN008584,0,0,1,1,2,1,73879.06,134490.71,29,5,2,15,5090.21
TXN008585,4,0,0,1,0,0,88245.65,108796.57,63,6,6,5,3967.8
TXN008586,5,1,1,0,2,2,21482.99,119973.54,21,8,4,1,4191.2
TXN008587,0,0,0,0,0,2,16487.42,68359.38,32,9,20,41,3064.47
TXN008588,0,0,0,1,1,2,87598.04,51731.14,34,9,6,1,5375.17
TXN008589,4,0,1,0,1,2,36446.56,61607.96,69,9,9,2,3566.66
TXN008590,0,0,1,1,0,0,43741.07,21399.09,29,8,21,18,2004.94
TXN008591,1,0,0,0,0,0,22486.47,98731.33,18,4,23,3,1979.12
TXN008592,0,0,0,0,0,2,42818.83,34481.1,30,1,9,40,4150.62
TXN008593,3,0,1,1,1,1,23514.36,116802.95,47,0,9,42,4060.15
TXN008594,5,1,1,0,0,2,66759.78,36596.7,27,1,5,17,4297.54
TXN008595,0,0,0,1,0,1,50138.2,41937.36,53,1,18,17,2909.25
TXN008596,3,0,1,1,2,1,78912.01,144022.79,23,11,17,46,5772.25
TXN008597,0,0,0,1,1,0,31616.45,24755.43,26,0,20,45,3526.17
TXN008598,0,0,0,1,1,1,50806.7,79837.96,67,11,14,44,4031.6
TXN008599,4,0,0,1,0,0,26322.57,18776.11,19,7,12,45,2627.68
TXN008600,1,0,1,1,0,2,93480.16,22654.74,23,2,19,20,5165.02
TXN008601,5,1,0,0,2,0,52432.6,98690.05,28,9,1,20,3399.71
TXN008602,1,0,0,1,0,1,17759.52,98301.82,43,13,21,38,2668.35
TXN008603,2,0,1,1,1,1,27640.18,37036.84,45,13,9,29,2776.77
TXN008604,4,0,1,0,2,1,8748.75,132148.11,30,9,22,40,3088.89
TXN008605,4,0,1,1,1,2,3267.69,108306.18,55,11,1,16,2123.12
TXN008606,1,0,0,0,0,0,52829.22,52085.48,29,7,2,4,1357.76
TXN008607,6,1,1,1,2,2,34043.73,44774.12,36,5,4,4,4885.31
TXN008608,4,0,1,1,1,0,96395.46,115599.94,35,0,14,8,5153.75
TXN008609,1,0,0,1,1,2,17547.47,112707.35,36,12,6,10,4091.41
TXN008610,4,0,0,0,1,2,79494.31,30836.47,45,13,14,37,4927.58
TXN008611,0,0,0,0,0,1,31939.16,58886.3,29,12,11,47,3020.11
TXN008612,1,0,0,1,0,2,22741.97,40334.81,49,6,2,39,3268.98
TXN008613,1,0,1,1,0,2,96978.86,51180.19,69,2,9,13,4934.85
TXN008614,3,0,0,0,0,0,80356.37,50258.95,30,8,3,37,3142.99
TXN008615,4,0,1,0,1,2,63246.78,146643.32,69,8,6,5,4895
TXN008616,4,0,0,0,2,1,69863.54,115029.59,40,3,10,13,5351.2
TXN008617,1,0,0,1,0,2,99142.46,119207.29,53,1,16,7,6748.25
TXN008618,0,0,1,0,2,0,59524.14,48839.24,47,9,19,29,2374.68
TXN008619,0,0,1,0,1,0,10639.09,10073.79,39,14,14,0,471.98
TXN008620,5,1,1,0,0,2,6954.18,18141.98,55,8,16,24,3957
TXN008621,0,0,0,0,1,2,66827.37,87419.97,62,4,13,12,5069.86
TXN008622,4,0,0,0,0,0,65931.31,49967.36,59,10,20,26,1811.91
TXN008623,6,1,1,0,0,1,74943.29,37013.64,20,14,11,24,3525.58
TXN008624,3,0,1,0,2,2,11323.48,16949.73,26,11,17,3,2832.82
TXN008625,1,0,0,1,1,1,94517.78,132623.44,32,7,12,46,6764.57
TXN008626,2,0,1,0,1,1,55340.26,94017.83,47,8,18,30,3778.66
TXN008627,3,0,1,1,1,2,65130.77,25032.25,43,10,4,48,4151.45
TXN008628,6,1,0,1,2,1,3967.81,117296.56,47,0,11,17,4876.91
TXN008629,2,0,1,0,2,0,96116.93,115815.58,22,10,7,16,4004.82
TXN008630,3,0,0,1,1,1,56477.89,50516.51,48,2,7,10,4293.75
TXN008631,0,0,0,1,1,0,56554.63,36379.76,39,6,8,11,3203.05
TXN008632,4,0,0,0,0,2,94383.75,123957.46,58,13,18,2,4685.59
TXN008633,6,1,1,1,0,1,92970.34,56139.06,32,1,18,14,5188.26
TXN008634,2,0,1,0,2,0,22419.71,128639.93,62,13,3,5,2255.26
TXN008635,6,1,1,0,0,0,93144.33,16111.23,52,3,5,4,2470.17
TXN008636,3,0,1,0,1,2,73793.82,79900.45,36,3,22,30,4365.09
TXN008637,4,0,0,0,1,1,2380.62,35143.34,51,6,11,7,2451.92
TXN008638,6,1,0,0,0,0,24364.39,104086.27,35,13,0,9,2635.07
TXN008639,2,0,1,0,0,0,41591.52,149609.93,31,14,17,2,1936.12
TXN008640,1,0,1,0,2,2,58490.83,67751.54,39,1,18,11,5238.85
TXN008641,3,0,1,1,0,1,70282.31,24043.48,41,7,16,27,3900.54
TXN008642,1,0,1,0,2,1,21415.93,54474.24,30,7,2,11,3004.34
TXN008643,0,0,0,1,0,0,83751.7,134810.91,25,12,3,41,4217.45
TXN008644,1,0,1,0,0,1,84648.67,117206.54,59,14,13,29,3198.45
TXN008645,1,0,0,0,0,1,63682.38,42509.63,19,5,5,18,3851.54
TXN008646,5,1,1,0,0,1,92148.84,143503.82,59,3,4,20,4500.8
TXN008647,3,0,1,1,1,1,81391.75,97106.31,44,1,5,16,4487.12
TXN008648,0,0,1,1,1,1,22551.55,33526.92,51,14,12,13,3033.26
TXN008649,1,0,0,1,1,1,79968.35,90125.1,46,2,8,38,5625.27
TXN008650,4,0,1,1,0,1,95343.61,73178.76,43,2,16,10,4073.47
TXN008651,2,0,0,1,2,0,14191.84,124757.67,40,11,14,28,3037.97
TXN008652,1,0,0,1,0,0,97880.44,58182.4,53,2,14,49,3829.12
TXN008653,0,0,1,0,1,1,2986.78,132496.96,26,3,18,6,3978.45
TXN008654,1,0,0,0,2,1,52455.64,123675.85,38,14,7,48,4308.37
TXN008655,2,0,0,1,2,2,77502.37,104444.48,59,14,8,0,5097.57
TXN008656,0,0,0,1,1,0,79148.59,46205.01,53,6,1,40,4081.53
TXN008657,3,0,1,1,0,2,73599.92,145846.14,20,8,13,6,5445.97
TXN008658,0,0,0,1,2,0,53170.46,86813.35,24,9,13,13,4065.57
TXN008659,3,0,0,1,2,2,65270.95,137051.96,40,12,4,15,6070.29
TXN008660,0,0,1,0,1,2,70143.25,40202.19,49,14,2,34,3373.97
TXN008661,6,1,1,0,2,2,49706.65,147672.96,40,3,9,15,6576.05
TXN008662,2,0,0,0,2,0,59770.66,124248.29,33,12,1,20,3134.81
TXN008663,2,0,0,0,2,0,84713.62,142891.76,22,6,12,12,4685.05
TXN008664,0,0,0,0,0,1,31631.46,39731.2,30,9,10,17,1955.75
TXN008665,6,1,0,0,0,0,52559.03,70292.13,27,5,10,28,3685.27
TXN008666,1,0,1,0,1,0,1343.73,23668.75,19,9,8,20,1176.57
TXN008667,2,0,1,0,0,0,68899.92,29175.74,33,8,20,8,1852.88
TXN008668,3,0,0,1,2,0,19940.85,49754.21,69,7,8,30,2796.43
TXN008669,3,0,1,1,0,1,48359.62,143227.59,18,1,11,36,5506.59
TXN008670,4,0,0,0,2,1,21415.42,103406.84,23,2,0,44,3462.16
TXN008671,5,1,1,0,2,0,2841.6,54048.52,36,5,19,16,2919.54
TXN008672,6,1,1,0,0,2,48580.44,143640.26,50,4,16,30,4844.22
TXN008673,5,1,0,1,0,2,42770.94,113562.4,45,1,4,23,5573.77
TXN008674,5,1,0,1,0,0,42802.38,136977.06,22,1,11,46,4912.52
TXN008675,3,0,0,0,0,1,21276.21,139810.91,29,4,10,46,3706.58
TXN008676,4,0,0,1,1,2,94746.86,115107.76,47,4,20,5,5557.9
TXN008677,5,1,1,0,0,1,848.96,44038.68,34,0,15,31,2682.03
TXN008678,5,1,1,0,1,1,89208.77,149522.45,36,14,6,30,5504.91
TXN008679,0,0,0,0,2,2,73821.74,55512.72,57,9,22,17,3755.79
TXN008680,0,0,1,0,1,0,17621.17,104038.8,59,10,7,47,2307.79
TXN008681,0,0,1,0,2,1,47483.1,128273.64,42,2,21,8,4568.13
TXN008682,1,0,0,1,1,2,98890.58,34521.14,52,8,18,2,5295.19
TXN008683,5,1,0,0,1,1,64547.97,95265.84,26,14,14,36,4692.97
TXN008684,1,0,1,0,2,2,13173.98,62524.19,49,9,4,6,2581.89
TXN008685,4,0,0,0,1,0,46035.4,44200.47,56,12,8,25,1394.63
TXN008686,6,1,0,0,2,0,47086.21,11648.05,55,2,20,12,2976.17
TXN008687,3,0,1,1,0,0,80325.2,132076.37,32,5,18,33,3687.74
TXN008688,5,1,1,0,2,1,91658.21,29023.42,62,5,12,42,5333.4
TXN008689,3,0,0,0,1,0,8683.03,132936.4,63,1,6,28,2326.81
TXN008690,6,1,1,1,0,0,31746.71,94096.68,54,6,0,32,2673.21
TXN008691,0,0,0,0,1,0,30194.59,96947.78,43,8,2,4,2059.44
TXN008692,5,1,0,0,0,0,99606.79,126011.25,48,8,6,35,4481.02
TXN008693,2,0,1,0,2,2,56143.1,81321.76,47,7,8,14,4457.86
TXN008694,1,0,1,0,0,2,88043.23,60019.84,19,13,3,9,3926.61
TXN008695,1,0,0,1,0,1,42890.27,29432.94,24,4,20,3,3302.02
TXN008696,5,1,0,0,0,2,72410.95,89858.15,47,7,7,38,5553.02
TXN008697,6,1,0,0,1,2,29015.27,87443.39,50,8,19,36,4481.09
TXN008698,0,0,1,1,0,2,91222.71,51145.51,65,0,17,46,5534.72
TXN008699,1,0,0,0,2,2,45787.05,94007.97,56,0,22,36,5177.3
TXN008700,0,0,1,0,2,2,80470.69,71511.36,64,10,1,44,4403.6
TXN008701,4,0,0,1,2,0,25953.78,122774.22,55,12,13,37,3545.27
TXN008702,3,0,1,0,0,1,69513.63,88328.08,37,4,5,31,3643.27
TXN008703,6,1,0,1,2,2,40813.26,140715,36,6,6,23,7576.74
TXN008704,2,0,1,0,1,2,3628.22,82517.62,26,12,23,19,2604.17
TXN008705,3,0,0,1,2,1,41594.32,134249.34,39,8,20,47,5778.02
TXN008706,3,0,0,0,0,2,55227.15,82873.52,49,8,0,40,2628.5
TXN008707,4,0,0,0,2,2,15600.28,88124.87,47,13,15,37,3937.17
TXN008708,1,0,0,1,0,1,18799.35,61353.12,23,2,2,39,3617.91
TXN008709,2,0,1,0,0,0,46753.85,66023.68,34,0,14,3,2619.99
TXN008710,1,0,1,1,2,0,34601.61,140634.21,54,2,21,40,4399.38
TXN008711,5,1,1,1,1,1,44353.68,41259.54,32,7,10,10,4144.17
TXN008712,3,0,1,1,1,0,46352.29,27004.08,24,6,4,10,3041.61
TXN008713,5,1,1,1,2,0,14437.57,126229.53,31,4,16,15,3950.74
TXN008714,0,0,0,0,0,0,18528.86,90767.51,37,10,15,40,1903.41
TXN008715,3,0,1,1,2,0,84892.46,49850.62,47,9,19,0,3611.03
TXN008716,1,0,1,0,0,2,16690.51,70536.03,35,11,20,32,2180.05
TXN008717,3,0,1,0,0,1,66758.48,83486.73,39,14,17,6,2506.21
TXN008718,0,0,1,1,0,0,42143.54,92899.64,42,8,4,2,1425.97
TXN008719,4,0,0,1,1,0,96839.55,124947.14,41,12,18,6,3777.7
TXN008720,5,1,0,0,1,1,7077.38,65209.33,48,3,7,0,3956.74
TXN008721,5,1,0,1,2,2,83123.69,104710.44,66,5,13,32,7361.94
TXN008722,1,0,0,0,1,0,49399.2,126867.38,35,11,10,6,2915.14
TXN008723,3,0,1,1,0,0,1032.56,128128.28,51,4,14,3,2673.84
TXN008724,1,0,1,0,0,2,26734.19,45594.33,35,5,0,17,2845.5
TXN008725,4,0,0,0,2,1,41065.84,59024.23,31,14,19,36,4020.45
TXN008726,3,0,0,1,0,0,31762.38,93286.84,21,3,11,13,2588.33
TXN008727,3,0,1,0,2,0,36563.72,134008.13,24,2,10,14,4544.5
TXN008728,1,0,1,0,2,1,91708.85,120662.45,24,14,14,24,4336.42
TXN008729,1,0,0,1,0,2,36412.94,91754.81,18,4,8,17,4856.47
TXN008730,0,0,0,1,1,1,42173.52,147722.71,57,4,11,3,5000.23
TXN008731,6,1,0,1,0,0,76232.59,71458.21,69,13,0,1,3342.79
TXN008732,6,1,0,1,0,2,79486.44,127943.08,41,10,21,42,6161.87
TXN008733,4,0,1,1,2,2,8866.92,124578.85,49,1,21,25,5009.72
TXN008734,6,1,1,0,1,2,70554.97,137125.36,27,9,1,19,4942.23
TXN008735,0,0,1,0,2,1,48515.91,148274.97,26,3,16,14,4238.01
TXN008736,5,1,0,1,0,1,13818.46,79397.54,56,12,0,5,2134.79
TXN008737,3,0,1,0,2,1,26838.7,37388.15,20,2,9,36,4328.3
TXN008738,1,0,1,0,2,0,4981.03,74525.35,61,13,12,42,1828
TXN008739,3,0,0,0,0,1,36343.6,129543.88,52,6,14,41,4276.81
TXN008740,3,0,0,0,2,2,25912.94,127054.93,22,4,4,12,4661.84
TXN008741,2,0,0,0,0,0,38519.29,57035.79,24,14,10,15,1924.89
TXN008742,5,1,0,1,2,0,58243.88,16622.95,29,5,20,41,4698.21
TXN008743,2,0,0,1,1,0,73367.79,81377.89,40,13,6,37,4149.24
TXN008744,6,1,0,0,0,2,60732.52,76374.13,42,10,3,1,3974.06
TXN008745,3,0,1,0,1,1,67998.54,22006.96,34,14,19,0,2224.04
TXN008746,1,0,1,1,2,2,86631.09,121284.59,31,6,10,4,6862.32
TXN008747,3,0,1,1,1,1,87445.53,49702.64,52,1,6,29,3920.09
TXN008748,5,1,1,1,1,0,86141.58,100405.29,18,9,13,30,5164.63
TXN008749,2,0,1,1,1,0,15740.31,24208.3,39,3,6,42,1802.46
TXN008750,1,0,1,0,2,2,25481.38,130498.44,45,13,23,31,3617.83
TXN008751,3,0,0,1,0,1,50481.37,113498.43,40,14,9,2,3231.45
TXN008752,4,0,0,1,2,0,36194.56,64379.18,35,5,15,2,3933.58
TXN008753,5,1,0,0,2,2,13601.06,98128.45,63,2,6,41,5579.79
TXN008754,5,1,1,1,2,2,29131.15,36243.54,62,5,21,4,4445.82
TXN008755,4,0,1,1,0,1,97555.16,147959.15,61,9,10,34,4536
TXN008756,3,0,0,1,2,1,35019.21,121455.13,54,14,18,21,4116.27
TXN008757,5,1,0,1,2,1,42181.95,120451.6,20,0,3,31,6875.17
TXN008758,1,0,0,1,0,0,1136.94,31473.23,31,7,1,22,790.36
TXN008759,3,0,0,0,0,2,72081.78,12482.69,56,9,15,37,2910.16
TXN008760,3,0,0,0,0,1,41648.23,91951.99,24,4,1,41,2460.21
TXN008761,2,0,1,0,1,2,10762.44,30176.89,34,13,7,7,1568.16
TXN008762,5,1,1,0,0,0,96871.4,119260.68,23,13,10,3,3867.13
TXN008763,5,1,1,0,1,0,77854.6,68250.66,64,13,5,5,2302.44
TXN008764,4,0,0,1,1,1,72751.93,57403.19,36,10,20,26,3959.09
TXN008765,2,0,1,1,2,0,95808.3,20310.9,32,13,17,44,4058.93
TXN008766,6,1,0,1,1,2,41044.27,149449.11,56,0,16,18,5803.95
TXN008767,2,0,1,1,2,2,71994.09,143841.51,22,13,18,41,6443.03
TXN008768,5,1,0,1,1,0,21017.69,28423.57,32,9,10,43,4045.57
TXN008769,3,0,0,1,0,0,69863.49,56593.62,69,9,5,43,3584.04
TXN008770,2,0,1,1,2,0,1900.87,64710.26,62,14,11,28,2609.74
TXN008771,4,0,1,1,1,2,13067.39,51552.15,43,10,11,37,4576.95
TXN008772,2,0,1,1,2,0,42813.26,140825.6,56,0,11,43,5021.54
TXN008773,4,0,1,1,0,1,1703.22,110987.86,62,10,4,5,2276.34
TXN008774,6,1,1,1,1,1,46465.6,143828.3,30,9,5,2,4822.12
TXN008775,2,0,0,1,1,2,52517.78,132430.76,48,14,14,31,5329.78
TXN008776,4,0,1,1,0,0,62349.86,115635.81,30,11,6,47,3368.35
TXN008777,2,0,1,0,1,0,10488.47,107575.39,40,2,6,15,1730.33
TXN008778,6,1,0,1,1,0,18510.69,131262.75,57,5,2,32,3331.13
TXN008779,2,0,1,0,2,1,61521.7,105780.99,49,1,23,1,4746.84
TXN008780,1,0,0,1,1,1,65989.68,36420.77,54,7,7,42,4241.06
TXN008781,4,0,1,1,0,1,3077.07,100737.71,21,10,10,25,3357.05
TXN008782,6,1,1,1,1,1,54266.55,82100.23,34,9,18,34,4579.62
TXN008783,4,0,0,0,2,1,78605.68,147465.25,37,6,21,27,4904.78
TXN008784,4,0,1,0,1,2,7375.54,81395.18,63,10,0,42,2297.14
TXN008785,0,0,1,1,2,2,41610.7,15383.7,28,1,1,48,5015.12
TXN008786,6,1,1,1,1,0,32987.87,46986.53,59,0,17,10,4171.46
TXN008787,2,0,1,1,2,0,91409.73,138433.45,50,6,20,45,5237.02
TXN008788,4,0,0,1,2,1,18987.34,144729.89,56,12,21,23,4193.51
TXN008789,5,1,0,0,1,0,32176.86,111989.8,23,12,18,15,3285.98
TXN008790,0,0,1,0,0,2,89895.25,17960.95,56,6,19,24,4114.84
TXN008791,1,0,1,1,0,2,33400,13295.79,64,2,12,22,4009.37
TXN008792,4,0,0,0,1,0,53369.07,77143.3,55,13,17,38,2189.72
TXN008793,4,0,0,0,1,1,3787.02,149954.12,35,9,18,34,3518.51
TXN008794,0,0,1,1,1,2,98497.79,131701.54,19,12,7,24,5553.74
TXN008795,2,0,0,1,1,0,82582.2,140635.07,58,7,14,40,5224.5
TXN008796,5,1,0,1,1,1,63622.89,97295.81,55,7,20,38,5137.67
TXN008797,1,0,0,0,0,0,6545.15,130277.46,34,4,17,44,2269.77
TXN008798,4,0,0,1,2,1,7949.56,54757.77,41,6,9,32,3075.57
TXN008799,2,0,1,0,2,1,54724.88,13830.96,47,2,14,21,4126.01
TXN008800,6,1,0,1,0,2,28863.91,138555.09,60,5,9,9,5384.95
TXN008801,5,1,1,1,0,2,62467.55,40580.29,41,2,17,0,5060.58
TXN008802,6,1,1,0,2,0,60020.15,111988.09,21,10,19,45,4848.01
TXN008803,5,1,0,0,0,0,83945.81,102255.42,24,11,5,37,3701.74
TXN008804,1,0,1,0,1,1,28497.02,32142.9,32,8,0,21,1454.09
TXN008805,3,0,1,0,0,2,57997.42,37409.06,47,6,13,31,3708.76
TXN008806,5,1,0,0,0,1,77847.65,56070.15,46,0,19,22,5095.9
TXN008807,3,0,0,0,0,1,49331.91,115970.29,66,7,2,29,3129.19
TXN008808,6,1,0,1,0,1,83149.04,15494.19,61,8,0,22,4309.03
TXN008809,5,1,1,0,2,1,13561.98,66989.62,62,9,21,42,3541.89
TXN008810,1,0,1,0,2,1,73522.83,103115.85,30,1,9,46,5640.56
TXN008811,0,0,1,1,2,1,94326.72,34005.93,57,0,16,11,5515.48
TXN008812,1,0,1,0,2,0,33522.39,26718.42,56,14,0,18,824.86
TXN008813,1,0,0,0,1,2,36950.48,64629.71,46,14,15,6,2723.31
TXN008814,0,0,1,1,1,2,8813.19,50118.29,43,10,22,26,2915.05
TXN008815,0,0,0,1,2,1,64328.53,100873.39,53,3,0,25,5140.84
TXN008816,2,0,0,1,2,1,55468.85,145739.6,52,8,2,17,4532.98
TXN008817,5,1,0,0,2,1,4514.4,10625.65,66,5,4,27,2524.12
TXN008818,6,1,0,1,0,2,75345.1,136333.19,65,10,18,10,5349.84
TXN008819,2,0,1,0,1,2,83013.81,70651.23,36,12,21,1,4285.93
TXN008820,0,0,0,1,1,1,90758.4,102961.08,19,11,13,16,5428.04
TXN008821,3,0,1,0,0,2,54800.54,129143.78,31,9,13,45,4352.06
TXN008822,6,1,0,1,0,1,45531.71,90284.21,33,7,17,28,4291.4
TXN008823,3,0,0,1,0,1,87675.65,23623.66,66,6,6,31,3889.87
TXN008824,1,0,0,1,1,1,40170.33,29683.32,53,4,19,49,3869.3
TXN008825,4,0,1,0,0,0,65716.59,120499.21,57,4,10,14,3131.83
TXN008826,1,0,0,0,0,2,61728.54,42073.75,58,13,21,17,3701.97
TXN008827,1,0,0,1,0,2,37530.03,89665.27,48,5,9,27,4689.8
TXN008828,4,0,0,1,2,2,9145.55,69931.27,65,14,11,26,3589.59
TXN008829,5,1,0,1,0,1,2630.85,52509.46,65,5,9,40,2928.68
TXN008830,0,0,1,1,2,0,43109.66,120175.46,66,4,5,46,3875.13
TXN008831,3,0,1,0,1,1,48379.56,112370.33,52,7,7,32,3423.53
TXN008832,1,0,0,1,1,1,82356.49,100455.24,39,2,6,43,5983.19
TXN008833,4,0,0,1,1,1,41733.96,62173.99,38,8,12,49,3979.16
TXN008834,2,0,1,0,2,0,28475.41,41705.85,45,4,20,9,1789.82
TXN008835,1,0,1,0,0,1,46478.6,82225.29,34,8,22,23,2617.04
TXN008836,3,0,1,1,1,1,24180.05,124394.57,67,4,11,33,3814.98
TXN008837,0,0,0,1,0,0,9590.38,90593.1,35,2,11,42,3333.36
TXN008838,1,0,1,0,2,1,11747.78,145819.55,49,8,21,26,2979.74
TXN008839,1,0,0,0,1,1,32255.87,12161.25,40,1,12,19,2987.96
TXN008840,5,1,1,1,0,2,1761.3,149768.55,23,11,20,40,4270.13
TXN008841,4,0,1,0,0,0,22410.23,106797.27,46,12,8,24,1620.71
TXN008842,2,0,0,0,1,2,78858.55,126574.36,23,4,19,48,5870.34
TXN008843,2,0,1,1,0,1,23844.41,56893.33,50,2,6,25,2467.15
TXN008844,6,1,0,1,2,0,11517.59,81167.79,65,6,15,42,3664.89
TXN008845,0,0,1,0,1,0,94933.52,121578.49,49,3,22,20,3658.08
TXN008846,6,1,0,1,1,1,62435.78,116490.93,34,14,18,49,4797.45
TXN008847,3,0,1,1,1,2,6472.58,56764.82,21,13,23,12,2496.42
TXN008848,0,0,1,1,1,1,6693.27,55417.43,65,7,10,48,3040.59
TXN008849,1,0,0,1,2,0,61406.15,102793.57,48,0,4,32,4403.07
TXN008850,1,0,0,1,2,0,54242.82,140712.29,39,4,16,9,5231.35
TXN008851,2,0,0,0,0,1,7303.29,71430.04,44,7,0,27,2163.8
TXN008852,3,0,0,0,2,1,22819.39,59411.85,38,1,4,32,4223.9
TXN008853,4,0,1,1,0,1,92939.77,135256.19,37,5,1,10,4703.88
TXN008854,3,0,1,1,0,1,57415.08,105627.85,51,6,1,13,3408.31
TXN008855,1,0,1,1,1,2,44312.38,64358.64,40,5,11,19,4710.79
TXN008856,4,0,1,0,0,2,25390.46,18018.67,61,9,21,35,2050.97
TXN008857,3,0,1,0,1,2,13802.96,111008.5,33,2,4,40,3834.15
TXN008858,3,0,1,0,0,2,40561.85,59404.11,23,5,10,19,3535.24
TXN008859,4,0,0,0,2,0,92275.47,19879.27,33,6,12,7,3863.74
TXN008860,1,0,1,1,1,0,5346.78,95720.47,24,12,17,14,2435.56
TXN008861,3,0,1,1,0,2,99102.39,55220.96,31,2,13,32,4943.22
TXN008862,4,0,0,0,2,1,21177.37,57383.91,20,11,4,18,3061.79
TXN008863,5,1,1,0,2,0,41172.35,77083.82,50,9,10,47,4249.07
TXN008864,5,1,1,1,1,1,4982.61,110446.47,66,1,3,11,3728.11
TXN008865,1,0,1,1,1,2,58685.83,48686.27,69,2,21,16,4221.8
TXN008866,4,0,0,1,1,0,48613.75,21332.43,53,11,16,32,1870.2
TXN008867,5,1,0,1,0,0,66837.35,69419.6,56,13,13,19,3542.5
TXN008868,4,0,1,1,1,0,54496.47,17689.56,46,0,2,45,2461.36
TXN008869,3,0,0,0,2,0,40118.69,107617.59,56,6,20,30,3097.21
TXN008870,1,0,1,1,2,2,73906.79,144294.09,21,3,23,37,6416.54
TXN008871,5,1,1,0,1,0,2989.6,102226.23,56,2,1,18,2194.33
TXN008872,6,1,1,0,1,2,54332.39,48554.66,57,13,7,18,3851.59
TXN008873,3,0,0,1,2,0,11830.68,35438.33,58,5,23,43,2685.32
TXN008874,6,1,1,0,0,2,43882.83,42589.7,39,13,15,12,3333.2
TXN008875,6,1,1,0,2,2,79216.97,41025.4,32,2,5,37,6096.09
TXN008876,0,0,1,1,2,1,14674.84,53936.27,21,11,20,48,2654.98
TXN008877,0,0,1,0,2,2,93613.13,23628.53,35,10,6,0,4315.49
TXN008878,1,0,1,1,1,1,88906.22,135400.67,61,9,21,10,3609.03
TXN008879,5,1,0,1,0,0,41783.05,133916.87,40,2,14,26,4596.47
TXN008880,5,1,1,0,0,1,1094.5,96133.08,55,8,8,36,3509.69
TXN008881,5,1,0,1,1,2,79079.61,18668.85,21,1,17,38,6907.87
TXN008882,4,0,1,1,2,1,88149.13,122560.1,21,14,11,0,4582.55
TXN008883,3,0,0,0,1,0,17886.44,18650.4,35,4,5,14,1551.97
TXN008884,5,1,1,1,1,1,91661.12,24898.97,18,9,11,17,5076.83
TXN008885,3,0,1,0,0,2,91452.68,55541.49,49,14,6,42,3817.06
TXN008886,1,0,0,0,0,2,47393.44,70405.84,38,9,14,24,4012.17
TXN008887,6,1,0,1,1,0,79904.46,59544.45,55,1,0,0,4895.29
TXN008888,5,1,1,0,1,0,44772.32,33132.17,43,5,14,18,2674.98
TXN008889,1,0,0,1,0,1,56622.6,25698.16,58,3,13,33,3781.63
TXN008890,5,1,0,0,0,0,32323.98,130318.13,66,6,12,9,2494.38
TXN008891,0,0,1,1,2,2,16367.2,60845.37,38,12,23,11,3464.72
TXN008892,2,0,1,1,1,1,74780.39,40603.91,60,0,20,38,4558.71
TXN008893,1,0,1,0,2,1,638.59,78178.79,46,7,13,44,3117.58
TXN008894,5,1,1,0,2,1,58165.49,15155.28,58,1,14,1,4606.29
TXN008895,2,0,1,1,2,1,86536.26,94039.37,60,14,20,31,4096.65
TXN008896,1,0,0,1,0,0,22517.09,44788.54,49,14,8,25,1030.41
TXN008897,4,0,1,0,2,1,33623.5,93747.5,21,3,17,19,3744.67
TXN008898,5,1,0,1,0,1,58954.84,95977.52,30,10,5,5,4591.88
TXN008899,4,0,1,1,0,1,25063.59,123291.39,68,12,19,6,2933.4
TXN008900,0,0,1,0,0,2,84824.94,42186.67,52,6,3,1,2979.97
TXN008901,5,1,0,0,1,2,36977.02,74885.05,44,13,7,16,3970.03
TXN008902,6,1,1,1,2,0,58370.57,144664.23,18,14,18,25,5030.16
TXN008903,0,0,0,0,0,2,22999.05,111797.48,66,7,10,30,4916.44
TXN008904,2,0,0,0,1,2,4617.94,146548.13,66,8,7,33,3683.78
TXN008905,1,0,0,1,1,0,17783.18,139831.2,56,4,9,17,3984.59
TXN008906,3,0,1,0,1,0,5096.79,95504.8,31,8,4,40,1815.57
TXN008907,0,0,1,0,0,1,47126.09,46950.25,54,8,1,42,1730.89
TXN008908,3,0,1,1,0,1,58870.42,115969.38,47,2,11,13,3800.35
TXN008909,3,0,1,0,0,0,4945.18,107736.69,31,6,20,4,1184.69
TXN008910,1,0,1,1,1,1,9502.98,92444.62,28,7,19,22,3589.21
TXN008911,2,0,1,0,0,1,48809.74,107696.09,48,0,5,0,2880.22
TXN008912,1,0,0,0,2,1,80018.4,95902.1,45,10,10,19,4717.93
TXN008913,5,1,1,1,0,0,62986.91,82713.06,44,9,18,1,3015.37
TXN008914,0,0,1,0,0,2,10918.67,68233.77,20,4,17,42,3108.66
TXN008915,3,0,1,0,2,2,88810.46,16259.17,23,0,6,45,4973.03
TXN008916,1,0,1,0,0,0,91786.3,131196.31,56,2,16,36,4834.99
TXN008917,1,0,0,0,0,0,32833.2,131175.68,36,1,20,0,2831
TXN008918,1,0,0,0,0,1,61793.77,93166.62,58,12,20,9,2466.97
TXN008919,0,0,0,0,0,0,49486.55,47503.8,51,1,3,49,2976.07
TXN008920,2,0,0,1,1,0,94231.36,13938.35,45,3,2,4,3437.82
TXN008921,6,1,0,0,0,0,51120.48,10200.03,29,4,3,40,2993.06
TXN008922,1,0,1,0,2,0,96016.6,20207.03,56,10,13,44,4022.4
TXN008923,0,0,0,1,2,1,20334.58,60384.09,27,0,8,12,5170.02
TXN008924,3,0,0,1,1,1,34880.91,36375.43,69,10,22,3,1943.95
TXN008925,5,1,1,1,0,0,78243.85,47108.13,64,5,17,23,3706.04
TXN008926,6,1,1,0,2,0,78469.27,107952.45,42,10,17,47,5284.74
TXN008927,4,0,0,1,1,2,73352.24,144280.97,40,10,15,26,5492.32
TXN008928,6,1,1,1,0,2,86031.34,38948.62,43,4,11,35,5602
TXN008929,6,1,1,0,1,0,70403.34,75190.15,36,12,7,42,3517.26
TXN008930,0,0,0,1,0,2,63790.47,148807.12,55,3,8,35,5944.32
TXN008931,4,0,1,0,1,2,46163.04,140434.42,37,5,17,1,4863.61
TXN008932,1,0,0,0,1,1,46975.23,59324.28,62,1,5,31,4057.77
TXN008933,1,0,0,0,2,1,40913.07,54756.47,69,7,13,16,3503.89
TXN008934,6,1,1,0,2,1,62211.07,43903.89,61,5,5,11,3821.96
TXN008935,0,0,0,0,1,2,40963.06,31756.4,35,14,6,11,2854.99
TXN008936,4,0,0,1,0,0,15175.68,74407.29,65,2,4,20,1794.48
TXN008937,1,0,1,0,0,1,11099.7,57756.87,28,3,2,7,1476.72
TXN008938,3,0,1,1,0,2,92484.99,114277.26,42,11,9,21,5341.05
TXN008939,2,0,1,0,0,0,2961.52,43161.31,60,12,15,9,100
TXN008940,2,0,1,1,0,1,10993.99,113086.51,18,1,10,19,3539.63
TXN008941,1,0,0,0,2,2,44807.84,50340.52,49,3,2,27,4695.88
TXN008942,4,0,1,0,1,1,26661.16,92982.03,50,8,14,24,3216.86
TXN008943,5,1,1,0,2,2,40881.97,99380.21,24,3,11,48,5885.51
TXN008944,1,0,0,1,0,1,12186.01,104049.4,48,12,21,27,2149.28
TXN008945,5,1,0,1,1,2,13525.24,34547.46,43,7,0,3,4366.15
TXN008946,5,1,0,1,0,0,80165.46,49579.59,24,2,12,44,5189.02
TXN008947,4,0,0,0,0,1,76031.32,44456.2,53,12,15,25,2555.03
TXN008948,5,1,1,0,1,1,10873.16,90662.46,63,14,23,12,2072.65
TXN008949,3,0,1,1,0,2,66945.15,20604.5,41,4,6,18,4449.54
TXN008950,4,0,0,0,2,0,61126.48,82555.9,22,1,6,33,4040.47
TXN008951,1,0,0,1,2,0,71479.59,22245.39,39,13,5,44,3151.1
TXN008952,6,1,0,0,2,1,47707.67,57187.84,61,8,2,15,4014.28
TXN008953,3,0,0,1,0,2,27363.69,106138.85,53,8,11,44,3832.75
TXN008954,0,0,1,1,2,1,66536.08,67758.97,20,13,8,3,3949.01
TXN008955,2,0,0,0,0,2,37450.06,49247.86,67,9,10,19,2747.47
TXN008956,1,0,1,1,0,0,22285.81,96220,54,6,5,40,1280.14
TXN008957,1,0,0,0,2,1,41158.59,113637.68,55,1,11,25,4807.8
TXN008958,1,0,1,0,2,2,76445.35,45641.89,63,3,15,43,5345.34
TXN008959,3,0,1,0,0,0,47841.42,51915.99,23,14,21,37,2071.09
TXN008960,0,0,1,1,0,2,30336.49,99641.15,69,5,21,29,3836.83
TXN008961,6,1,1,1,0,1,83270.93,145131.26,42,8,21,5,4591.3
TXN008962,4,0,0,1,0,2,88223.55,39942.02,40,12,5,37,4248.15
TXN008963,0,0,1,0,2,1,43608.42,101594.67,29,5,11,12,4957.59
TXN008964,3,0,0,0,0,0,37781.46,136922.58,45,3,3,35,3061.41
TXN008965,1,0,1,1,0,2,61463.55,74675.35,61,0,17,16,5020.28
TXN008966,2,0,1,0,0,0,6268.46,54358.19,57,14,16,26,129.6
TXN008967,1,0,0,0,0,0,69286.65,103361.95,49,6,7,34,3077.9
TXN008968,4,0,0,1,0,1,78337.62,14400.45,69,6,12,39,3703.17
TXN008969,5,1,1,1,1,1,40045.47,60422.48,42,5,4,32,4753.27
TXN008970,2,0,1,0,1,0,17874.28,46116.36,51,2,2,17,1347.26
TXN008971,1,0,0,0,1,1,3367.43,41447.04,47,4,18,19,2642.9
TXN008972,6,1,1,1,2,0,63905.94,35166.3,54,6,4,32,4209.51
TXN008973,2,0,0,1,0,1,27264.84,113188.86,35,5,17,30,3416.93
TXN008974,5,1,0,0,2,1,46657.01,143713.97,52,6,5,36,5484.13
TXN008975,0,0,0,0,0,2,38942.37,63867.89,65,4,8,18,3889.22
TXN008976,3,0,1,0,1,2,17901.04,16874.46,54,11,16,32,2449.21
TXN008977,1,0,1,1,0,1,51082.68,110647.65,58,0,10,16,4056.67
TXN008978,4,0,0,0,2,0,46229.56,85348.61,23,9,14,32,4197.56
TXN008979,0,0,0,0,2,0,62602.69,111310.25,36,10,18,35,4031.11
TXN008980,1,0,0,0,0,0,25562.56,100706.58,39,4,15,4,1750.67
TXN008981,0,0,0,0,2,1,21856.59,136761.04,49,1,0,39,3989.2
TXN008982,4,0,1,0,1,1,81527.33,29661.63,44,9,14,46,3714.31
TXN008983,1,0,0,0,0,0,70368.13,33682.66,33,9,20,44,2408.32
TXN008984,5,1,1,1,1,2,77334.54,57819.69,43,1,4,26,6259.27
TXN008985,5,1,0,1,1,2,12767.34,78794.43,56,3,19,6,4793.76
TXN008986,4,0,1,1,2,0,22791.94,139599.93,21,13,4,13,3127.09
TXN008987,2,0,1,0,0,1,57765.39,136974.99,33,5,15,3,3685.69
TXN008988,4,0,1,1,1,1,85791.53,132062.1,69,4,7,49,5709.24
TXN008989,2,0,1,0,1,0,89265.41,41153.77,66,6,23,17,2048.08
TXN008990,1,0,1,0,0,2,83275.04,112154.69,36,9,5,33,4363.22
TXN008991,2,0,0,0,2,0,4818.1,63688.84,45,14,11,48,2237.43
TXN008992,1,0,0,0,1,0,82177.48,140365.61,34,7,3,15,3676.95
TXN008993,1,0,1,0,0,0,89959.57,40035.02,62,9,15,26,2459.5
TXN008994,6,1,0,1,0,2,6146.53,29776.11,19,0,10,37,5020.26
TXN008995,3,0,0,1,1,0,41919.95,127933.92,19,12,12,19,2930.2
TXN008996,1,0,0,1,1,2,53892.73,110367.06,41,14,19,45,4870.09
TXN008997,2,0,0,0,1,1,23658.66,124999.03,44,7,14,18,4150.07
TXN008998,3,0,0,1,2,2,51910.22,32112.07,21,13,20,0,4887.9
TXN008999,3,0,0,0,2,2,88652.6,133870.98,65,2,4,43,6584.75
TXN009000,1,0,0,1,0,0,86760.78,104866.85,53,9,12,22,4361.89
TXN009001,4,0,1,1,0,1,94013.81,101218.51,37,11,1,47,3946.26
TXN009002,4,0,0,1,1,0,48668.92,91561.74,29,13,11,8,3461.81
TXN009003,5,1,0,1,0,2,41351.41,117082.71,45,9,5,27,5218.39
TXN009004,3,0,0,1,2,2,66745.89,68185.16,46,1,22,19,5934.25
TXN009005,1,0,1,1,0,0,41967.68,28594.97,69,13,2,15,1583.23
TXN009006,6,1,1,0,0,1,4673.49,85497.08,63,1,9,12,3414.37
TXN009007,4,0,0,0,1,2,72132.18,114734.27,50,4,19,32,5107.99
TXN009008,6,1,1,0,1,2,28457.9,31510.64,66,12,3,2,3411.4
TXN009009,1,0,1,0,2,2,5383.99,41362.89,35,1,9,14,3885.49
TXN009010,1,0,0,0,0,1,2551.8,107516.39,29,3,6,15,3026.93
TXN009011,3,0,1,1,0,0,93170.45,47751.13,27,2,17,29,3781.49
TXN009012,6,1,0,0,0,1,25581.56,33791.72,41,14,20,24,2534.5
TXN009013,5,1,1,0,1,1,45065.97,134514.89,64,7,21,13,4131.06
TXN009014,3,0,0,0,2,2,95082.36,32525.35,34,8,13,0,5594.58
TXN009015,0,0,1,0,0,1,47017.94,58180.8,60,10,17,32,2016.22
TXN009016,6,1,0,0,0,2,8321.63,69980.24,49,13,0,36,3056.49
TXN009017,4,0,0,0,0,1,55417.64,76659.6,42,11,22,28,1579.46
TXN009018,4,0,1,0,0,1,9275.77,60583.39,69,13,23,36,469.98
TXN009019,4,0,0,0,2,0,9961.24,137755.39,24,13,20,7,2008.65
TXN009020,2,0,0,0,2,1,85221.97,102207.53,37,13,20,0,4331.48
TXN009021,1,0,1,1,2,0,29297.44,60329.25,46,5,16,23,3663.79
TXN009022,3,0,0,0,1,2,68027.68,60080.76,36,3,2,49,4747.69
TXN009023,4,0,0,0,0,2,51137.97,80413.35,28,10,14,0,4169.18
TXN009024,0,0,1,1,0,0,22621.51,14712.85,50,10,13,45,1234.82
TXN009025,4,0,0,1,0,2,52023.12,139730,67,13,6,42,3907.18
TXN009026,5,1,1,0,0,2,7364.86,41263.31,32,1,9,9,3894.19
TXN009027,1,0,0,0,2,1,35047.63,107662.96,48,10,7,17,4210.75
TXN009028,6,1,1,0,1,0,52522.2,118881.18,30,7,10,20,4101.43
TXN009029,1,0,1,1,1,2,23225.24,125833.62,65,14,4,9,4151.72
TXN009030,6,1,0,0,0,0,66188.72,33189.92,36,13,2,21,2469.03
TXN009031,6,1,1,1,2,1,5655.29,85137.03,23,2,19,44,5228.55
TXN009032,3,0,0,1,1,2,48738.58,21714.41,45,1,8,8,4489.79
TXN009033,2,0,0,1,1,2,71642.08,122670.93,39,3,18,8,5408.28
TXN009034,6,1,1,1,0,0,43279.63,78103.21,45,12,6,39,2939.94
TXN009035,6,1,0,1,1,2,87521.35,32188.47,33,1,0,44,6814.67
TXN009036,3,0,0,0,0,0,63403.18,110615.05,67,2,9,38,3455.58
TXN009037,4,0,1,0,2,2,95870.05,56363.78,50,8,11,20,4979.55
TXN009038,5,1,0,1,0,1,28770.12,26030.92,67,6,14,30,3203.71
TXN009039,0,0,0,1,1,1,93909.54,74550.34,58,10,20,1,4449.21
TXN009040,3,0,1,1,0,0,60878.85,42934.52,62,14,21,23,1081.92
TXN009041,2,0,0,1,0,2,74645.3,143031.06,65,0,10,32,6216
TXN009042,3,0,0,0,0,2,90265.03,60590.63,68,9,5,10,3581.73
TXN009043,1,0,1,1,0,0,55344.12,90143.41,43,4,2,0,2454.05
TXN009044,4,0,0,1,0,1,86286.99,142770.54,40,4,8,48,5890.29
TXN009045,4,0,0,0,0,1,54398.85,65120.97,18,8,16,7,2729.21
TXN009046,6,1,1,0,1,1,60120.29,60137.76,46,11,22,8,3246.4
TXN009047,4,0,0,0,0,0,44787.31,32736.79,25,0,18,20,1882.23
TXN009048,4,0,0,0,1,1,14991.04,141362.5,59,0,1,46,3633.22
TXN009049,4,0,1,1,0,0,55573.57,122104.27,56,13,20,21,2621.31
TXN009050,4,0,1,1,2,1,97756.1,40941.54,20,9,4,28,5221.1
TXN009051,0,0,0,1,0,1,78825.01,56574.42,30,6,17,39,4880.95
TXN009052,2,0,0,1,1,0,74876.1,138087.65,37,6,11,2,4906.83
TXN009053,6,1,1,1,1,2,64509.23,85219.14,60,10,23,48,4954.66
TXN009054,4,0,0,1,2,2,35116.91,87886.8,69,14,14,24,3767.05
TXN009055,6,1,0,1,0,2,17376.71,100740.23,22,7,13,17,5436.2
TXN009056,2,0,0,1,2,1,22842.88,116702.93,62,3,1,10,3849.05
TXN009057,5,1,1,1,0,1,1129.05,141499.98,29,13,23,29,2513.93
TXN009058,4,0,0,0,0,2,67511.3,122311.51,65,6,21,24,4926.97
TXN009059,6,1,0,1,1,1,81281.82,140836.89,34,5,9,10,6424.78
TXN009060,3,0,1,0,2,1,27256.68,124885.37,31,14,19,33,3544.58
TXN009061,6,1,1,0,2,2,9639.11,16500.77,43,0,2,23,4149.04
TXN009062,4,0,1,0,1,0,33904.84,26454.85,47,1,8,47,2476.88
TXN009063,1,0,0,0,1,2,29559.1,133885.01,59,7,14,31,4315.22
TXN009064,0,0,0,1,2,2,45362.2,13877.5,62,5,21,2,3907.5
TXN009065,3,0,1,0,1,0,26778.15,121184.45,49,6,20,44,3487.6
TXN009066,3,0,0,0,0,1,34303.4,128978.12,47,7,2,24,2302.81
TXN009067,1,0,0,1,2,2,90801.7,68165.04,29,11,18,44,5914.47
TXN009068,4,0,0,0,2,2,33816.12,59679.67,53,14,5,19,3112.01
TXN009069,0,0,0,1,1,1,78659.05,37216.59,36,4,19,19,4717.47
TXN009070,3,0,1,1,0,1,62770.45,16848.64,61,4,3,16,2583.3
TXN009071,0,0,1,1,2,0,34085.03,114353.61,42,1,10,19,4095.65
TXN009072,3,0,0,1,2,1,81869.93,20321.79,50,3,7,17,5202.33
TXN009073,4,0,1,0,0,2,59710.07,142253.75,59,10,17,13,4605.79
TXN009074,5,1,0,1,1,1,1357.56,51544.08,38,1,21,33,3775.43
TXN009075,3,0,0,0,1,1,7338.46,121194.2,19,6,12,15,2918.18
TXN009076,5,1,1,0,1,0,75387.64,18355.57,54,13,14,31,2926.32
TXN009077,3,0,1,1,1,0,44929.52,85079.02,38,13,15,7,2989.43
TXN009078,2,0,0,0,0,2,40848.03,58873.94,43,14,2,41,2579.58
TXN009079,4,0,0,1,0,2,15009.8,14200.15,49,10,4,15,2735.35
TXN009080,1,0,0,0,2,1,16153.2,101811.91,44,8,6,38,3441.88
TXN009081,5,1,0,0,2,2,79876.37,142042.78,34,10,0,37,7184.71
TXN009082,1,0,1,0,0,2,82987.2,11505.39,21,1,7,3,4235.51
TXN009083,4,0,1,0,2,1,56220.25,47861.17,56,3,5,34,3604.23
TXN009084,6,1,0,1,0,1,29865.22,108504.8,32,10,3,27,3726.54
TXN009085,1,0,0,1,1,1,93303.73,131975.52,50,14,10,42,5373.98
TXN009086,4,0,1,0,0,0,62584.26,36709.08,31,7,5,41,2383.3
TXN009087,1,0,0,0,0,0,79765.89,19900.35,43,8,17,13,1706.26
TXN009088,5,1,1,0,2,1,826.65,11209.8,64,3,19,4,2748.08
TXN009089,2,0,0,0,0,0,45306.8,40128.9,19,7,23,1,1759.57
TXN009090,1,0,1,1,1,0,87159.43,19984.42,37,6,19,44,3721.53
TXN009091,5,1,0,0,1,0,34154.21,60313.49,43,12,20,49,3115.79
TXN009092,3,0,0,0,2,2,72791.84,71617.61,19,4,1,23,5783.38
TXN009093,4,0,0,0,2,1,65938.65,77189.33,65,3,18,2,2996.91
TXN009094,0,0,1,1,0,1,15645.73,29926.1,19,5,18,22,2649.54
TXN009095,6,1,1,0,2,2,77602.93,74958.33,65,5,17,10,4686.08
TXN009096,0,0,0,1,1,0,11696.42,11267.23,34,1,23,37,2273.58
TXN009097,4,0,0,1,2,1,72927.45,43518.95,35,2,10,34,6023.38
TXN009098,2,0,0,0,2,0,99101.35,61672.05,68,10,2,0,3067.31
TXN009099,1,0,0,0,1,2,95819.15,26569.22,65,5,10,5,4188.3
TXN009100,2,0,1,0,0,0,80124.05,123960.64,21,3,0,5,3252.32
TXN009101,0,0,1,1,0,2,53684.48,38169.73,34,2,1,39,3996.33
TXN009102,6,1,1,1,2,2,67645.05,115684.56,50,12,23,25,5770.38
TXN009103,5,1,0,0,1,0,72946.78,76345.03,40,3,0,34,4865.35
TXN009104,6,1,0,1,1,0,1335.95,77164.03,30,5,0,12,2295.55
TXN009105,4,0,1,0,1,1,10685.44,100327.21,24,14,12,24,2242.44
TXN009106,4,0,0,0,0,2,59907.38,16198.88,58,2,0,21,3160.58
TXN009107,2,0,1,0,1,0,1150.19,21026.31,63,0,9,16,1905.87
TXN009108,5,1,1,0,1,0,90936.11,55758.09,18,13,12,13,3402.12
TXN009109,2,0,1,0,0,1,49221.44,68355.15,57,5,7,2,2328.63
TXN009110,1,0,1,0,1,1,26147.82,70191.71,59,14,21,3,1512.49
TXN009111,3,0,0,1,0,1,39685.21,104764.2,48,1,6,34,4180.49
TXN009112,5,1,1,1,2,2,85152.25,10098.7,53,8,19,46,6128.02
TXN009113,3,0,0,1,2,1,92755.69,144274.71,42,5,11,27,6522.8
TXN009114,6,1,1,0,2,2,12065.38,34428.24,62,0,7,42,4920.43
TXN009115,1,0,1,0,2,1,77907.08,44808.43,67,10,12,1,2965.07
TXN009116,3,0,1,0,2,2,58033.6,136787.81,58,3,1,44,5201.41
TXN009117,0,0,1,1,0,1,58757.52,10768.8,57,4,8,47,3296.67
TXN009118,6,1,0,0,0,2,78055.49,148782.85,47,11,19,37,5861.41
TXN009119,3,0,0,1,0,1,22673.05,15034.03,55,7,16,46,3681.72
TXN009120,1,0,0,0,1,1,53338.97,26876.37,38,2,17,3,3783.06
TXN009121,3,0,0,1,2,0,32275.59,43614.94,36,10,23,46,2595.24
TXN009122,4,0,1,0,1,2,9903.98,71421.03,33,12,15,48,3410.6
TXN009123,2,0,0,0,1,0,10955.4,82583.21,50,8,8,11,1914.87
TXN009124,0,0,0,1,1,2,14078.91,24660.59,64,8,4,33,3122.7
TXN009125,4,0,1,1,2,0,61682.53,20314.35,23,14,19,36,2790.24
TXN009126,4,0,0,1,1,1,11030.1,14460.27,59,11,15,43,2347.41
TXN009127,1,0,0,0,2,0,57225.33,45945.1,54,9,12,40,2786.2
TXN009128,2,0,0,1,2,1,59035.56,139014.62,25,10,22,29,4592.67
TXN009129,2,0,0,1,2,2,90437.7,64577.95,18,4,1,20,6311.55
TXN009130,5,1,1,0,1,1,62824.47,116961.03,30,3,22,27,4713.59
TXN009131,6,1,1,0,2,0,98565.99,36626.35,43,6,11,41,4905.41
TXN009132,0,0,0,1,2,2,3583.76,19055.09,33,12,8,49,3534.3
TXN009133,6,1,1,0,0,0,70562.54,87599.17,66,8,1,4,2653.87
TXN009134,1,0,0,1,1,1,3134.77,125092.94,56,5,11,32,3687.16
TXN009135,0,0,0,1,0,1,73073.07,135784.39,64,6,23,33,3688.75
TXN009136,5,1,0,1,0,0,38892.1,86468.64,63,0,21,31,4444.78
TXN009137,3,0,1,0,1,2,61325.12,51164.52,45,3,5,26,4246.25
TXN009138,4,0,1,1,0,0,31299.04,25331.64,66,14,12,2,794.41
TXN009139,0,0,1,1,2,1,16330.95,103495.2,40,1,15,39,4649.71
TXN009140,6,1,1,0,0,2,72489.5,49261.15,24,0,19,43,5143.71
TXN009141,4,0,1,1,0,0,90509.73,128154.74,41,12,7,41,4004.04
TXN009142,1,0,1,1,2,1,18766.45,94716.96,63,10,6,43,3023.53
TXN009143,6,1,0,1,0,2,92109.95,130243,25,6,14,3,6002.54
TXN009144,3,0,1,0,2,0,14448.12,89331.42,62,10,4,35,2037.3
TXN009145,1,0,0,1,1,2,73698.36,118043.93,18,9,20,35,5087.39
TXN009146,3,0,0,0,0,1,95964.79,51202.72,21,3,17,40,3693.68
TXN009147,3,0,1,0,1,0,15163.4,80428.23,60,1,20,2,2188.73
TXN009148,4,0,0,1,0,0,43791.46,12716.89,58,4,18,49,2579.71
TXN009149,1,0,0,1,2,1,34077.02,95096.44,36,6,12,0,4664.62
TXN009150,1,0,0,0,0,1,39153.54,84723.51,39,1,22,38,2792.77
TXN009151,0,0,1,1,1,1,75437.4,115739.53,53,6,15,39,5557.21
TXN009152,6,1,1,1,2,0,66288.3,112053.84,18,2,12,38,6488.68
TXN009153,1,0,0,0,2,1,96884.35,97866.38,36,13,13,26,4427.7
TXN009154,0,0,1,1,1,0,18955.21,17935.96,68,7,15,43,1959.96
TXN009155,2,0,0,1,1,0,54554.46,136421.36,46,6,21,2,3566.46
TXN009156,2,0,1,0,0,2,45188.05,12522.69,36,0,11,35,3596.13
TXN009157,2,0,0,1,0,1,91926.18,122457.47,60,8,11,36,5413.17
TXN009158,5,1,0,0,2,1,1556.61,77108.49,23,14,10,29,3569.86
TXN009159,1,0,1,0,1,2,98922.45,124519.1,42,5,22,0,5397.13
TXN009160,5,1,1,1,1,0,48233.56,75109.78,56,11,22,9,2273.54
TXN009161,6,1,1,0,0,0,62741.19,100571.29,40,14,6,2,2334.48
TXN009162,1,0,1,1,0,0,36325.23,60857.17,18,12,3,37,1799.38
TXN009163,0,0,1,1,2,1,85326.4,114115.02,32,3,5,2,5346.45
TXN009164,5,1,0,0,1,0,56417.8,45584.66,42,14,22,36,2713.95
TXN009165,5,1,0,0,1,2,66449.69,110709.83,21,5,13,33,6414.25
TXN009166,6,1,0,0,1,0,65066.02,37073.57,62,1,13,19,4049.23
TXN009167,5,1,1,0,1,1,36716.22,111103.48,61,1,11,10,4804.86
TXN009168,3,0,1,0,0,1,8061.1,51113.98,18,7,14,18,2285.74
TXN009169,0,0,0,0,0,0,80866.77,49008.45,57,9,10,26,1956.59
TXN009170,2,0,0,1,0,0,29326.73,123609.15,38,4,3,23,3107.59
TXN009171,0,0,0,1,2,1,84968.56,123916.97,60,6,10,5,5443.72
TXN009172,3,0,0,0,1,0,61059.98,106796.33,27,0,11,0,4342.01
TXN009173,6,1,1,1,0,2,35693.54,139347.21,19,5,19,18,5970.56
TXN009174,6,1,0,0,1,1,59627.59,31867.12,34,10,7,9,4172.87
TXN009175,1,0,1,0,0,0,64726.52,47704.98,30,10,23,43,2458.99
TXN009176,0,0,0,1,2,0,70815,51161.97,44,9,17,31,4354.14
TXN009177,6,1,1,1,0,0,82322.64,52740.09,58,6,5,47,4338.41
TXN009178,5,1,1,0,2,2,16395.62,55924.48,65,9,8,36,3879.54
TXN009179,6,1,1,0,1,1,94442.37,107581.28,45,6,23,35,4969.71
TXN009180,6,1,1,0,0,2,41378.64,47906.14,66,9,16,1,3532.6
TXN009181,6,1,0,1,0,0,86114.8,50029.1,27,12,4,36,4048.01
TXN009182,6,1,0,0,0,2,22437.72,89858.04,66,2,15,13,3946.91
TXN009183,2,0,0,0,1,0,3388.38,37070.24,69,11,12,45,949.07
TXN009184,2,0,1,1,2,0,57547.73,61084.25,27,8,12,12,3047.61
TXN009185,1,0,0,1,2,1,32804.29,18111.65,63,11,20,49,3446.03
TXN009186,6,1,0,1,0,1,98453.97,143356.6,64,8,8,16,5390.47
TXN009187,0,0,0,0,1,0,10893.12,54423.07,26,4,1,26,2105.76
TXN009188,3,0,1,0,2,0,5206.64,129005.9,51,8,20,28,2693.84
TXN009189,1,0,1,1,2,0,4979.27,84192.38,63,12,15,12,2315.24
TXN009190,0,0,1,0,2,1,22078.93,41949.7,56,10,0,48,2319.04
TXN009191,6,1,0,0,2,1,58129.52,37079.86,21,6,7,24,5365.81
TXN009192,4,0,0,1,2,0,50803.56,107294.5,62,6,23,23,4174.04
TXN009193,6,1,0,1,0,1,35332.54,145081.63,21,8,1,47,3880.2
TXN009194,2,0,1,0,0,0,9334.91,35629.76,21,1,9,35,2040.08
TXN009195,3,0,0,1,0,2,23756.84,26158.97,58,9,12,22,3351.54
TXN009196,5,1,1,1,2,1,18822.63,64193.91,28,14,0,25,3566.76
TXN009197,3,0,1,0,2,0,74693.85,65133.48,18,4,2,47,4004.43
TXN009198,5,1,1,0,2,2,78104.67,122875.42,62,7,8,35,6154.65
TXN009199,3,0,1,0,0,0,77812.89,75644.5,38,7,22,5,1163.81
TXN009200,2,0,0,0,2,2,96919.53,18744.57,42,2,22,15,4853.6
TXN009201,5,1,0,0,0,1,88481.68,138893.48,26,4,3,9,4532.32
TXN009202,0,0,1,0,2,1,50031.57,62246.31,42,11,4,38,2622.36
TXN009203,5,1,0,1,0,0,41786.13,103594.44,35,3,22,26,4369.51
TXN009204,1,0,1,1,1,1,91618.97,103448.36,24,3,1,1,4573.99
TXN009205,0,0,0,1,2,1,61316.91,17887.89,63,1,14,9,4672.74
TXN009206,1,0,0,0,2,2,29792.67,10504.65,43,5,2,47,3742.65
TXN009207,6,1,1,0,0,1,56664.17,22325.18,66,11,18,7,2942.07
TXN009208,3,0,1,0,2,2,99218.87,143914.36,35,0,10,8,6763.4
TXN009209,0,0,1,0,0,2,85022.27,121159.01,18,7,6,12,4473.02
TXN009210,3,0,1,0,0,2,28487.33,28481.72,26,11,6,7,2796.92
TXN009211,6,1,0,1,1,1,95318.97,96081.78,27,9,21,26,5632.69
TXN009212,4,0,1,0,1,0,98155.48,95676.33,65,8,16,45,3866.77
TXN009213,3,0,0,1,2,0,23501.11,10078.27,28,10,14,41,3179.89
TXN009214,6,1,1,0,2,1,89611.42,70069,49,4,7,20,4961.12
TXN009215,3,0,0,1,0,2,88378.67,109648.57,38,12,9,40,5747.25
TXN009216,6,1,1,1,0,1,4455.48,36151,53,5,14,33,3672.2
TXN009217,1,0,0,1,0,0,67134.07,129126.54,49,0,19,28,3825.46
TXN009218,6,1,0,1,0,2,30875.43,102442.69,36,5,23,29,4878.75
TXN009219,5,1,0,1,2,1,67623.96,10969.4,25,0,6,43,6598.12
TXN009220,4,0,1,1,1,2,91399.09,129687.99,52,13,16,15,4684.72
TXN009221,3,0,1,1,2,2,50128.54,12716,39,4,22,0,4371.16
TXN009222,6,1,1,0,2,0,41734.08,134310.03,21,12,19,44,3703.11
TXN009223,6,1,1,0,2,2,92192.36,56720.64,46,8,20,46,5723.25
TXN009224,3,0,0,1,1,1,97424.43,107811.04,48,4,12,28,5722.15
TXN009225,4,0,0,0,2,2,6692.51,120240.34,25,14,5,41,3560
TXN009226,4,0,0,0,1,2,92323.38,49377.63,29,14,4,29,3935.96
TXN009227,6,1,1,1,0,1,8735.47,59901.16,22,13,15,21,2949.65
TXN009228,0,0,0,0,2,0,34059.98,81335.84,47,2,1,14,3450.27
TXN009229,1,0,0,1,0,0,76376.13,91576.81,52,11,23,19,2920.68
TXN009230,4,0,1,0,0,1,77815.18,50885.87,54,14,23,37,1414.5
TXN009231,4,0,1,1,0,2,72719.28,148935.35,21,13,4,22,4980.02
TXN009232,2,0,0,0,2,1,4391.69,113180.65,60,3,4,30,3576.04
TXN009233,5,1,1,1,0,1,13730.12,48381.28,38,2,11,16,3420.19
TXN009234,4,0,1,0,2,1,93653.54,99660.51,33,3,22,34,4864.78
TXN009235,1,0,1,0,0,0,8605.41,70951.97,35,11,17,1,935.65
TXN009236,5,1,1,0,2,2,8315.32,130446.04,48,11,20,46,4021.97
TXN009237,5,1,0,1,2,1,83646.77,56053.01,55,9,0,30,4884.69
TXN009238,3,0,0,1,2,0,64305.94,36299.56,49,14,12,25,2930.93
TXN009239,3,0,0,0,0,0,35489.78,16459.08,65,13,19,30,419.72
TXN009240,3,0,0,0,2,2,16988.19,147803.29,50,5,11,7,5014.54
TXN009241,3,0,0,1,0,1,88474.96,60291.03,36,2,7,15,4696.91
TXN009242,2,0,1,0,1,2,98859.51,40872.59,37,13,0,11,3734.39
TXN009243,4,0,0,0,0,1,5472.19,78847.59,65,4,14,18,1386.5
TXN009244,3,0,0,1,0,0,55634.28,50829.51,27,6,9,43,3248.02
TXN009245,6,1,1,1,2,0,26499.71,42606,43,0,0,12,3483.29
TXN009246,0,0,1,0,0,2,83322.49,96293.83,63,2,13,0,3779.09
TXN009247,3,0,1,1,1,1,34934.27,20478.78,35,10,12,12,2598.12
TXN009248,4,0,0,0,2,2,71605.61,81259.01,62,5,19,3,4901.19
TXN009249,3,0,1,0,0,1,54182.58,64240.38,62,9,9,44,2809.34
TXN009250,2,0,1,1,0,2,54381.58,84554.1,32,1,4,47,5022.11
TXN009251,1,0,1,0,2,0,85870.94,54861.69,53,7,8,30,2807.56
TXN009252,1,0,0,1,2,2,47305.24,89844.93,35,6,13,7,5327.46
TXN009253,4,0,1,1,0,1,84637.15,21454.6,48,11,20,26,2375.44
TXN009254,6,1,1,0,0,2,36660.97,62662.25,32,1,0,7,3707.5
TXN009255,1,0,0,1,2,1,17890.9,43249.81,55,4,14,23,3757.91
TXN009256,1,0,1,0,2,2,45820,71332.56,46,12,18,21,3589.6
TXN009257,0,0,0,1,1,1,50086.4,65767.05,59,14,19,39,4661.27
TXN009258,4,0,0,0,1,1,48099.13,98365.71,32,3,6,28,3764.91
TXN009259,6,1,1,1,1,1,80928.88,98026.08,18,14,17,8,5047.23
TXN009260,4,0,0,0,2,2,56685.55,67871.06,54,1,3,16,5038.85
TXN009261,1,0,1,0,2,2,88900.19,35427.24,58,3,23,0,4450.43
TXN009262,1,0,1,1,2,0,51661.46,91467.91,40,8,20,43,4049.28
TXN009263,1,0,1,0,0,1,22859.15,145312.15,63,9,5,31,2667.45
TXN009264,5,1,1,0,2,0,13384.84,35961.98,28,1,2,19,2825.17
TXN009265,2,0,0,0,0,0,86902.1,19668.29,55,9,3,0,1764.14
TXN009266,3,0,1,0,2,1,6089.19,47038.57,33,9,1,24,1814.77
TXN009267,2,0,1,0,2,0,12202.16,67808.85,47,12,2,40,1295.31
TXN009268,4,0,1,0,0,2,6834.02,52866.38,46,5,17,26,2013.05
TXN009269,0,0,0,1,2,0,42661.55,126859.36,58,3,1,22,4331.85
TXN009270,3,0,0,1,2,2,53495.25,79023.87,20,7,7,17,6086.68
TXN009271,0,0,1,1,2,1,2477.54,44457.9,57,12,6,30,2349.25
TXN009272,6,1,0,1,1,1,51800.82,143027.87,34,3,8,27,6145.3
TXN009273,5,1,0,0,2,1,39679.07,27508.79,43,8,23,41,4443.59
TXN009274,4,0,1,0,0,0,77477.7,27207.6,26,14,8,20,2210.38
TXN009275,5,1,1,1,0,1,83080.68,44339.88,34,9,1,11,4206.44
TXN009276,4,0,1,0,0,1,68654.26,20748.1,54,2,6,36,3068.3
TXN009277,0,0,1,1,2,2,47612.81,115231.38,48,6,12,23,5323.43
TXN009278,0,0,1,0,0,0,22006.79,53793.52,48,14,7,38,626.92
TXN009279,0,0,0,0,1,0,84787.93,112177.32,28,4,0,48,4071.62
TXN009280,4,0,1,1,0,1,34496.08,116783.25,55,13,2,32,2763.17
TXN009281,1,0,1,0,2,0,35951.04,43252.6,39,10,7,16,1808.99
TXN009282,0,0,1,1,1,1,91643.15,82570.91,63,0,18,32,5667.02
TXN009283,5,1,1,1,0,2,97571.93,82742.9,20,2,3,15,6726.88
TXN009284,6,1,1,1,1,0,89864.03,131991.02,66,8,9,26,5449.76
TXN009285,3,0,0,0,0,0,99824.35,13588.32,45,12,17,40,3098.79
TXN009286,4,0,1,0,2,2,86956.43,54352.05,49,8,18,27,5097.95
TXN009287,5,1,0,1,1,0,70583.57,133548.51,21,4,20,35,5756.82
TXN009288,2,0,1,0,0,1,29735.03,43152.45,57,13,11,6,1391.71
TXN009289,6,1,1,1,0,0,95319.23,29163.2,55,4,10,33,4111.24
TXN009290,2,0,1,1,1,0,87724.37,90659.47,28,10,5,45,4084
TXN009291,3,0,0,0,1,2,24454.31,52822.75,18,3,5,0,3335.97
TXN009292,1,0,1,1,1,2,49171.67,75421.23,64,13,22,3,3254.21
TXN009293,0,0,1,0,1,1,7470.54,124801.79,33,14,7,25,2005.09
TXN009294,4,0,1,0,0,0,95354.23,82897.58,51,3,21,19,2650.73
TXN009295,5,1,1,0,0,0,57490.45,82224.57,62,3,9,12,3678.48
TXN009296,0,0,1,1,0,2,24897.45,48945.57,49,1,21,34,4025.27
TXN009297,5,1,1,1,2,1,29593.73,121001.18,61,6,1,9,4161.99
TXN009298,4,0,1,0,1,0,98075.31,113574.05,63,2,12,7,4425.29
TXN009299,2,0,0,0,0,1,61753.62,42776.87,50,0,18,17,3117.49
TXN009300,0,0,1,1,1,0,42357.97,54800.63,28,11,21,16,2024.62
TXN009301,3,0,1,0,1,2,50234.62,120407.95,53,10,21,4,4170.69
TXN009302,1,0,1,0,0,2,10305.73,60080.49,30,9,5,29,1994.17
TXN009303,3,0,0,1,1,2,7964.76,66498.35,37,2,3,30,3474.36
TXN009304,1,0,0,1,1,2,59474.42,61017.72,42,8,10,38,4833.46
TXN009305,6,1,1,1,1,2,51444.4,32628.55,23,11,17,23,4609.4
TXN009306,5,1,0,0,1,2,36235.74,57725.51,54,8,23,16,3727.73
TXN009307,0,0,1,1,1,1,56828.34,122410.94,43,9,1,33,3247.39
TXN009308,0,0,1,1,0,2,7731.26,78750.55,21,6,2,42,3512.64
TXN009309,6,1,0,1,0,1,94427.12,74150.45,62,0,16,34,6628.62
TXN009310,1,0,1,1,1,2,29724.31,31889.16,43,5,8,14,3964.02
TXN009311,2,0,0,1,1,0,7641.99,34859.78,35,9,18,10,1862.93
TXN009312,4,0,0,1,1,0,17365.68,16013.02,30,0,17,33,3279.71
TXN009313,3,0,0,1,2,0,9999.65,11953.77,25,1,5,7,2944.5
TXN009314,6,1,1,0,1,1,18271.15,78321.97,68,2,23,14,3066.48
TXN009315,5,1,1,1,2,2,41967.03,67292.53,64,10,3,35,4984.34
TXN009316,6,1,1,0,2,1,73936.06,48552.86,50,10,16,36,4731.27
TXN009317,3,0,1,0,2,2,27598.66,148606.52,60,13,22,22,3553.72
TXN009318,3,0,1,1,0,0,43874.7,65719.47,33,5,18,38,2153.38
TXN009319,5,1,1,0,2,1,92911.35,120438.57,59,10,20,25,6042.11
TXN009320,5,1,1,1,1,2,29934.26,39476.38,56,6,10,33,4975.44
TXN009321,0,0,0,0,1,1,79574.62,44585.77,48,7,17,10,3391.72
TXN009322,3,0,1,1,0,1,16202.78,89574.79,57,8,23,11,2155.26
TXN009323,4,0,1,0,0,0,18243.01,10563.96,40,6,15,7,363.51
TXN009324,4,0,1,1,1,0,45887.21,12439.56,69,5,18,45,2674.31
TXN009325,1,0,0,1,0,0,23793.17,29910.62,33,4,8,7,2511.98
TXN009326,6,1,0,0,0,0,90351.29,41236.95,27,9,16,40,4262.57
TXN009327,5,1,0,0,2,0,5549.85,83898.93,53,1,15,4,3862.51
TXN009328,0,0,1,1,2,2,59928.62,106072.12,48,14,5,44,4978.31
TXN009329,4,0,0,0,0,2,60620.82,53663.01,61,7,18,9,3798.74
TXN009330,2,0,0,1,1,0,7069.58,43469.93,49,4,3,2,1760.29
TXN009331,0,0,1,0,2,0,73390.14,125193.56,38,9,10,42,4339.04
TXN009332,0,0,1,1,1,0,47155.31,32788.78,33,1,19,36,2984.19
TXN009333,4,0,1,0,0,1,72445.8,104965.72,46,2,14,21,4060.48
TXN009334,2,0,0,1,1,0,82779.04,140386.27,67,9,23,24,4502.1
TXN009335,1,0,1,0,1,2,32628.49,42509.53,65,9,8,3,3066.81
TXN009336,4,0,1,1,1,2,48706.35,22175.15,62,11,20,36,3804.7
TXN009337,2,0,1,0,1,1,26445.7,147166.25,33,14,10,7,3446.06
TXN009338,0,0,1,1,0,2,20550.59,47908.33,32,14,9,29,2867.04
TXN009339,2,0,1,0,0,0,559.18,48592.85,25,6,9,8,652.9
TXN009340,0,0,1,0,2,1,96381.34,77728.12,32,9,18,14,3783.47
TXN009341,6,1,0,1,2,1,44372.38,42348.07,38,7,0,0,3817.32
TXN009342,4,0,1,0,2,2,1800.44,149002.13,38,4,16,43,4822.83
TXN009343,5,1,0,0,2,0,1389.39,16015.22,24,9,18,12,1654.78
TXN009344,4,0,0,1,1,0,29191.08,73206.23,69,7,17,3,2641.7
TXN009345,6,1,1,1,2,0,1886.8,86768.54,36,12,23,15,2927.98
TXN009346,3,0,0,1,2,1,37764.2,75373.12,39,13,20,43,3363.34
TXN009347,3,0,0,1,1,2,6762.38,82873.22,63,9,16,46,4345.67
TXN009348,3,0,0,0,0,2,4405.53,148261.08,55,12,18,0,2612.15
TXN009349,4,0,1,0,2,2,67103.45,132766.22,30,9,2,13,4225.61
TXN009350,1,0,0,0,0,0,90730.71,53182.12,43,5,12,26,2599.31
TXN009351,4,0,0,1,2,1,41233.97,87206.79,61,1,1,25,4429.49
TXN009352,6,1,0,0,0,1,83758.66,10043.54,39,11,8,46,3919.53
TXN009353,6,1,0,0,2,2,3411.91,67339.66,24,13,12,31,4465.73
TXN009354,5,1,1,1,0,2,77880.16,32942.39,69,11,0,39,4401.82
TXN009355,2,0,1,0,0,1,6748.6,109590.48,52,1,9,1,2520.71
TXN009356,4,0,0,0,2,2,83924.72,40952.54,20,7,20,15,4825.86
TXN009357,4,0,1,1,0,1,88295.45,114845.39,52,3,2,27,4296.17
TXN009358,0,0,1,0,2,1,78704.4,53842.38,64,7,9,48,4680.12
TXN009359,6,1,0,1,2,2,82164.53,139616.01,33,8,18,25,6991.22
TXN009360,0,0,1,1,1,1,56367.71,72358.32,62,5,6,10,3814.55
TXN009361,0,0,1,0,2,1,26856.05,127532.48,33,8,16,22,3964.47
TXN009362,4,0,0,0,2,2,64501.48,97943.24,19,5,22,29,5778.6
TXN009363,1,0,0,0,2,2,44234.39,146835.75,55,10,11,30,5242.72
TXN009364,2,0,1,1,2,2,1030.99,113981.19,34,13,7,1,3482.8
TXN009365,2,0,1,1,1,1,47944.16,111878.47,55,2,17,19,4509.54
TXN009366,6,1,1,0,1,2,65293.2,47081.24,41,7,2,28,4774.41
TXN009367,5,1,1,0,1,2,1881.42,80680.37,39,0,3,9,4095.34
TXN009368,6,1,0,1,1,1,62325.35,50615.92,67,5,20,17,5071.22
TXN009369,1,0,0,0,0,1,65426.92,12701.08,40,14,7,30,1767.84
TXN009370,1,0,0,0,2,2,16231.7,109481.95,61,14,4,3,3236.42
TXN009371,2,0,0,1,1,2,43391.88,43017.11,36,2,10,26,5020.41
TXN009372,3,0,0,0,2,1,96451.09,65625.36,61,9,1,17,4329.24
TXN009373,0,0,1,0,1,1,88476.83,49849.43,39,9,18,43,4167.83
TXN009374,0,0,1,0,2,0,41376.73,37949.02,34,2,2,30,2716.72
TXN009375,2,0,0,0,0,1,35309.7,19396.71,19,8,11,6,2180.81
TXN009376,6,1,0,1,1,1,12846.03,57304.59,31,6,6,18,4215.21
TXN009377,1,0,0,1,0,0,4001.31,21444.29,45,12,5,38,663.22
TXN009378,6,1,1,1,0,2,30097.55,85644.68,30,13,22,1,3432.69
TXN009379,5,1,1,1,2,0,94058.19,12747.37,55,1,7,13,5211.63
TXN009380,3,0,1,0,1,1,95882.04,141602.78,34,5,4,35,5165.1
TXN009381,2,0,0,0,0,0,81345.67,145306.5,26,11,12,42,3595.07
TXN009382,0,0,0,0,2,0,35407.07,52651.54,57,12,12,45,2341.91
TXN009383,4,0,0,0,2,0,14790.83,46427.25,31,3,21,27,2255.32
TXN009384,6,1,0,1,2,0,59755.58,24616.73,19,9,0,37,3789.07
TXN009385,1,0,0,0,0,0,64827.25,136688.65,59,10,13,2,2847.34
TXN009386,4,0,1,0,2,0,42745.07,92160.95,38,6,3,28,3471.98
TXN009387,5,1,0,1,2,2,69318.86,95417.49,52,3,21,26,7264.38
TXN009388,2,0,1,1,2,0,74794.85,135419.9,47,6,19,47,4556.35
TXN009389,6,1,1,1,0,0,78414.64,137510.15,34,5,0,47,4685.38
TXN009390,0,0,1,0,2,0,50478.66,125967.83,56,7,13,2,3476.94
TXN009391,6,1,1,1,0,0,79268.26,118281.82,42,6,18,47,4842.91
TXN009392,3,0,1,0,2,1,3034.9,132813.77,61,8,18,29,2758.11
TXN009393,4,0,0,0,0,0,68200.23,132635.88,56,3,2,17,2763.49
TXN009394,3,0,0,1,0,0,23945.58,61610.28,52,8,19,7,1997.97
TXN009395,5,1,0,1,1,0,27416.77,146274.77,23,4,10,9,4777.16
TXN009396,0,0,1,1,1,2,9584.52,109278.51,20,12,8,21,3990.69
TXN009397,4,0,1,0,1,0,19643.03,61829.32,53,10,23,23,600.71
TXN009398,5,1,1,0,0,1,99204.82,71886.93,65,8,18,2,3757.12
TXN009399,3,0,1,0,2,2,41831.32,106198.35,64,14,1,13,2730.03
TXN009400,3,0,1,1,2,1,92812.66,60553.85,18,13,12,46,5307.51
TXN009401,4,0,1,0,0,2,16708.5,125718.08,51,10,2,23,2472.08
TXN009402,0,0,0,0,2,2,20803.85,30728.91,18,3,10,26,4549.66
TXN009403,3,0,1,0,0,0,56002.43,137063.2,43,14,13,33,2319.04
TXN009404,2,0,1,0,2,0,35278.49,52167.65,35,2,14,30,3291.51
TXN009405,5,1,0,1,0,2,64569.56,31379.79,53,14,4,47,5127.25
TXN009406,4,0,1,0,1,0,42493.63,130123.4,23,13,6,26,2451.6
TXN009407,1,0,0,1,1,0,81253.93,43524.85,28,6,1,44,3931.91
TXN009408,1,0,0,1,2,2,43440.13,128075.4,61,3,5,28,5570.84
TXN009409,0,0,0,0,2,2,57448.74,51477.02,57,4,10,28,4880.93
TXN009410,2,0,1,0,2,1,32446.78,140741,47,2,1,46,4370.52
TXN009411,3,0,0,1,2,2,70552.08,40670.87,31,5,12,45,6171.05
TXN009412,1,0,0,0,1,1,65646.05,19751,27,12,0,49,3026.76
TXN009413,0,0,1,1,1,1,40001.6,141114.36,48,3,2,47,4843.75
TXN009414,5,1,0,0,0,0,27965.19,33187.6,53,0,19,11,2792.1
TXN009415,2,0,1,0,2,0,61603.39,142178.56,32,1,1,13,4346.95
TXN009416,2,0,1,1,1,2,94343.59,125356.83,47,7,18,26,5975.64
TXN009417,6,1,0,0,0,2,13697.98,21469.55,65,14,21,46,2182.22
TXN009418,0,0,1,1,0,1,80012.1,72318.93,31,3,8,1,4523.69
TXN009419,0,0,1,1,0,1,54527.68,20275.95,64,11,17,36,2355.75
TXN009420,6,1,0,0,1,0,52793.19,56170.12,40,14,22,44,3115.13
TXN009421,3,0,0,1,0,2,96187.57,59210.43,34,14,0,17,3503.84
TXN009422,0,0,0,0,2,2,60784.54,93948.67,44,9,19,12,4627.87
TXN009423,6,1,0,0,0,2,83136.52,146625.38,61,1,13,8,5937.5
TXN009424,3,0,1,0,0,2,51690.49,33766.88,30,12,13,28,3143.46
TXN009425,3,0,0,1,1,0,25360.41,56081.14,31,11,17,9,2212.18
TXN009426,4,0,0,0,0,0,69601.78,92194.35,43,3,12,19,3327.89
TXN009427,2,0,0,0,1,1,92356.1,33998.92,60,6,3,36,3703.98
TXN009428,5,1,1,1,1,0,84202.39,109499.35,28,10,17,28,5364.66
TXN009429,2,0,1,1,2,1,20237.18,66512.36,55,1,18,5,3998.21
TXN009430,2,0,1,1,0,0,32030.47,142940.12,18,5,23,40,3200.9
TXN009431,4,0,1,1,2,0,51929.63,98181.93,41,0,3,25,4263.55
TXN009432,3,0,1,0,2,2,57374.53,60831.3,37,11,5,21,3763.97
TXN009433,3,0,0,0,0,1,19784.5,110726.24,25,2,11,42,3357.27
TXN009434,0,0,1,0,0,1,23386.23,127425.64,25,8,8,46,3242.88
TXN009435,4,0,1,0,1,1,76003.69,122067.17,47,4,12,37,4155.12
TXN009436,0,0,1,1,0,0,73166.58,46787.02,35,13,23,25,1971.15
TXN009437,4,0,0,1,1,2,84001.28,68377.67,30,10,13,16,5461.73
TXN009438,0,0,0,0,2,0,93326.52,73304.87,63,7,14,0,3325.31
TXN009439,1,0,1,1,2,2,31171.98,64373.67,64,0,13,30,5099.7
TXN009440,6,1,0,1,1,0,86029.7,53520.9,53,3,17,8,4843.31
TXN009441,2,0,1,1,0,1,66768.17,115384.69,36,2,1,25,4945.69
TXN009442,2,0,0,1,0,0,95798.16,11711.39,30,9,2,49,3106.85
TXN009443,5,1,0,1,1,1,27571.38,51096.19,58,8,17,5,4217.47
TXN009444,6,1,1,0,2,2,27332.31,29826.42,65,14,18,45,3923.52
TXN009445,3,0,0,0,1,1,70577.2,28027.7,43,6,17,1,3470.01
TXN009446,5,1,1,1,0,1,92876.87,48774.21,26,11,14,41,5227.27
TXN009447,1,0,1,1,0,1,82543.3,116701.43,51,2,21,26,3925.57
TXN009448,5,1,1,0,1,1,72840.44,145719.06,48,13,23,0,3953.55
TXN009449,2,0,0,0,0,2,39037.27,82046.59,59,0,5,29,4068.75
TXN009450,3,0,0,1,2,0,71917.85,57456.05,24,12,3,17,3292.91
TXN009451,1,0,1,1,1,0,80209.01,126083.87,26,14,9,33,4051.33
TXN009452,2,0,1,1,2,0,75451.93,19394.48,57,4,11,20,3845.61
TXN009453,6,1,0,0,2,0,67842.67,23043.51,43,9,4,0,3349.81
TXN009454,0,0,1,1,1,1,5189.56,58351.28,69,2,19,46,2697.3
TXN009455,4,0,0,1,1,2,66141.64,72777.19,68,10,4,31,4259.09
TXN009456,1,0,0,1,0,2,48090.32,121697.3,50,1,15,42,5345.52
TXN009457,3,0,0,1,0,0,96176.14,139536.95,50,2,17,33,5117.74
TXN009458,5,1,1,1,1,0,60915.39,84378.71,69,4,14,46,4630.13
TXN009459,6,1,1,1,1,2,61018.61,79390.25,57,4,7,13,5708.98
TXN009460,5,1,0,1,0,2,99408.49,39821.54,21,9,0,4,4983.9
TXN009461,1,0,1,1,0,1,9811.99,73165.42,45,7,8,35,2351.73
TXN009462,6,1,1,0,0,2,27993.47,139310.19,21,3,11,31,5085.23
TXN009463,3,0,0,0,1,2,65779.9,65005.94,64,1,0,8,3672.53
TXN009464,1,0,0,0,1,1,31866.01,39495.55,51,7,4,44,1571.1
TXN009465,3,0,1,1,0,1,34941.94,57221.3,66,12,8,34,2405.63
TXN009466,5,1,0,0,2,1,89318.17,82043.25,57,14,0,24,4332.69
TXN009467,2,0,1,0,2,2,58145.71,93801.9,65,7,13,10,5080.55
TXN009468,6,1,0,0,0,2,10735.13,70540.18,23,9,16,45,4315.72
TXN009469,0,0,0,0,1,2,31430.83,116195.07,50,12,2,40,3821.03
TXN009470,2,0,1,0,1,1,8067.81,91823.47,22,7,15,12,2374.79
TXN009471,0,0,1,1,2,2,55834.93,103106.74,36,11,7,29,5680.63
TXN009472,5,1,1,0,0,2,17740.19,130808.65,35,12,18,33,3959.38
TXN009473,6,1,1,1,2,1,85782.96,131196.4,20,13,14,31,6234.78
TXN009474,2,0,1,1,2,0,57942.75,38491.16,51,10,1,29,2405.62
TXN009475,2,0,0,0,0,0,6407.88,97268.26,19,0,5,17,2073.86
TXN009476,1,0,0,1,2,2,30437.13,110329.72,18,14,9,38,5144.42
TXN009477,4,0,1,0,1,1,61825.6,30419.41,52,11,20,2,1830.02
TXN009478,5,1,0,1,2,1,33882.08,127987.78,68,8,12,6,5312.85
TXN009479,3,0,1,1,0,2,51561.08,35265.78,21,3,14,38,4427.79
TXN009480,5,1,0,0,1,2,90981.55,121899.12,52,3,10,33,7063.26
TXN009481,3,0,0,1,1,0,35328.58,32605.21,25,7,8,7,2752.94
TXN009482,6,1,1,1,2,1,33919.35,113849,61,11,13,42,4313.5
TXN009483,3,0,1,1,1,2,82065.81,30740.72,46,7,2,47,4474.91
TXN009484,0,0,1,1,0,1,32216.27,63036.1,53,5,19,31,2458.05
TXN009485,3,0,0,1,2,2,8256.86,30092.26,31,3,15,39,4522.41
TXN009486,3,0,1,1,1,0,18504.02,47900.11,59,12,7,13,1226.53
TXN009487,1,0,1,1,0,2,94905.62,147832.07,66,2,10,4,6612.48
TXN009488,2,0,1,1,2,0,93362.63,25074.59,47,4,1,6,3447.06
TXN009489,5,1,1,0,0,0,22868.8,66905.08,67,12,4,9,1553.46
TXN009490,5,1,1,1,1,2,55573.44,104768.71,24,13,11,19,5441.61
TXN009491,6,1,1,0,2,2,14168.13,23243.8,30,7,8,20,4085.06
TXN009492,6,1,0,0,2,0,67630.42,25264.62,39,6,10,27,4095.17
TXN009493,3,0,0,1,1,1,18937.93,30056.8,62,10,15,28,2515.9
TXN009494,4,0,0,1,0,1,5454.15,100298.09,19,7,9,5,2897.14
TXN009495,5,1,0,0,1,0,82577.23,137307.17,25,14,10,37,4954.41
TXN009496,6,1,1,0,2,0,32877.34,125638.52,38,13,0,41,3159.98
TXN009497,3,0,1,0,2,2,11297.98,147627.73,37,11,0,40,4263.89
TXN009498,6,1,0,1,1,2,83473.44,90939.3,28,10,0,2,5510.78
TXN009499,0,0,0,1,0,0,76358.55,144606.82,51,0,23,36,4207.73
TXN009500,0,0,0,1,1,0,68533.97,52690.78,61,10,19,16,3018.86
TXN009501,6,1,1,0,0,1,91169.25,69010.64,22,12,14,32,4575.83
TXN009502,0,0,1,1,0,1,49178,65445.79,65,3,8,9,3304.43
TXN009503,6,1,1,1,2,1,13241.62,16630.05,47,12,5,36,3954.42
TXN009504,3,0,0,1,0,0,6603.97,126158.74,50,8,18,32,3524.86
TXN009505,1,0,0,1,2,0,32184.88,13460.55,29,5,7,27,3661
TXN009506,4,0,0,0,0,1,9139.67,112182.68,22,13,16,22,2535.02
TXN009507,3,0,0,1,0,1,53783.19,66989.07,18,11,11,41,3090.21
TXN009508,1,0,0,1,2,2,1942.65,10874.68,52,9,1,45,3806.52
TXN009509,1,0,1,0,0,2,44654.45,50592.57,42,7,7,47,3854.93
TXN009510,5,1,1,1,1,0,18256.8,58457.88,21,13,0,49,3183.56
TXN009511,3,0,1,0,0,2,37142.67,145058.35,26,12,12,45,4341.96
TXN009512,3,0,1,0,2,0,67665.89,102551.07,66,7,10,9,3049.13
TXN009513,6,1,1,1,2,0,35420.9,86100.02,61,4,20,7,3603.34
TXN009514,1,0,0,0,1,0,34463.32,27787.08,68,10,18,15,1020.95
TXN009515,1,0,1,1,0,1,99079.7,64754.61,20,7,1,42,4216.29
TXN009516,1,0,0,0,1,2,72022.06,15007.01,47,3,19,31,4065.09
TXN009517,6,1,1,0,0,2,51629.24,116635.96,37,5,17,48,5527.55
TXN009518,5,1,0,1,1,2,58147.88,32788.74,27,6,20,44,5432.12
TXN009519,3,0,0,0,2,2,62208.17,93221,37,5,23,24,4811.05
TXN009520,1,0,0,1,2,1,2945.25,107914.82,57,5,3,36,4028.79
TXN009521,0,0,0,1,1,2,8486.33,61311.28,20,14,6,14,3231.6
TXN009522,3,0,0,1,0,2,65094.34,98563.04,28,7,4,15,4414.27
TXN009523,6,1,0,1,0,1,36764.65,116992.6,32,13,8,41,3750.04
TXN009524,5,1,1,0,2,2,6016.68,35777.33,69,14,12,16,3600.42
TXN009525,0,0,0,1,0,2,30102.57,94120.45,45,4,17,26,4039.79
TXN009526,6,1,0,0,1,1,13463.2,112743.64,61,7,14,46,4013.41
TXN009527,2,0,1,1,1,1,91673.23,59986.73,52,8,17,25,4249.93
TXN009528,3,0,0,0,0,1,20691.08,32748.76,24,11,0,7,346.9
TXN009529,2,0,1,0,2,1,14797.27,50056.24,50,3,3,40,3066.26
TXN009530,6,1,1,0,2,0,62803.8,140630.45,59,14,12,40,4914.38
TXN009531,6,1,0,0,2,1,52430.24,60042.71,66,2,13,10,5307.86
TXN009532,6,1,0,1,2,2,57805.28,25078.08,55,4,7,26,5821.44
TXN009533,1,0,1,1,2,2,43876.84,21581.71,36,12,20,8,4155.18
TXN009534,5,1,0,0,1,2,46983.35,35269.31,61,9,4,10,3248.81
TXN009535,1,0,1,0,0,2,77990.36,27851.73,46,9,19,6,3406.19
TXN009536,5,1,0,1,1,0,22382.26,79306.11,19,11,6,27,3368.28
TXN009537,4,0,1,0,2,0,39954.67,58657.2,61,4,23,29,2727.9
TXN009538,1,0,0,0,2,0,95803.63,127796.79,36,13,8,35,4578.28
TXN009539,2,0,0,1,0,2,19403.58,133350.99,26,6,5,8,3834.92
TXN009540,5,1,1,0,0,2,29730.47,76259.11,23,2,11,34,4801.06
TXN009541,1,0,1,0,0,1,19560.91,134393.79,34,12,10,12,2435.54
TXN009542,3,0,1,1,1,1,2539.3,73064.63,19,10,14,47,3336.75
TXN009543,6,1,1,0,0,2,27348.08,99874.7,56,9,16,3,3294.9
TXN009544,5,1,0,1,1,1,5123.51,32754.88,23,13,2,9,2381.56
TXN009545,5,1,1,1,2,1,15891.17,17361.56,31,8,16,25,4256.89
TXN009546,1,0,1,1,1,2,36586.87,32411.92,66,13,20,2,2729.01
TXN009547,4,0,0,1,0,0,2561.76,45258.33,43,12,7,49,1807.88
TXN009548,1,0,0,0,1,2,75419.18,115137.47,35,5,21,42,5546.58
TXN009549,2,0,1,1,1,2,79661.11,34290.73,23,13,11,16,4804.31
TXN009550,2,0,0,1,1,1,41435.67,28291.66,29,9,12,48,4529.03
TXN009551,5,1,1,0,0,1,98474.26,139865.31,55,8,11,26,5212.84
TXN009552,5,1,0,1,1,2,68059.89,106432.34,39,0,4,21,6326.65
TXN009553,1,0,1,0,0,0,74500.31,76262.78,31,1,0,43,2463.16
TXN009554,2,0,0,1,1,2,19633.89,23295.58,30,9,16,35,3759.57
TXN009555,2,0,1,1,1,0,83825.04,129250.73,26,1,4,7,4763.52
TXN009556,4,0,1,1,1,0,94532.12,25156.18,67,10,20,32,3523.79
TXN009557,3,0,0,1,0,2,24012.86,95546.51,59,7,7,25,3854.53
TXN009558,4,0,0,0,0,2,68803.2,103474.71,49,3,1,30,4947.58
TXN009559,0,0,1,0,0,2,74820.63,66019.43,27,6,22,10,4313.71
TXN009560,6,1,1,0,2,0,30864.33,137570.34,44,3,4,28,4445.21
TXN009561,4,0,0,1,0,1,47763.4,17098.09,31,3,13,28,3903.24
TXN009562,1,0,0,1,1,0,10205.14,124536.37,26,7,1,37,2810.73
TXN009563,3,0,0,1,2,0,17722.93,87531.22,26,13,20,36,3741.99
TXN009564,1,0,0,0,0,0,6626.27,95568.52,43,10,11,14,1238.33
TXN009565,6,1,0,1,0,1,56236.47,148155.58,49,9,13,14,5612.07
TXN009566,0,0,0,0,2,0,62713.66,91570.69,58,3,4,6,3177
TXN009567,3,0,0,0,2,0,91653.9,121583.92,52,2,20,48,5284.98
TXN009568,5,1,0,0,0,0,54447.39,31494.31,43,10,17,28,3074.64
TXN009569,2,0,0,1,2,1,26430.83,123300.54,58,9,17,32,4819.99
TXN009570,4,0,1,1,1,0,6417.62,116550.21,62,8,15,45,2552.05
TXN009571,1,0,0,1,1,1,88552.83,145535.41,59,2,4,15,5498.58
TXN009572,0,0,0,1,1,1,48146.38,140999.49,20,4,1,33,5493.19
TXN009573,2,0,1,0,0,2,73863.54,39958.12,47,10,17,20,3079.53
TXN009574,4,0,1,0,1,2,1957.61,75090.64,46,0,21,6,2896.41
TXN009575,2,0,1,1,2,2,49069.82,137607.64,37,8,2,43,6079.27
TXN009576,4,0,1,1,1,1,32909.4,99707.11,21,5,8,28,4220.19
TXN009577,5,1,1,1,2,2,3517.96,74918.06,31,4,5,8,5002.47
TXN009578,3,0,1,0,1,2,77679.44,25251.43,62,3,17,48,5136.6
TXN009579,2,0,0,1,2,2,51533.71,59246.06,69,7,0,6,3955.02
TXN009580,2,0,1,0,1,1,33651.43,103133.59,56,10,17,13,2456.8
TXN009581,2,0,1,0,1,0,80676.95,118768.03,38,1,21,29,3997.91
TXN009582,3,0,1,0,1,2,44968.88,72603.37,24,13,1,23,3083.38
TXN009583,0,0,0,0,2,2,848.05,17818.23,23,9,22,33,2663.79
TXN009584,4,0,1,0,2,2,94472.54,98644.11,57,4,22,7,5478.3
TXN009585,5,1,0,0,1,2,25940.43,139022.09,23,7,16,0,5245.14
TXN009586,2,0,1,0,2,1,83142.26,79497.5,42,0,11,33,5288.79
TXN009587,6,1,1,1,2,0,81733.33,139979.46,21,11,21,19,5327.83
TXN009588,3,0,0,1,0,0,16656.21,59574.1,54,2,20,30,1890.44
TXN009589,0,0,0,1,1,2,47663.27,134091.21,42,6,23,14,4602.33
TXN009590,4,0,1,0,2,0,4499.8,120087.57,35,10,23,14,1243.03
TXN009591,3,0,0,0,2,2,35777.89,144643.82,51,14,1,33,4612.57
TXN009592,5,1,0,1,2,2,73232.39,120742.97,42,10,0,4,6072.76
TXN009593,5,1,1,0,2,0,24088.41,55007.16,39,9,9,21,3484.75
TXN009594,4,0,1,0,0,0,12154.23,136079.45,63,11,21,11,818.79
TXN009595,2,0,1,0,2,1,50958.79,103762.35,31,4,1,44,4621.05
TXN009596,5,1,0,0,2,2,53930.15,32689.71,54,9,4,30,4178.78
TXN009597,0,0,1,0,0,0,67744.98,16435.11,28,8,16,28,2388.07
TXN009598,3,0,1,0,1,1,76034.21,61218.38,44,11,0,21,2671.66
TXN009599,0,0,0,0,1,0,69733.05,120160.98,43,13,13,47,3037.06
TXN009600,2,0,0,0,0,0,84618.51,96550.04,69,0,20,7,2088.86
TXN009601,0,0,1,0,1,2,22679.19,83797.8,52,10,5,36,3387.24
TXN009602,0,0,0,0,1,1,57191.79,10521.87,33,13,10,27,3224.93
TXN009603,1,0,1,0,0,2,36329.49,70970.1,69,6,6,20,2911.08
TXN009604,0,0,0,0,2,0,96230.18,32081.27,57,9,19,10,3551.67
TXN009605,4,0,1,1,0,1,44307.81,73639.44,37,11,19,10,2906.11
TXN009606,3,0,0,0,0,2,95991.54,148847.85,32,5,20,22,5510.51
TXN009607,1,0,0,0,0,1,77022.03,133135.44,31,9,21,41,4430.49
TXN009608,3,0,0,1,0,0,71987.15,53488.28,63,3,23,12,2128.63
TXN009609,3,0,0,1,0,1,49410.59,93091.04,25,10,8,42,4048.5
TXN009610,2,0,1,1,2,0,44616.12,80293.33,41,11,22,26,3238.36
TXN009611,2,0,0,0,1,2,52891.54,28206.58,50,10,2,22,2981.48
TXN009612,1,0,1,0,0,0,29716.49,148572.91,33,9,5,32,2407.37
TXN009613,5,1,0,1,2,0,90498.74,69524.52,44,9,8,25,4944.4
TXN009614,6,1,0,1,0,1,79535.9,80792.27,45,5,5,42,5353.87
TXN009615,2,0,1,1,2,1,80238.89,100663.9,61,9,9,35,4798.03
TXN009616,6,1,0,0,1,2,43598.78,36816.23,31,10,23,32,3838.27
TXN009617,2,0,0,0,2,1,7573.35,41111.72,26,8,7,37,3336.29
TXN009618,2,0,1,1,2,2,68466.19,36958.18,63,8,19,15,3869.29
TXN009619,3,0,0,0,1,0,37754.15,63825.18,30,11,15,9,1822.02
TXN009620,1,0,1,0,1,0,87107.82,37954.77,68,1,6,42,3591.64
TXN009621,3,0,0,1,2,1,78143.67,139695.44,39,13,22,47,5237.09
TXN009622,4,0,0,1,0,0,14960.15,110003.97,47,8,22,40,1995.38
TXN009623,3,0,0,1,0,0,60370.72,135696.98,49,12,23,43,3219.58
TXN009624,6,1,1,0,1,2,69375.29,128787.78,33,1,17,16,5757.45
TXN009625,6,1,0,0,0,1,57029.69,108441.27,68,5,17,42,3984.16
TXN009626,4,0,0,0,1,2,51647.2,43984.47,42,12,14,22,3609.59
TXN009627,0,0,0,0,2,0,23172.38,96144.64,66,6,21,0,2324.52
TXN009628,0,0,0,0,2,0,23972.73,36081.84,40,13,5,28,1638.18
TXN009629,4,0,0,1,0,0,76916.81,28546.65,54,8,4,24,2558.27
TXN009630,4,0,0,0,1,1,2359.63,98560.53,45,10,17,5,2941.08
TXN009631,3,0,0,0,0,0,78001.55,97447.58,20,12,7,9,2825.03
TXN009632,4,0,0,1,0,0,52916.47,31927.1,40,5,2,39,2107.56
TXN009633,1,0,0,1,2,2,93654.15,59339.88,50,12,15,13,5601.22
TXN009634,0,0,1,1,0,1,99733.49,19279.36,56,7,16,22,2859.72
TXN009635,0,0,0,1,2,0,66516.71,110202.64,42,9,16,18,5137.16
TXN009636,5,1,1,0,1,2,41519.59,148249.39,42,14,11,30,4493.24
TXN009637,4,0,1,0,0,0,47771.05,113586.86,56,11,22,38,1813.85
TXN009638,2,0,1,1,2,2,20819.44,128181.3,38,2,6,38,5623.07
TXN009639,2,0,0,0,0,0,10373.82,76688.05,48,9,21,37,927.06
TXN009640,4,0,1,1,1,1,58086.96,23381.77,66,5,21,18,3630.32
TXN009641,1,0,1,0,0,1,80646.76,111724.91,47,1,20,42,5003.23
TXN009642,2,0,1,0,0,2,26545.77,45912.83,56,14,5,0,1365.81
TXN009643,5,1,0,0,2,0,42255.45,64361.15,62,0,1,37,4218.21
TXN009644,6,1,1,1,1,1,55699.98,108433.89,62,11,4,12,3903.29
TXN009645,4,0,0,1,1,0,90835.83,136669.83,59,5,1,49,5206.97
TXN009646,1,0,1,0,1,1,14293.81,78074.87,69,11,2,33,2232.55
TXN009647,1,0,1,0,0,2,24069.88,144624.78,51,2,4,16,4101.41
TXN009648,3,0,0,1,2,1,91893.78,82786.49,55,10,16,31,4683.16
TXN009649,1,0,0,1,0,0,4433.79,27151.46,24,11,18,48,1423.16
TXN009650,2,0,1,0,0,0,65783.51,82580.72,44,4,9,33,2655.07
TXN009651,6,1,1,0,0,0,64132.83,130487.88,30,5,11,32,3964.18
TXN009652,2,0,1,1,1,2,38633.82,85326.32,46,12,21,43,4462.36
TXN009653,4,0,0,0,2,2,47082.39,114685.75,40,9,17,27,4289.06
TXN009654,6,1,0,1,1,0,85564.34,86714.07,25,5,18,43,5734.32
TXN009655,4,0,1,1,0,0,16915.72,86447.64,38,11,12,28,2320.47
TXN009656,1,0,1,0,0,1,23540.96,49866.53,30,9,7,36,1803.53
TXN009657,5,1,0,0,2,1,51478.87,38176.47,43,12,2,23,3953.3
TXN009658,0,0,0,0,1,1,41269.67,49048.63,60,6,22,47,3082.55
TXN009659,6,1,1,1,0,0,57650.06,71717.3,27,14,11,15,3116.48
TXN009660,3,0,0,1,0,1,92123.5,123342.62,46,6,3,12,5085.61
TXN009661,0,0,1,1,2,0,91751.65,126058.76,44,10,13,25,4683.37
TXN009662,1,0,0,0,0,2,23386.82,32872.89,21,5,6,6,3402.15
TXN009663,1,0,1,0,1,1,30563.39,87399.69,59,11,20,43,2578.01
TXN009664,0,0,1,1,1,0,16625.83,68243.88,48,0,12,13,2840.3
TXN009665,3,0,1,1,0,0,92815.14,89931,34,7,11,31,3871.08
TXN009666,6,1,0,0,0,2,40087.48,100667.27,25,9,14,40,4363.01
TXN009667,6,1,1,1,0,2,45245.66,49145.68,69,13,1,10,3016.53
TXN009668,0,0,1,0,2,2,80362.76,138693.93,54,3,21,31,5270.34
TXN009669,4,0,0,0,2,2,51540.86,140962.74,37,0,0,10,5456.35
TXN009670,2,0,1,1,1,1,12415.67,24750.08,64,9,5,19,2441.02
TXN009671,5,1,1,1,1,2,44065.95,108422.59,27,12,0,33,5028.34
TXN009672,4,0,1,1,0,0,63237.14,14652.49,68,1,18,46,2446.05
TXN009673,6,1,0,1,0,0,72061.3,16518.93,67,2,9,49,4015.28
TXN009674,2,0,0,1,0,0,64712.51,144091.99,61,5,22,21,3645.84
TXN009675,5,1,0,0,2,0,12358.48,107279.44,51,1,13,22,4376.76
TXN009676,5,1,0,1,2,0,30782.28,55435.83,56,1,1,28,4759.86
TXN009677,5,1,1,0,0,2,73489.68,103782.87,28,13,8,11,4866.96
TXN009678,1,0,0,1,0,0,88078.92,128416.91,64,5,2,38,4044.96
TXN009679,5,1,0,1,1,2,5195.05,131926.49,29,11,18,30,5214.85
TXN009680,3,0,0,1,2,2,4701.8,12872.77,27,3,13,28,4348.57
TXN009681,0,0,1,1,0,2,64518.75,124551.92,30,4,15,30,5370.96
TXN009682,6,1,1,1,2,2,55030.59,129448.38,51,10,6,11,6301.93
TXN009683,3,0,1,1,0,1,15956.24,93379.83,47,7,0,34,2060.2
TXN009684,0,0,0,0,0,1,55055.01,77186.54,32,2,4,41,3847.11
TXN009685,4,0,1,1,1,1,97461.49,25539.85,25,4,2,40,4491.09
TXN009686,4,0,1,1,1,1,63274.57,43545.94,55,0,16,26,5018.06
TXN009687,0,0,0,1,1,1,45189.55,78667.92,53,9,22,14,3498.58
TXN009688,3,0,1,1,0,0,82839.48,131111.16,57,3,13,29,4373.99
TXN009689,0,0,0,0,1,1,21675.84,122438.81,69,13,15,6,2300.44
TXN009690,5,1,0,0,0,0,41725.48,79430.14,39,13,6,35,3254.54
TXN009691,1,0,1,0,2,0,53012.91,119987.78,22,4,8,45,4492.92
TXN009692,6,1,0,0,2,2,50701.72,117202.67,49,13,6,23,5951.76
TXN009693,4,0,0,0,0,2,92136.76,91062.15,37,12,14,17,4399.75
TXN009694,6,1,0,0,1,2,29620.48,40845.56,40,3,19,23,4545.21
TXN009695,1,0,0,1,1,1,6122.12,58720.53,57,11,2,31,1821.42
TXN009696,5,1,0,1,2,0,91679.53,32969.04,63,13,21,11,4836.2
TXN009697,5,1,0,0,0,1,22098.23,11001.07,66,8,15,27,2624.73
TXN009698,4,0,1,1,0,2,38213.28,21273.56,69,7,21,10,3364.29
TXN009699,4,0,0,1,0,2,53323.72,116347.59,19,10,17,2,4495.26
TXN009700,5,1,0,1,2,0,97600.11,14688.06,36,11,6,36,5127.62
TXN009701,2,0,0,1,2,0,53759.21,65979.37,43,12,16,2,3782.08
TXN009702,6,1,0,1,1,2,45050.46,148009.25,53,1,17,28,6858.03
TXN009703,1,0,1,0,0,1,58572.03,121333.49,31,8,2,31,3011.67
TXN009704,6,1,1,0,0,1,97095.41,115086.46,24,1,21,37,5247.92
TXN009705,1,0,0,0,0,0,81885.49,48459.23,33,5,10,30,3033.5
TXN009706,2,0,1,0,0,2,17312.33,99842.23,27,1,22,0,4162.83
TXN009707,3,0,0,0,2,1,80424.37,79819.66,60,5,13,36,4713.09
TXN009708,1,0,0,0,1,0,84189.36,97335.42,39,5,16,20,3192.58
TXN009709,6,1,0,1,2,0,69224.06,71014.26,43,10,18,45,5049.52
TXN009710,0,0,0,0,1,0,65894.73,84334.83,22,6,21,40,3466.1
TXN009711,5,1,1,1,0,1,44367.26,148375.47,29,9,19,41,4700.16
TXN009712,5,1,1,1,0,0,64348.69,56103.8,41,12,4,19,2699.71
TXN009713,2,0,0,0,0,1,73888.71,40303.39,41,4,2,10,2841.26
TXN009714,1,0,0,0,0,0,12720.61,72789.22,32,11,15,9,799.43
TXN009715,3,0,1,0,0,1,26104.33,83404.87,41,2,23,2,2812.54
TXN009716,1,0,1,1,2,2,19811.15,21988.04,41,11,0,47,3374.11
TXN009717,5,1,0,0,1,1,84200.58,122836.08,59,14,10,13,4859.52
TXN009718,4,0,1,0,2,2,68160.26,69087.39,43,1,9,44,5959.52
TXN009719,0,0,0,0,0,0,45352.46,67846.16,51,12,6,44,2959.47
TXN009720,2,0,1,1,1,1,82692.55,102237.58,35,3,15,30,5180.51
TXN009721,4,0,1,0,1,0,71819.74,118254.21,60,12,1,34,2616.62
TXN009722,6,1,1,0,0,2,91402.51,148031.64,54,13,7,48,5804.14
TXN009723,3,0,1,1,1,0,8142.3,34292.76,23,11,14,8,2032.2
TXN009724,4,0,0,1,2,0,51161.16,58377.8,62,0,15,5,4453.91
TXN009725,6,1,0,1,2,0,70821.42,33556.02,42,10,2,28,4579.04
TXN009726,4,0,1,0,2,2,21145.57,133319.7,34,11,19,45,4176.63
TXN009727,3,0,0,0,2,2,33049.06,86789.05,33,1,1,21,5101.95
TXN009728,4,0,1,1,1,1,42188.14,129341.61,46,7,14,48,4532.36
TXN009729,2,0,1,0,2,1,79535.4,147931.54,18,4,13,45,6027.31
TXN009730,5,1,0,1,1,1,49610.83,87028.94,62,4,20,2,4968.42
TXN009731,1,0,0,1,0,1,49540.57,26541.25,59,2,8,1,2951.76
TXN009732,4,0,0,1,2,0,43373.32,60577.48,62,13,3,27,2951.73
TXN009733,2,0,1,1,0,2,23244.61,15066.5,37,10,22,36,2753.74
TXN009734,1,0,0,1,2,2,92345.62,128902.13,43,0,7,4,6363.68
TXN009735,6,1,0,0,0,0,32121.21,12504.17,38,5,9,8,2883.13
TXN009736,1,0,0,0,0,1,56962.83,92905.9,67,14,16,31,2380.75
TXN009737,6,1,0,0,0,2,15303.58,24858.66,67,14,5,16,2488.86
TXN009738,4,0,1,0,0,0,43707.22,11058.1,44,13,4,10,1096.33
TXN009739,2,0,1,1,0,0,90428.45,45861.06,53,11,9,37,3243.73
TXN009740,5,1,1,0,1,1,99548.79,87259.31,52,0,16,34,6219.72
TXN009741,4,0,1,1,1,1,36494.31,20512.31,33,3,15,46,4224.07
TXN009742,6,1,1,1,2,2,15822.06,96084.3,46,13,22,17,4250.43
TXN009743,3,0,1,0,1,2,31787.93,104078.91,24,3,16,35,4151.77
TXN009744,1,0,1,0,0,1,33060.56,145757.73,24,10,17,18,3199.87
TXN009745,4,0,0,1,1,2,64628.63,135935.19,51,2,19,24,6262.01
TXN009746,6,1,1,0,1,1,49867.59,89350.75,65,3,8,45,5012.31
TXN009747,1,0,1,0,0,0,76961.74,121071.07,22,13,10,39,3372.27
TXN009748,6,1,1,0,1,0,70279.68,60909.75,25,5,1,30,3363.01
TXN009749,2,0,1,0,0,0,25505.22,91999.71,25,5,13,22,2546.99
TXN009750,0,0,0,1,1,2,78533.44,66469.58,60,13,14,13,3864.72
TXN009751,4,0,1,1,0,1,84822.46,57185.85,46,10,0,26,3557.21
TXN009752,5,1,1,0,2,0,60039.82,111869.53,69,5,0,34,3493.75
TXN009753,4,0,0,1,1,0,92802.94,51533.88,27,5,8,12,3977.14
TXN009754,1,0,1,1,2,2,78403.34,63277.32,18,3,11,35,7321.15
TXN009755,2,0,1,0,0,2,59741.89,61404.02,55,10,16,23,3231.71
TXN009756,6,1,1,0,0,0,90663.52,131856.48,45,6,14,32,4399.66
TXN009757,3,0,1,1,2,2,60235.67,33856.63,24,6,3,48,4637.01
TXN009758,5,1,1,1,0,2,52358.52,63406.61,34,1,4,6,5178.29
TXN009759,2,0,1,1,0,2,35947.7,134301.77,65,11,13,8,4124.27
TXN009760,4,0,1,0,0,2,88344.9,12142.62,63,5,5,49,3562.85
TXN009761,3,0,0,1,0,1,12711.35,142701.38,41,4,5,20,2847.1
TXN009762,2,0,0,1,0,2,47613.52,135846.06,52,9,18,31,5351.38
TXN009763,0,0,1,0,0,2,53972.63,68498.74,26,0,22,1,3498.85
TXN009764,5,1,0,1,0,1,55697.54,101423.54,59,13,23,43,3798.69
TXN009765,1,0,1,0,0,2,65363.04,148749.33,20,2,0,24,4540.61
TXN009766,2,0,0,0,2,2,50826.66,87692.77,61,8,8,0,4141.41
TXN009767,2,0,1,1,1,0,26053.41,23565.82,21,12,21,10,2091.27
TXN009768,0,0,0,0,0,0,85765.97,129509.74,49,10,0,15,2941
TXN009769,4,0,1,0,2,0,65923.77,28781.23,61,8,3,22,2566.42
TXN009770,6,1,0,1,0,1,85889.69,46018.03,30,9,15,14,5777.55
TXN009771,6,1,0,0,1,2,27966.33,132292.15,41,8,4,26,4693.29
TXN009772,5,1,1,1,0,1,63887.16,45844.09,24,10,15,15,4611.89
TXN009773,5,1,1,0,2,1,71560.29,114312.03,36,9,21,45,4349.73
TXN009774,1,0,0,0,2,2,38648.81,72674.32,44,4,13,32,5212.22
TXN009775,2,0,0,1,1,2,81318.29,116364.85,67,5,8,38,6923.35
TXN009776,3,0,1,1,0,0,749.62,42529.31,44,8,13,7,805.38
TXN009777,2,0,0,1,2,2,59694.52,68739.17,35,3,15,47,6873.88
TXN009778,6,1,1,0,1,1,61550.06,54542.59,47,10,5,0,2908.34
TXN009779,1,0,0,1,1,0,53617.39,44866.17,45,3,16,18,4362.28
TXN009780,2,0,0,0,0,1,63189.82,54020.18,46,11,0,25,2009.77
TXN009781,0,0,1,1,2,2,17139.07,55218.91,26,8,17,36,4133.75
TXN009782,6,1,1,0,0,0,68635.76,143752.95,56,11,10,46,3596.03
TXN009783,2,0,1,1,0,2,33911,84652.25,56,6,10,2,3697.49
TXN009784,2,0,0,0,0,0,45479.35,74687.31,38,5,11,23,2540.65
TXN009785,6,1,0,1,2,0,33644.38,80464.6,62,9,1,21,3621.59
TXN009786,3,0,0,0,1,0,47656.65,149458.34,55,5,15,0,3579.17
TXN009787,6,1,1,0,0,2,62346.14,101502.47,24,12,21,38,4532.79
TXN009788,0,0,0,0,0,0,83915.18,108488.13,62,14,9,8,2560.67
TXN009789,0,0,0,0,2,0,48601.79,53907.06,42,4,20,32,3094.2
TXN009790,2,0,1,1,0,2,32660.77,76015.28,43,11,13,22,3689.71
TXN009791,5,1,0,0,1,1,49050.22,35769.15,69,10,6,33,3649.02
TXN009792,3,0,0,1,0,2,69035.96,105926.52,23,3,7,48,5956.51
TXN009793,2,0,1,0,1,2,34996.72,58229.23,66,2,9,48,3996.55
TXN009794,6,1,1,1,0,0,41721.07,114760.37,37,13,9,34,3189.87
TXN009795,2,0,1,0,0,2,56502.56,39842.58,35,6,9,48,3763.06
TXN009796,1,0,1,0,0,2,29753.92,66490.42,37,4,13,9,3143.95
TXN009797,1,0,1,1,1,2,21303.92,75965.81,57,1,18,31,3539.24
TXN009798,5,1,1,1,0,0,14469.03,33313.55,35,2,8,1,3042.24
TXN009799,3,0,1,0,0,2,35584.69,19742.75,64,4,16,6,2633.05
TXN009800,4,0,1,1,0,0,5310.12,54389.48,18,8,18,23,1672
TXN009801,1,0,1,1,1,2,58556.51,86284.9,50,11,1,2,3978.89
TXN009802,4,0,0,1,0,0,18002.98,101375.05,56,5,14,11,2301.86
TXN009803,0,0,1,0,2,0,38050.78,69537.99,65,14,5,38,2565.16
TXN009804,1,0,1,1,1,2,27287.67,80038.87,40,10,15,41,4693.83
TXN009805,1,0,0,0,2,1,63223.8,86047.02,69,1,16,35,4360.1
TXN009806,3,0,1,1,0,2,85109.39,81667.51,31,7,23,26,4250.91
TXN009807,5,1,0,1,1,1,63513.45,22646,45,11,9,0,4491.77
TXN009808,4,0,0,0,1,0,54479.24,66700.14,38,13,11,45,2880.27
TXN009809,6,1,1,1,0,1,67073.83,38606.4,61,5,11,35,4355.49
TXN009810,1,0,0,1,2,1,3484.07,84723.04,54,5,18,31,4082.79
TXN009811,1,0,1,1,1,0,12723.04,116130.68,24,12,5,26,1782.03
TXN009812,3,0,1,1,1,1,9945.26,91128.08,29,13,1,43,2236.47
TXN009813,3,0,0,1,1,2,10270.62,41055.06,68,7,20,30,3115.18
TXN009814,5,1,0,1,1,1,26418.13,39085.96,54,14,17,32,3859.36
TXN009815,4,0,0,1,1,0,53439.2,15179.74,56,6,6,45,2189.02
TXN009816,0,0,1,0,0,1,11910.82,69693.32,45,14,4,31,1327.59
TXN009817,6,1,1,0,1,0,93544.07,70600.62,24,12,23,3,3151.21
TXN009818,5,1,0,0,2,0,85498.55,43101.09,62,14,21,24,3796.47
TXN009819,0,0,1,0,1,2,97178.61,116996.19,69,4,7,38,5781.78
TXN009820,2,0,1,0,0,0,4728.75,64108.14,34,10,11,28,1749.9
TXN009821,1,0,0,1,0,1,85214.54,103716.2,54,13,22,8,3071.96
TXN009822,4,0,0,0,2,2,80471.54,99609.85,31,8,0,13,4636.93
TXN009823,5,1,0,0,1,2,90259.53,94663.66,60,0,14,49,6841.32
TXN009824,1,0,0,1,2,1,53030.44,137129.26,69,12,12,4,5185.94
TXN009825,4,0,0,0,2,1,78894.96,12224.62,68,3,9,16,4270.04
TXN009826,4,0,0,1,2,2,5603.04,19525.22,21,14,17,31,3704.5
TXN009827,4,0,0,1,2,0,8049.84,111099.69,39,9,17,5,3676.76
TXN009828,1,0,0,0,1,2,12293.96,59493.63,66,11,6,4,2401.89
TXN009829,5,1,0,0,0,2,91521.49,148113.14,34,10,14,28,6599.38
TXN009830,6,1,0,1,0,2,6586.35,40297.78,52,8,4,27,4318.73
TXN009831,3,0,1,1,1,0,10464.88,35678.67,63,1,4,9,1864.85
TXN009832,1,0,1,0,2,1,93075.84,92351.06,49,12,0,22,3115.2
TXN009833,4,0,0,1,1,1,11185.56,49119.54,55,12,5,48,2798.17
TXN009834,5,1,1,0,2,1,87040.75,57669.02,48,2,15,18,6170.22
TXN009835,6,1,1,0,2,0,79032.44,138943.41,42,2,7,3,5492.51
TXN009836,2,0,1,0,1,0,4508.06,13673.97,27,5,3,45,751.55
TXN009837,0,0,1,0,1,1,2673.82,84376.32,66,14,12,31,2335.35
TXN009838,4,0,1,1,2,1,53671.64,56885.92,19,2,18,19,5120.45
TXN009839,2,0,1,1,2,1,99718.95,58438.88,44,2,9,45,6283.61
TXN009840,3,0,0,0,2,1,87943.6,44693.23,29,4,16,27,5438.98
TXN009841,6,1,0,0,2,0,31347.53,28879.01,33,12,19,35,2813.73
TXN009842,6,1,1,1,1,1,38937.77,14827.43,33,2,17,22,4755.45
TXN009843,4,0,1,1,0,2,39096.65,148277.37,20,4,4,2,4386.49
TXN009844,6,1,0,1,0,1,73550.79,102451.24,42,2,11,23,5267.87
TXN009845,2,0,1,1,2,0,34442.71,118808.74,35,1,0,1,3205.38
TXN009846,4,0,1,1,0,2,15205.81,19100.32,56,7,20,17,2702.23
TXN009847,1,0,1,0,0,2,74837.19,12077.24,59,2,0,48,3063.86
TXN009848,5,1,1,0,0,2,46072.55,94040.42,57,5,2,31,4692.09
TXN009849,2,0,1,0,0,0,8139.48,111336.39,49,10,6,47,1921.94
TXN009850,5,1,0,0,0,1,79110.2,65281.28,67,1,20,45,4884.6
TXN009851,1,0,0,1,0,0,58738.47,64285.72,66,0,10,47,4259.65
TXN009852,1,0,1,1,2,0,49192.25,63827.13,20,7,19,47,3417.09
TXN009853,5,1,0,0,2,2,67497.65,31385.82,25,11,20,29,5586.43
TXN009854,2,0,1,0,2,2,50784.08,115547.89,69,2,14,37,5500.85
TXN009855,5,1,1,1,1,0,65017.8,40126.98,22,1,2,26,3752.26
TXN009856,5,1,1,0,0,2,86815.11,55417.47,37,1,7,37,5197.44
TXN009857,0,0,1,0,0,0,61544.68,103976.36,61,4,2,37,2347.16
TXN009858,2,0,1,1,1,2,66130.25,10014.66,42,5,21,13,3952.8
TXN009859,0,0,1,1,0,1,61578.68,117276.01,23,10,22,0,3357.9
TXN009860,4,0,1,1,2,1,53352.39,135873.26,45,13,12,0,4188.01
TXN009861,6,1,1,0,2,1,17611.25,17226.43,40,1,1,49,4221.15
TXN009862,5,1,1,1,1,2,33899.93,92827.33,41,5,22,39,4692.52
TXN009863,4,0,0,1,2,2,69464.34,67184.26,27,0,2,7,5379.13
TXN009864,2,0,1,0,1,1,42834.87,20984.87,27,8,18,16,2159.54
TXN009865,5,1,0,1,2,0,40909.84,105512.34,50,3,14,0,4759.16
TXN009866,6,1,0,0,0,0,76047.29,95724.61,26,12,20,13,3082.83
TXN009867,4,0,1,0,2,1,1054.1,99972.45,35,13,14,42,3602.69
TXN009868,3,0,0,0,1,2,68059.95,123889.35,20,12,19,43,4761.67
TXN009869,1,0,1,0,0,0,49178.04,50168.66,50,4,6,12,1756.62
TXN009870,5,1,1,1,1,0,37987.88,104789.53,27,2,2,29,3762.74
TXN009871,6,1,1,0,0,0,34383.39,114064.48,44,5,16,12,2840.63
TXN009872,1,0,1,1,0,2,17701.11,33634.1,52,0,1,2,3025.91
TXN009873,0,0,0,1,2,0,33758.08,143989.36,35,6,15,21,4822.25
TXN009874,4,0,0,1,2,0,39446.14,57597.35,24,7,10,34,4378.56
TXN009875,0,0,1,1,0,1,44026.17,109919.15,24,2,8,13,3730.66
TXN009876,6,1,0,1,2,2,67393.91,115562.82,39,1,10,39,7434.16
TXN009877,5,1,0,0,2,1,45630.32,80564.33,27,11,23,44,4730.3
TXN009878,1,0,0,1,1,0,79730.29,28020.42,44,13,22,21,2695.14
TXN009879,1,0,1,0,2,2,64153.93,48592.81,62,3,4,32,4484.82
TXN009880,4,0,0,0,0,2,19364.91,42794.57,21,7,12,11,3291.29
TXN009881,5,1,0,0,2,1,28078.73,82609.93,29,10,18,23,4746.33
TXN009882,3,0,0,1,0,1,8385.29,46577.64,20,7,12,4,2434.03
TXN009883,3,0,1,1,0,2,94599.31,86547.87,65,13,1,8,3700.98
TXN009884,4,0,0,1,1,2,88711.77,50348.95,60,11,21,1,4354.78
TXN009885,5,1,0,1,0,1,8937.22,10137.08,20,10,1,30,2187.62
TXN009886,4,0,1,0,0,0,57620.56,60855.94,42,12,7,45,2025.84
TXN009887,5,1,0,1,1,2,96059.98,94959.12,43,7,4,28,6425.15
TXN009888,6,1,1,1,0,0,74840.71,118317.55,57,1,10,28,4887.91
TXN009889,6,1,1,0,1,1,49435.31,13971.02,24,12,1,35,3133.21
TXN009890,0,0,1,0,0,2,24489.75,46163.82,63,3,5,29,2833.87
TXN009891,4,0,1,0,2,1,28264.19,147964.7,51,9,21,21,3165.12
TXN009892,5,1,1,0,1,2,73755.68,46654.15,27,14,23,20,4128.16
TXN009893,3,0,1,0,1,2,78167.24,118807.67,20,0,11,40,6101.92
TXN009894,5,1,0,0,0,1,53104.99,81312.31,45,10,5,48,3635.73
TXN009895,6,1,1,0,1,1,12534.4,27104.36,28,6,15,11,2681.47
TXN009896,5,1,0,1,0,0,93419.9,100076.02,68,14,18,6,3910.75
TXN009897,4,0,0,1,1,1,84553.89,145287.72,49,9,23,24,4310.07
TXN009898,0,0,1,0,1,1,14483.61,134156.06,25,5,17,7,2899.05
TXN009899,0,0,0,0,2,0,6144.39,106640.99,37,10,8,32,2245.97
TXN009900,0,0,0,1,0,1,53818.83,81700.76,22,6,21,15,3253.59
TXN009901,0,0,0,0,2,0,28772.19,54706.62,58,9,16,39,2440.96
TXN009902,6,1,1,0,1,0,28683.35,59975.33,30,11,19,44,3113.23
TXN009903,2,0,0,0,0,1,9178.55,58468.94,28,4,16,44,2975.59
TXN009904,4,0,0,0,2,0,95361.89,139091.48,51,5,2,9,4927.42
TXN009905,1,0,1,0,1,0,83101.56,39583.74,61,11,14,11,2113.55
TXN009906,4,0,0,1,2,0,11826.54,62924.18,20,5,9,21,2726.36
TXN009907,2,0,0,0,1,1,87721.58,70474.85,32,5,21,6,3855.24
TXN009908,0,0,0,0,1,1,68454.13,67246.14,50,8,18,44,4312.6
TXN009909,2,0,1,0,0,0,32881.39,10587.75,60,13,4,20,100
TXN009910,3,0,0,1,0,1,87189.43,47936.3,27,3,23,39,4289.42
TXN009911,3,0,0,1,0,2,60003.21,79799.6,20,1,23,37,4897.2
TXN009912,6,1,1,0,1,0,84942.65,116469.06,63,8,12,21,4582.5
TXN009913,4,0,1,0,2,2,47192.16,89726.36,65,9,3,8,4078.26
TXN009914,4,0,1,0,0,1,50314.78,63880.68,58,6,13,19,2050.45
TXN009915,1,0,0,0,0,2,29455.5,103119.72,31,4,20,12,2718.23
TXN009916,6,1,1,1,0,1,39075.42,103225.05,50,5,19,23,4460.71
TXN009917,1,0,1,1,0,1,56991.33,44709.46,50,10,6,29,2811.86
TXN009918,3,0,1,0,1,0,94732.39,24528.38,53,6,5,40,3247.14
TXN009919,0,0,0,0,2,2,60211.72,122445.69,40,4,10,49,5966.48
TXN009920,2,0,1,1,1,0,15164.13,84169.53,18,4,10,17,3303.31
TXN009921,1,0,1,1,1,2,1196.12,34713.47,44,5,17,24,3291.94
TXN009922,5,1,1,0,1,1,85173.29,46689.95,68,7,6,19,3852.55
TXN009923,1,0,1,0,0,1,36750.38,117299.43,49,12,18,10,2119.37
TXN009924,0,0,1,0,2,0,31839.11,101458.13,38,1,23,39,3108.98
TXN009925,0,0,0,1,1,2,80172.75,142323.32,61,14,2,33,5371.18
TXN009926,4,0,0,1,1,2,94563.75,75092.64,37,10,8,22,5543.55
TXN009927,2,0,1,1,1,1,74930.49,17306.13,44,9,13,25,3327.91
TXN009928,0,0,1,1,0,0,17797.81,108059.2,53,8,16,22,2872.43
TXN009929,6,1,1,0,0,1,39442.14,45687.51,58,13,21,48,2525.26
TXN009930,1,0,0,1,1,1,76060.16,55339.64,49,9,22,41,4619
TXN009931,1,0,0,1,0,0,90739.12,37530.76,56,4,2,46,2933.09
TXN009932,3,0,0,1,2,2,99860.71,53250.96,46,3,5,32,6303.28
TXN009933,0,0,0,0,0,2,51400.31,126127.27,63,7,10,24,4295.63
TXN009934,5,1,1,1,1,1,82341.22,90739.86,40,3,12,33,6307.39
TXN009935,4,0,1,1,2,2,5139.85,25281.52,52,1,13,25,3445.63
TXN009936,2,0,1,1,0,0,28939.56,92124.51,32,4,2,38,1796.94
TXN009937,5,1,1,0,1,2,37465.58,98698.87,60,4,8,4,4411.76
TXN009938,4,0,0,1,2,2,97564.62,133875.32,27,3,5,28,7533.78
TXN009939,1,0,1,0,2,1,837.67,130350.36,69,2,10,29,3371.12
TXN009940,5,1,0,0,2,2,31148.06,18802.52,32,10,7,44,4655.2
TXN009941,4,0,0,1,0,0,93076.02,131337.73,42,4,19,26,4570.64
TXN009942,1,0,1,0,2,1,31014.48,17123.86,34,8,7,36,2615.2
TXN009943,1,0,0,1,0,0,22894.14,31577.08,68,8,20,24,2059.33
TXN009944,1,0,0,0,1,2,73143.81,25617,48,8,14,42,4081.02
TXN009945,1,0,1,0,0,2,74661.22,35437.61,28,5,14,9,3011.55
TXN009946,6,1,0,1,0,1,47481.7,122456.68,37,7,7,43,4756.26
TXN009947,1,0,0,1,1,0,94718.29,106056.71,48,0,12,33,5071.51
TXN009948,3,0,1,0,0,2,20669.35,106174.74,33,14,14,11,2784.59
TXN009949,5,1,0,0,0,2,91384.88,139097.87,53,0,15,28,6713.69
TXN009950,4,0,0,0,1,1,75673.05,64859.14,56,6,1,38,3831.77
TXN009951,3,0,1,0,2,2,37136.73,10460.24,28,11,2,18,3719.11
TXN009952,6,1,0,1,1,2,80787.41,99567.58,37,4,15,18,6867.77
TXN009953,3,0,1,0,2,2,13753.62,131530.41,43,1,9,28,5253.18
TXN009954,0,0,0,0,0,0,13532.76,146676.43,66,3,19,1,1924.42
TXN009955,0,0,0,1,1,0,93028.75,60944.98,68,3,0,25,3795.85
TXN009956,0,0,1,0,2,0,9930.66,125101.31,43,5,4,44,2800.18
TXN009957,2,0,1,1,0,2,905.92,128891.88,59,7,2,36,3157.31
TXN009958,0,0,0,1,0,1,39208.53,30221.3,64,12,6,47,2642.92
TXN009959,4,0,1,1,0,1,10833.17,98409.8,23,2,17,33,3909.32
TXN009960,3,0,0,0,2,1,86372.13,34239.61,62,11,13,29,4033.31
TXN009961,4,0,1,1,2,0,92308,72528.31,52,11,13,11,4053.81
TXN009962,5,1,0,1,2,0,48501.42,133097.37,25,13,13,19,5221.4
TXN009963,0,0,0,1,0,0,42834.42,120525.4,24,6,0,32,3393.38
TXN009964,6,1,0,0,2,0,54134.41,89847.52,54,14,17,8,3012.95
TXN009965,2,0,0,0,1,2,23006.37,123219.28,67,1,2,1,3949.88
TXN009966,5,1,0,0,2,1,30147.6,31395.85,33,8,20,27,3364.47
TXN009967,6,1,1,0,2,1,10547.23,37288.71,26,11,21,33,3592.52
TXN009968,2,0,1,1,0,0,44921.78,39241.07,28,6,23,20,2061.34
TXN009969,5,1,0,1,1,1,61363.32,118641.9,38,14,12,18,5684.32
TXN009970,3,0,0,1,1,1,93057.26,134735.17,68,0,19,13,5047.56
TXN009971,4,0,1,0,1,0,74037.78,88797.08,63,12,14,16,2551.17
TXN009972,1,0,1,1,2,0,72444.84,144116.03,24,3,19,4,5353.2
TXN009973,4,0,1,0,0,0,31145.9,111924.24,29,1,17,20,3208.81
TXN009974,0,0,1,0,2,0,88885.18,88915.74,68,9,2,21,3317.04
TXN009975,6,1,1,0,0,2,94722.09,95622.67,57,4,18,39,5399.62
TXN009976,1,0,0,1,1,1,93260.16,128934.78,38,8,14,19,5496.58
TXN009977,2,0,0,1,2,2,4360.9,22625.3,22,2,17,27,4161.61
TXN009978,3,0,1,0,0,1,60632.89,33522.45,23,4,0,31,3072.99
TXN009979,3,0,1,1,2,2,64500.9,47281.3,60,10,17,44,5138.35
TXN009980,2,0,1,0,0,0,29858.98,135268.62,43,9,4,18,1788.15
TXN009981,0,0,1,1,1,2,99245.01,142292.3,46,1,23,27,6450.4
TXN009982,2,0,1,0,2,0,29473.15,59863.88,20,14,20,22,1923.92
TXN009983,5,1,1,0,1,0,22052.86,139340.01,28,3,11,32,4008.92
TXN009984,6,1,1,0,2,2,48672.49,86558.69,40,1,18,17,5446.87
TXN009985,6,1,1,1,2,1,32653.16,76258.32,42,7,22,34,4280.48
TXN009986,0,0,1,1,0,2,92440.93,126587.05,29,6,19,45,5901.96
TXN009987,1,0,0,1,0,0,44287.63,86451.68,18,6,22,36,3469.28
TXN009988,2,0,1,1,0,0,41309.88,73627.52,21,6,23,41,2342.91
TXN009989,0,0,1,1,1,1,62773.28,12234.89,69,8,18,35,2900.68
TXN009990,6,1,0,0,1,1,8570.91,11805.67,18,1,0,43,3620.46
TXN009991,1,0,0,1,2,1,75794.93,97862.8,23,5,23,18,5271.14
TXN009992,2,0,0,0,0,0,76955.68,20278.37,51,14,21,25,563.99
TXN009993,3,0,1,1,1,2,47665.57,113172.34,44,11,2,35,4032.93
TXN009994,2,0,1,1,2,1,95591.95,97127.8,62,12,0,42,4690.54
TXN009995,4,0,1,1,1,0,58144.24,74082.13,33,13,23,25,2162.81
TXN009996,2,0,1,0,2,2,69676.03,109372.51,28,3,16,6,5567.72
TXN009997,4,0,0,1,0,1,92472.32,149029.99,31,12,8,22,4512.05
TXN009998,1,0,1,0,2,2,66801.36,44489.95,55,11,4,4,3506.35
TXN009999,2,0,1,1,2,2,43466.69,87987.8,65,9,4,22,4044.45
TXN010000,1,0,0,0,0,0,2964.73,127999.83,66,10,10,35,1216.62
